Name,Team,G,AB,PA,H,1B,2B,3B,HR,R,RBI,BB,IBB,SO,HBP,SF,SH,GDP,SB,CS,AVG,NameASCII,PlayerId,MLBAMID
"Luis Arraez","- - -",840,3244,3533,1028,805,169,18,36,436,308,230,18,215,20,24,15,67,31,17,0.316892725,"Luis Arraez",18568,650333
"Freddie Freeman","- - -",991,3758,4352,1156,703,262,13,178,694,638,511,73,722,54,29,0,80,67,14,0.307610431,"Freddie Freeman",5361,518692
"Michael Brantley","HOU",394,1511,1666,461,313,100,6,42,215,192,134,6,179,13,7,1,38,7,3,0.305095962,"Michael Brantley",4106,488726
"Aaron Judge","NYY",851,3066,3731,921,477,155,4,285,658,639,605,90,967,30,23,0,89,50,13,0.300391389,"Aaron Judge",15640,592450
"Trea Turner","- - -",906,3734,4051,1120,734,216,28,142,634,482,266,8,745,31,18,0,75,191,28,0.299946438,"Trea Turner",16252,607208
"Xavier Edwards","MIA",239,904,1006,269,220,35,10,4,126,72,85,3,154,4,7,6,7,63,11,0.297566371,"Xavier Edwards",22266,669364
"Yordan Alvarez","HOU",677,2455,2867,728,396,156,6,170,429,493,346,42,566,40,26,0,60,9,2,0.296537678,"Yordan Alvarez",19556,670541
"Bo Bichette","TOR",748,3075,3292,904,595,190,8,111,438,437,187,4,639,17,13,0,78,60,21,0.293983739,"Bo Bichette",19612,666182
"Yandy Díaz","TBR",816,3030,3456,882,608,171,4,99,431,396,377,12,504,29,20,0,76,9,8,0.291089108,"Yandy Diaz",16578,650490
"Bobby Witt Jr.","KCR",626,2491,2722,722,432,151,34,105,403,373,176,20,487,26,28,1,34,148,43,0.289843436,"Bobby Witt Jr.",25764,677951
"Donovan Solano","- - -",617,1833,2017,531,389,104,4,34,190,201,134,4,412,36,13,1,42,4,2,0.289689034,"Donovan Solano",8623,456781
"Xander Bogaerts","- - -",907,3418,3837,990,655,208,4,123,516,452,348,11,677,29,41,1,87,77,12,0.289643066,"Xander Bogaerts",12161,593428
"Ketel Marte","ARI",828,3135,3544,905,534,198,24,149,510,460,346,23,566,35,28,0,66,37,8,0.288676236,"Ketel Marte",13613,606466
"Ronald Acuña Jr.","ATL",706,2723,3179,786,486,131,9,160,577,395,394,19,698,47,12,0,43,189,45,0.288652221,"Ronald Acuna Jr.",18401,660670
"Vladimir Guerrero Jr.","TOR",975,3734,4220,1077,677,211,6,183,571,591,430,39,645,36,20,0,125,26,13,0.288430637,"Vladimir Guerrero Jr.",19611,665489
"Tim Anderson","- - -",593,2375,2496,685,519,109,5,52,346,200,97,2,552,17,6,1,53,71,21,0.288421052,"Tim Anderson",15172,641313
"Jose Iglesias","- - -",637,2144,2292,618,457,122,6,33,259,240,97,4,313,36,10,5,50,24,14,0.288246268,"Jose Iglesias",10231,578428
"Harold Ramírez","- - -",536,1811,1933,517,381,91,7,38,221,247,79,3,350,27,15,0,32,19,13,0.285477636,"Harold Ramirez",14387,623912
"Jose Altuve","HOU",857,3396,3786,969,621,183,7,158,591,425,336,12,598,34,17,3,90,77,27,0.285335689,"Jose Altuve",5417,514888
"Starling Marte","- - -",709,2643,2907,751,524,130,19,78,419,329,171,6,549,71,13,9,67,147,29,0.284146802,"Starling Marte",9241,516782
"Corey Seager","- - -",776,2979,3359,842,485,184,6,167,482,488,327,42,575,29,24,0,68,12,3,0.282645182,"Corey Seager",13624,608369
"Brendan Donovan","STL",492,1765,2006,498,356,97,5,40,241,202,182,6,271,43,12,4,20,15,12,0.282152974,"Brendan Donovan",24679,680977
"Nico Hoerner","CHC",704,2616,2873,738,559,128,15,36,378,278,192,10,315,45,18,1,44,131,26,0.282110091,"Nico Hoerner",21479,663538
"Masataka Yoshida","BOS",303,1103,1206,311,214,65,3,29,132,154,71,0,157,24,8,0,29,13,0,0.281958295,"Masataka Yoshida",31837,807799
"Wander Franco","TBR",265,1037,1143,292,187,61,14,30,164,130,92,4,139,5,9,0,25,40,11,0.281581485,"Wander Franco",23667,677551
"Steven Kwan","CLE",583,2306,2589,649,489,106,18,36,346,206,240,6,246,18,17,8,26,73,18,0.281439722,"Steven Kwan",24610,680757
"Mookie Betts","- - -",887,3477,4013,978,572,205,20,181,688,523,462,16,561,36,38,0,56,86,19,0.281276962,"Mookie Betts",13611,605141
"Gabriel Moreno","- - -",316,992,1113,279,204,50,3,22,126,142,103,4,188,6,12,0,35,11,5,0.28125,"Gabriel Moreno",22664,672515
"Shohei Ohtani","- - -",919,3404,3962,957,485,171,43,258,649,608,504,86,1002,23,19,0,47,155,39,0.281139835,"Shohei Ohtani",19755,660271
"Bryce Harper","PHI",858,3129,3708,879,476,218,6,179,544,530,520,67,820,29,26,4,73,77,21,0.280920421,"Bryce Harper",11579,547180
"Hanser Alberto","- - -",399,1222,1285,343,244,70,7,22,146,128,32,1,144,12,8,11,24,10,6,0.280687397,"Hanser Alberto",11902,593643
"Juan Soto","- - -",980,3443,4309,965,554,174,15,222,698,627,817,70,734,19,26,2,92,90,25,0.280278826,"Juan Soto",20123,665742
"Jeff McNeil","NYM",860,3020,3373,846,575,182,12,77,397,348,247,10,406,80,20,6,40,30,9,0.28013245,"Jeff McNeil",15362,643446
"Charlie Blackmon","COL",704,2653,2952,743,479,149,28,87,395,376,227,12,489,47,21,4,43,21,10,0.280060309,"Charlie Blackmon",7859,453568
"Jackson Merrill","SDP",271,994,1076,278,170,56,12,40,136,157,62,2,209,5,10,5,6,17,5,0.279678068,"Jackson Merrill",29490,701538
"Rafael Devers","- - -",964,3737,4214,1044,578,250,12,204,622,651,414,59,908,40,22,1,87,25,16,0.279368477,"Rafael Devers",17350,646240
"Gio Urshela","- - -",684,2341,2529,654,450,131,8,65,266,313,150,4,465,11,25,2,84,7,4,0.279367791,"Gio Urshela",10681,570482
"Alec Bohm","PHI",719,2702,2949,753,532,143,8,70,338,395,189,4,519,24,34,0,91,18,7,0.278682457,"Alec Bohm",21618,664761
"Yainer Diaz","HOU",401,1490,1572,415,275,77,4,59,177,215,56,3,278,9,17,0,47,3,1,0.278523489,"Yainer Diaz",23003,673237
"Harold Castro","- - -",444,1396,1475,388,304,61,7,16,132,156,54,1,314,2,13,10,24,6,4,0.277936962,"Harold Castro",14691,605612
"Amed Rosario","- - -",805,2969,3142,825,597,138,34,56,377,328,136,2,592,19,16,2,80,79,22,0.277871337,"Amed Rosario",15518,642708
"DJ LeMahieu","NYY",718,2687,3023,746,546,115,8,77,395,314,297,4,471,16,20,3,76,18,10,0.277633048,"DJ LeMahieu",9874,518934
"Paul Goldschmidt","- - -",982,3633,4118,1008,630,210,5,163,571,522,431,18,920,21,20,0,75,50,4,0.277456647,"Paul Goldschmidt",9218,502671
"David Fletcher","- - -",459,1742,1882,482,379,80,8,15,215,145,120,4,175,4,5,11,30,26,7,0.276693455,"David Fletcher",17992,664058
"Fernando Tatis Jr.","SDP",671,2603,2939,720,420,136,12,152,476,393,293,15,690,28,14,1,46,124,27,0.276603918,"Fernando Tatis Jr.",19709,665487
"Kyle Tucker","- - -",741,2677,3086,739,415,158,19,147,446,486,357,31,485,11,23,1,48,118,15,0.276055285,"Kyle Tucker",18345,663656
"José Ramírez","CLE",968,3678,4163,1015,559,234,24,198,618,641,417,89,515,28,38,0,54,194,38,0.275965198,"Jose Ramirez",13510,608070
"Manny Machado","SDP",968,3704,4121,1019,634,185,6,194,560,631,367,38,764,15,35,0,116,60,17,0.275107991,"Manny Machado",11493,592518
"Justin Turner","- - -",821,2817,3224,773,511,153,1,108,413,427,307,4,543,63,37,0,67,15,3,0.274405395,"Justin Turner",5235,457759
"Julio Rodríguez","SEA",590,2384,2597,654,423,110,9,112,368,341,169,16,628,37,7,0,46,116,28,0.274328859,"Julio Rodriguez",23697,677594
"Carlos Correa","- - -",782,2928,3303,803,516,161,7,119,416,411,331,13,666,20,23,0,100,1,1,0.274248633,"Carlos Correa",14162,621043
"Starlin Castro","- - -",265,1011,1085,277,191,54,5,27,102,128,57,3,186,3,13,0,29,2,3,0.273986152,"Starlin Castro",4579,516770
"Joey Meneses","WSN",286,1114,1210,305,214,61,1,29,123,165,74,3,245,11,11,0,37,3,0,0.27378815,"Joey Meneses",14366,608841
"Lourdes Gurriel Jr.","- - -",810,3039,3292,832,529,174,11,118,383,456,190,4,599,31,29,2,77,35,17,0.273774267,"Lourdes Gurriel Jr.",19238,666971
"Michael Harris II","ATL",522,1970,2091,539,351,100,15,73,264,255,85,3,430,17,13,6,28,70,18,0.27360406,"Michael Harris II",25931,671739
"Raimel Tapia","- - -",514,1656,1788,453,333,81,13,26,224,176,108,2,329,4,9,6,27,55,15,0.273550724,"Raimel Tapia",14350,606132
"Nolan Arenado","- - -",911,3459,3819,946,587,183,9,167,468,568,292,36,523,25,42,0,102,18,10,0.273489447,"Nolan Arenado",9777,571448
"Victor Reyes","DET",294,1002,1061,274,193,52,14,15,112,95,44,0,241,6,7,2,18,24,8,0.273453093,"Victor Reyes",15487,622682
"Christian Yelich","MIL",826,3056,3564,835,536,147,14,138,546,448,466,44,834,28,11,2,50,127,20,0.273232984,"Christian Yelich",11477,592885
"William Contreras","- - -",599,2208,2520,602,390,122,5,85,344,315,283,13,547,14,14,1,64,23,7,0.272644927,"William Contreras",20503,661388
"Corey Dickerson","- - -",386,1215,1303,331,213,75,10,33,141,158,75,7,235,5,7,0,24,8,7,0.272427983,"Corey Dickerson",10762,572816
"Whit Merrifield","- - -",763,2937,3197,800,563,159,17,61,420,318,206,8,500,19,31,4,56,131,35,0.272386789,"Whit Merrifield",11281,593160
"Miguel Andujar","- - -",313,1102,1166,300,223,47,4,26,114,127,52,1,179,4,8,0,33,10,4,0.272232304,"Miguel Andujar",15878,609280
"Jackson Chourio","MIL",279,1077,1162,293,179,64,8,42,168,157,69,5,242,6,8,2,20,43,14,0.272051996,"Jackson Chourio",28806,694192
"Yuli Gurriel","- - -",632,2238,2465,608,395,143,6,64,289,296,177,7,300,18,32,0,61,19,5,0.271671134,"Yuli Gurriel",19198,493329
"J.D. Martinez","- - -",720,2755,3098,748,418,185,9,136,395,465,284,20,782,22,28,0,91,4,0,0.271506352,"J.D. Martinez",6184,502110
"Nelson Cruz","- - -",486,1743,1978,473,293,74,2,104,252,314,187,25,480,24,16,0,54,8,1,0.271371199,"Nelson Cruz",2434,443558
"Bryan Reynolds","PIT",948,3560,4000,966,604,195,29,138,500,484,365,21,905,53,21,0,69,41,13,0.271348314,"Bryan Reynolds",19326,668804
"Jean Segura","- - -",512,1937,2115,525,385,83,11,46,253,197,139,8,301,27,8,4,61,40,15,0.271037687,"Jean Segura",5933,516416
"Jeremy Peña","HOU",568,2193,2385,594,411,110,9,64,299,247,125,4,468,41,14,6,40,64,19,0.270861833,"Jeremy Pena",21636,665161
"José Abreu","- - -",704,2694,3007,729,460,148,4,117,371,472,223,11,622,58,32,0,101,3,3,0.270601336,"Jose Abreu",15676,547989
"Anthony Rendon","- - -",403,1471,1741,398,244,94,4,56,229,251,218,12,255,31,21,0,51,15,2,0.270564242,"Anthony Rendon",12861,543685
"Alex Verdugo","- - -",804,2983,3282,807,544,184,11,68,418,323,244,11,493,20,33,2,63,23,10,0.27053302,"Alex Verdugo",17027,657077
"Mike Trout","LAA",583,2097,2530,567,291,101,11,164,403,370,374,44,665,41,17,0,23,25,4,0.270386266,"Mike Trout",10155,545361
"Austin Riley","ATL",821,3144,3489,850,502,168,11,169,480,483,264,12,911,52,29,0,66,7,5,0.270356234,"Austin Riley",18360,663586
"Nick Castellanos","- - -",951,3667,3968,990,591,228,14,157,519,533,239,9,920,36,26,0,92,33,10,0.269975456,"Nick Castellanos",11737,592206
"Gunnar Henderson","BAL",497,1883,2124,508,299,101,22,86,315,260,212,9,489,17,12,0,20,62,13,0.269782262,"Gunnar Henderson",26289,683002
"Sal Frelick","MIL",344,1194,1341,322,246,51,8,17,171,119,114,0,195,12,9,5,14,44,9,0.269681742,"Sal Frelick",29622,686217
"Josh Naylor","- - -",745,2590,2863,697,445,146,2,104,334,435,221,26,457,23,22,0,71,55,9,0.269111969,"Josh Naylor",18839,647304
"Rob Refsnyder","- - -",375,978,1127,263,176,56,2,29,142,132,119,3,276,18,9,1,25,14,5,0.268916155,"Rob Refsnyder",13770,608701
"Seiya Suzuki","CHC",532,1995,2265,536,321,111,17,87,278,296,235,10,564,13,22,0,35,36,20,0.268671679,"Seiya Suzuki",30116,673548
"Eloy Jiménez","- - -",534,1966,2126,528,340,91,2,95,233,298,138,3,482,11,11,0,57,3,0,0.268565615,"Eloy Jimenez",17484,650391
"Alejandro Kirk","TOR",564,1822,2069,489,355,82,1,51,184,263,208,6,239,16,23,0,66,1,0,0.268386388,"Alejandro Kirk",22581,672386
"Alex Bregman","- - -",864,3239,3779,869,519,190,9,151,534,517,461,13,482,48,31,0,89,14,6,0.268292682,"Alex Bregman",17678,608324
"Alec Burleson","STL",414,1407,1541,377,259,67,3,48,163,186,102,1,209,10,12,3,36,18,6,0.267945984,"Alec Burleson",27615,676475
"Kerry Carpenter","DET",366,1218,1332,326,188,55,13,70,176,193,78,4,328,22,7,0,13,7,3,0.267651888,"Kerry Carpenter",25961,681481
"Tommy La Stella","- - -",283,909,1010,243,162,48,3,30,125,112,79,1,101,7,6,1,22,1,0,0.267326732,"Tommy La Stella",12371,600303
"George Springer","- - -",823,3136,3586,838,513,138,15,172,548,466,371,7,681,41,21,0,78,79,14,0.267219387,"George Springer",12856,543807
"Eric Hosmer","- - -",484,1745,1907,466,326,85,2,53,193,258,140,10,379,11,10,1,45,9,7,0.26704871,"Eric Hosmer",3516,543333
"Jarren Duran","BOS",510,1934,2128,516,292,140,34,50,283,226,156,3,522,25,10,2,17,91,17,0.26680455,"Jarren Duran",24617,680776
"Luis García Jr.","WSN",604,2165,2299,576,390,118,10,58,262,269,108,6,386,3,21,2,45,49,21,0.266050808,"Luis Garcia Jr.",20391,671277
"Vinnie Pasquantino","KCR",424,1606,1794,427,264,90,3,70,185,262,149,9,243,16,21,1,38,3,0,0.265877957,"Vinnie Pasquantino",27676,686469
"Ozzie Albies","ATL",813,3232,3543,857,521,186,23,127,484,482,250,12,583,27,32,0,30,76,19,0.265160891,"Ozzie Albies",16556,645277
"J.T. Realmuto","PHI",833,3062,3390,811,506,165,19,121,441,434,243,13,788,57,24,0,60,73,15,0.264859568,"J.T. Realmuto",11739,592663
"David Peralta","- - -",661,2141,2351,567,364,135,16,52,245,296,177,12,464,16,17,0,41,10,5,0.264829518,"David Peralta",2136,444482
"Teoscar Hernández","- - -",897,3381,3677,894,523,180,8,183,473,573,246,7,1049,30,17,0,61,54,18,0.264418811,"Teoscar Hernandez",13066,606192
"Francisco Lindor","- - -",961,3780,4258,999,604,201,13,181,634,546,374,20,763,62,35,7,63,145,31,0.264285714,"Francisco Lindor",12916,596019
"Riley Greene","DET",486,1866,2073,493,307,95,15,76,263,264,181,4,591,13,12,0,31,14,7,0.2642015,"Riley Greene",25976,682985
"Garrett Cooper","- - -",490,1659,1846,438,285,90,6,57,187,225,152,0,495,25,10,0,45,1,1,0.264014466,"Garrett Cooper",15279,643265
"Nathaniel Lowe","- - -",839,3018,3430,796,539,137,13,107,398,413,376,11,836,19,17,0,66,15,2,0.263750828,"Nathaniel Lowe",19566,663993
"Jordan Westburg","BAL",260,952,1027,251,152,53,8,38,142,127,55,0,233,14,5,1,13,11,6,0.263655462,"Jordan Westburg",27815,676059
"Will Smith","LAD",722,2508,2946,661,395,128,10,128,413,442,330,19,554,64,44,0,50,12,4,0.263556618,"Will Smith",19197,669257
"Maikel Garcia","KCR",449,1656,1830,436,308,87,14,27,225,184,143,0,307,3,20,8,31,83,18,0.263285024,"Maikel Garcia",22715,672580
"Austin Hays","- - -",662,2348,2557,618,384,139,13,82,333,304,153,4,566,33,19,4,43,24,13,0.263202725,"Austin Hays",19363,669720
"Jose Miranda","MIN",298,1023,1100,269,180,57,4,28,103,133,55,1,194,17,5,0,40,3,3,0.262952101,"Jose Miranda",20538,669304
"Gleyber Torres","- - -",910,3382,3817,889,596,160,3,130,485,438,376,6,725,19,34,6,75,51,23,0.262862211,"Gleyber Torres",16997,650402
"Ryan Mountcastle","BAL",652,2443,2669,642,414,125,5,98,303,363,174,4,664,17,35,0,62,17,6,0.262791649,"Ryan Mountcastle",18373,663624
"J.D. Davis","- - -",579,1728,1970,454,297,87,3,67,229,209,196,5,537,31,13,0,60,6,1,0.262731481,"J.D. Davis",16219,605204
"Trevor Story","- - -",666,2570,2834,675,393,152,14,116,404,374,220,10,762,30,13,1,31,118,24,0.262645914,"Trevor Story",12564,596115
"Miguel Rojas","- - -",786,2556,2792,671,478,143,8,42,297,244,184,6,343,26,16,10,65,57,17,0.262519561,"Miguel Rojas",7802,500743
"Ty France","- - -",840,2957,3309,776,534,157,4,81,364,364,204,5,600,126,21,0,94,3,3,0.262428136,"Ty France",17982,664034
"Isiah Kiner-Falefa","- - -",809,2753,2974,722,564,112,14,32,328,252,152,4,468,40,15,14,72,93,25,0.262259353,"Isiah Kiner-Falefa",16512,643396
"Andy Pages","LAD",272,984,1067,258,166,50,2,40,139,132,58,0,243,14,10,0,17,15,9,0.262195121,"Andy Pages",24816,681624
"Miguel Cabrera","DET",533,1900,2109,498,381,71,0,46,163,246,171,8,452,14,24,0,64,2,0,0.262105263,"Miguel Cabrera",1744,408234
"Salvador Perez","KCR",765,2940,3167,770,464,143,1,162,329,513,140,26,704,58,23,0,65,2,0,0.261904761,"Salvador Perez",7304,521692
"Santiago Espinal","- - -",579,1619,1776,423,322,80,1,20,180,160,125,3,242,9,11,12,40,28,10,0.26127239,"Santiago Espinal",19997,669289
"Brandon Nimmo","NYM",825,3040,3535,794,511,148,23,112,478,389,405,4,754,62,20,8,35,43,12,0.26118421,"Brandon Nimmo",12927,607043
"Brandon Marsh","- - -",605,1861,2094,486,319,97,18,52,248,234,195,4,657,11,17,9,15,52,11,0.261149919,"Brandon Marsh",20202,669016
"Tyler Stephenson","CIN",558,1754,1979,458,298,94,3,63,252,258,187,6,499,24,14,0,44,2,2,0.261117445,"Tyler Stephenson",17988,663886
"Andrew Benintendi","- - -",814,2993,3339,781,526,161,14,80,372,365,291,9,598,19,28,7,45,44,21,0.260942198,"Andrew Benintendi",17901,643217
"Brendan Rodgers","- - -",495,1805,1957,471,320,96,8,47,230,208,122,1,437,19,10,1,55,1,1,0.260941828,"Brendan Rodgers",17907,663898
"Kevin Newman","- - -",642,2081,2246,543,403,100,12,28,236,204,116,6,277,15,14,20,38,47,14,0.260932244,"Kevin Newman",17696,621028
"Marcell Ozuna","- - -",813,2994,3403,781,461,141,2,177,436,499,375,10,790,13,19,0,85,15,3,0.260855043,"Marcell Ozuna",10324,542303
"Ernie Clement","- - -",436,1313,1404,342,246,65,6,25,173,126,57,2,151,11,9,14,30,19,10,0.260472201,"Ernie Clement",20352,676391
"Otto Lopez","- - -",269,957,1039,249,183,44,1,21,115,119,70,2,159,4,5,2,22,35,11,0.260188087,"Otto Lopez",19608,672640
"Jake McCarthy","ARI",431,1304,1453,339,249,46,20,24,185,139,98,1,279,29,6,16,13,83,15,0.259969325,"Jake McCarthy",21622,664983
"Leury García","CHW",379,1351,1470,351,267,58,7,19,197,122,73,0,310,13,11,22,24,23,7,0.259807549,"Leury Garcia",5913,544725
"Cody Bellinger","- - -",863,3193,3584,829,494,157,17,161,519,522,336,36,660,16,39,0,48,80,20,0.259630441,"Cody Bellinger",15998,641355
"Jorge Polanco","- - -",800,2993,3355,777,479,158,9,131,425,423,306,7,671,21,28,7,51,36,19,0.259605746,"Jorge Polanco",13152,593871
"AJ Pollock","- - -",450,1510,1645,392,237,81,3,71,208,221,106,6,329,15,14,0,31,19,6,0.259602649,"AJ Pollock",9256,572041
"Colin Moran","- - -",342,1071,1190,278,184,55,1,38,114,176,101,4,286,7,11,0,32,1,1,0.259570494,"Colin Moran",16909,592567
"C.J. Cron","- - -",501,1803,2008,468,268,98,4,98,247,317,158,12,469,33,13,0,55,1,0,0.259567387,"C.J. Cron",12546,543068
"Trey Mancini","- - -",523,1912,2145,496,308,106,4,78,270,259,188,10,499,29,14,0,58,1,0,0.259414225,"Trey Mancini",15149,641820
"Luis Robert Jr.","CHW",577,2178,2375,565,346,115,2,102,318,298,149,12,636,25,11,1,40,102,24,0.259412304,"Luis Robert Jr.",20043,673357
"Matt Olson","- - -",991,3706,4293,961,505,214,7,235,591,679,514,42,1011,43,30,0,85,7,1,0.259309228,"Matt Olson",14344,621566
"Adam Frazier","- - -",900,2974,3287,771,554,149,19,49,383,284,231,9,460,46,15,20,46,49,29,0.259246805,"Adam Frazier",15223,624428
"Brent Rooker","- - -",525,1875,2109,486,272,99,6,109,265,293,191,9,590,32,10,0,32,21,4,0.2592,"Brent Rooker",19627,667670
"Yoán Moncada","- - -",620,2250,2530,583,360,129,14,80,308,290,241,6,690,26,11,2,25,17,5,0.259111111,"Yoan Moncada",17232,660162
"Nolan Schanuel","LAA",308,1116,1303,289,217,45,1,26,145,113,147,5,193,22,11,6,25,15,2,0.258960573,"Nolan Schanuel",33189,694384
"James Wood","WSN",236,893,1025,231,136,51,4,40,130,135,124,9,318,5,3,0,13,29,15,0.258678611,"James Wood",29518,695578
"Tommy Edman","- - -",730,2712,2955,701,469,139,21,72,412,291,181,4,490,37,18,7,37,115,18,0.258480825,"Tommy Edman",19470,669242
"Ezequiel Tovar","COL",414,1629,1735,421,257,101,12,51,208,186,71,1,473,9,12,13,28,22,13,0.258440761,"Ezequiel Tovar",24064,678662
"Kris Bryant","- - -",495,1819,2079,470,288,101,4,77,289,222,209,5,476,44,7,0,40,14,2,0.258383727,"Kris Bryant",15429,592178
"Kolten Wong","- - -",538,1758,1996,454,306,91,12,45,247,199,162,9,337,49,17,10,11,61,19,0.258248009,"Kolten Wong",12532,543939
"Edmundo Sosa","- - -",482,1243,1361,321,212,58,15,36,170,148,54,2,311,44,8,8,36,23,9,0.258246178,"Edmundo Sosa",17022,624641
"Colt Keith","DET",285,930,1024,240,171,37,6,26,119,106,84,3,212,4,6,0,11,8,2,0.258064516,"Colt Keith",27899,690993
"Corbin Carroll","ARI",488,1822,2086,470,252,93,43,82,357,248,205,5,439,33,17,9,17,123,20,0.257958287,"Corbin Carroll",25878,682998
"Matt Vierling","- - -",460,1481,1631,382,267,67,13,35,201,150,119,3,347,15,15,1,26,23,11,0.257933828,"Matt Vierling",21558,663837
"Ramón Urías","- - -",541,1674,1856,431,294,81,6,50,203,215,137,1,424,26,16,3,27,9,4,0.257467144,"Ramon Urias",18795,602104
"TJ Friedl","CIN",461,1620,1876,417,287,60,16,54,232,201,178,1,299,45,19,14,11,55,12,0.257407407,"TJ Friedl",19522,670770
"Brice Turang","MIL",448,1547,1726,398,297,61,9,31,215,172,154,3,349,5,10,10,20,100,18,0.257272139,"Brice Turang",22186,668930
"César Hernández","- - -",515,1975,2182,508,360,100,9,39,260,187,173,6,406,20,9,4,32,20,7,0.257215189,"Cesar Hernandez",10556,514917
"Mauricio Dubón","- - -",664,1919,2058,493,351,99,4,39,248,200,101,2,294,9,18,10,47,22,12,0.256904637,"Mauricio Dubon",16530,643289
"Marcus Semien","- - -",986,3967,4436,1017,612,205,22,178,652,536,417,5,726,22,29,0,52,87,24,0.256365011,"Marcus Semien",12533,543760
"Gavin Lux","- - -",552,1779,1993,456,317,90,16,33,243,208,201,3,445,5,8,0,17,20,5,0.256323777,"Gavin Lux",19955,666158
"Wilmer Flores","- - -",756,2415,2695,619,398,117,3,101,304,350,223,4,410,34,23,0,64,3,0,0.256314699,"Wilmer Flores",5827,527038
"Dominic Smith","- - -",651,1940,2159,497,323,116,3,55,232,255,167,3,447,35,17,0,44,7,5,0.256185567,"Dominic Smith",15653,642086
"Bryson Stott","PHI",573,2017,2237,516,366,92,9,49,267,234,182,3,373,12,22,4,26,99,15,0.255825483,"Bryson Stott",26294,681082
"Byron Buxton","MIN",592,2123,2343,543,251,134,18,140,386,337,164,9,638,38,16,2,11,71,7,0.255770136,"Byron Buxton",14161,621439
"Jon Berti","- - -",510,1521,1716,389,293,64,8,24,230,126,161,2,373,20,8,6,29,107,24,0.255752794,"Jon Berti",12037,542932
"Heliot Ramos","SFG",312,1171,1295,299,200,51,4,44,148,143,95,4,319,19,10,0,30,12,5,0.255337318,"Heliot Ramos",22515,671218
"Tyler Naquin","- - -",366,1136,1231,290,169,70,7,44,148,170,73,5,312,12,7,3,23,13,8,0.25528169,"Tyler Naquin",13359,571980
"Royce Lewis","MIN",258,925,1008,236,145,45,0,46,117,156,74,2,214,2,7,0,19,18,3,0.255135135,"Royce Lewis",20437,668904
"Austin Meadows","- - -",358,1329,1502,339,189,73,13,64,190,221,146,9,323,17,10,0,9,18,12,0.255079006,"Austin Meadows",15672,640457
"Elly De La Cruz","CIN",420,1635,1822,417,251,82,24,60,274,206,171,15,543,10,3,3,32,139,32,0.255045871,"Elly De La Cruz",26668,682829
"Josh Jung","TEX",325,1236,1316,315,205,57,4,49,156,161,69,0,367,8,3,0,20,11,4,0.254854368,"Josh Jung",26299,673962
"Josh Bell","- - -",935,3325,3804,847,525,160,10,152,437,505,413,27,722,27,29,0,108,0,7,0.254736842,"Josh Bell",13145,605137
"Willson Contreras","- - -",747,2597,3020,661,381,146,5,129,393,385,295,7,749,109,16,2,69,26,15,0.254524451,"Willson Contreras",11609,575929
"Adley Rutschman","BAL",505,1879,2160,478,309,103,5,61,259,230,255,9,347,9,17,0,35,6,2,0.254390633,"Adley Rutschman",26288,668939
"Manuel Margot","- - -",646,1945,2126,494,347,102,10,35,246,224,151,4,366,12,13,5,33,66,22,0.253984575,"Manuel Margot",14712,622534
"Jesse Winker","- - -",645,2032,2385,516,325,104,5,82,293,276,301,7,462,40,10,2,48,17,6,0.253937007,"Jesse Winker",13590,608385
"Josh Harrison","- - -",367,1210,1335,307,217,64,5,21,137,119,67,0,205,44,11,2,22,16,10,0.253719008,"Josh Harrison",8202,543281
"Andy Ibáñez","- - -",420,1128,1220,286,194,59,5,28,140,128,75,0,214,10,5,2,21,10,4,0.253546099,"Andy Ibanez",18819,628451
"Geraldo Perdomo","ARI",562,1803,2140,457,322,87,14,34,293,225,250,4,336,24,22,41,21,61,13,0.253466444,"Geraldo Perdomo",22799,672695
"Andrés Giménez","- - -",669,2266,2517,574,407,99,12,56,290,257,135,8,469,84,19,13,39,111,17,0.253309796,"Andres Gimenez",19950,665926
"Andrew Vaughn","- - -",674,2469,2705,625,403,132,4,86,273,339,177,0,538,35,23,1,67,3,1,0.253138922,"Andrew Vaughn",26197,683734
"Dansby Swanson","- - -",964,3637,4034,920,583,182,14,141,550,507,341,9,1010,26,27,3,51,90,22,0.252955732,"Dansby Swanson",18314,621020
"Ke'Bryan Hayes","- - -",628,2338,2542,591,425,107,17,42,274,225,175,5,519,16,12,1,61,63,17,0.252780153,"Ke'Bryan Hayes",18577,663647
"Elvis Andrus","- - -",583,2109,2283,533,376,109,7,41,257,218,137,4,355,17,16,4,57,76,19,0.25272641,"Elvis Andrus",8709,462101
"Pete Alonso","NYM",1008,3763,4316,951,496,183,8,264,580,712,419,47,984,100,34,0,108,18,4,0.25272389,"Pete Alonso",19251,624413
"Randal Grichuk","- - -",833,2779,2985,701,413,153,14,121,372,386,165,4,656,24,17,0,76,9,8,0.25224901,"Randal Grichuk",10243,545341
"Jonathan Villar","- - -",415,1483,1646,374,256,62,9,47,212,148,141,3,421,7,8,6,20,77,21,0.252191503,"Jonathan Villar",10071,542340
"Mark Canha","- - -",776,2523,3001,635,423,122,10,80,382,323,336,6,585,116,26,0,46,40,7,0.251684502,"Mark Canha",11445,592192
"Masyn Winn","STL",316,1200,1311,302,210,61,5,26,165,120,85,1,237,9,10,7,13,22,11,0.251666666,"Masyn Winn",27479,691026
"Avisaíl García","- - -",466,1646,1801,414,281,66,3,64,192,222,113,10,456,30,10,0,46,25,11,0.251518833,"Avisail Garcia",5760,541645
"Thairo Estrada","- - -",508,1734,1870,436,300,79,6,51,230,216,84,2,368,38,12,2,37,53,18,0.251441753,"Thairo Estrada",16426,642731
"Ryan O'Hearn","- - -",696,2074,2307,521,347,94,8,72,251,283,197,11,502,18,17,1,41,11,4,0.2512054,"Ryan O'Hearn",16442,656811
"Yadier Molina","STL",356,1266,1351,318,235,53,0,30,121,163,58,1,198,15,10,1,47,11,0,0.251184834,"Yadier Molina",7007,425877
"Ezequiel Duran","TEX",362,1087,1163,273,191,57,3,22,122,105,57,1,292,13,4,2,19,24,9,0.251149954,"Ezequiel Duran",23733,677649
"Christian Vázquez","- - -",702,2322,2518,583,409,111,2,61,257,269,158,4,479,11,17,10,73,22,15,0.251076658,"Christian Vazquez",9774,543877
"Bryan De La Cruz","- - -",491,1738,1872,436,291,85,2,58,177,208,109,2,473,7,15,0,45,15,4,0.25086306,"Bryan De La Cruz",19600,650559
"Ramón Laureano","- - -",694,2392,2665,600,353,136,10,101,351,309,186,1,712,68,18,1,48,65,22,0.25083612,"Ramon Laureano",17128,657656
"Taylor Ward","LAA",664,2359,2686,591,355,121,8,107,345,330,271,1,644,28,26,2,44,22,11,0.250529885,"Taylor Ward",17548,621493
"J.P. Crawford","SEA",858,3182,3661,797,558,164,11,64,440,326,412,3,665,34,18,15,51,32,15,0.250471401,"J.P. Crawford",15491,641487
"Randy Arozarena","- - -",801,2912,3359,729,441,160,10,118,452,390,327,9,868,98,22,0,54,131,49,0.250343406,"Randy Arozarena",19290,668227
"Adam Eaton","- - -",276,979,1120,245,164,46,10,25,163,96,99,1,209,21,4,17,18,21,3,0.250255362,"Adam Eaton",11205,594809
"Wil Myers","- - -",470,1463,1635,366,223,78,5,60,188,209,156,3,499,5,9,2,31,30,15,0.250170881,"Wil Myers",10047,571976
"Christian Walker","- - -",925,3377,3811,844,490,178,8,168,490,522,350,17,879,50,33,0,75,26,7,0.249925969,"Christian Walker",13419,572233
"Brandon Belt","- - -",485,1593,1878,398,218,91,7,82,244,212,259,10,488,18,8,0,34,8,5,0.249843063,"Brandon Belt",10264,474832
"Josh Lowe","TBR",403,1397,1523,349,213,85,8,43,188,170,112,8,422,5,7,2,16,79,8,0.249821045,"Josh Lowe",19953,666139
"Joey Wendle","- - -",492,1546,1674,386,257,94,12,23,192,143,81,5,321,30,13,4,29,44,15,0.249676584,"Joey Wendle",13853,621563
"Luis Rengifo","LAA",673,2288,2503,571,408,86,15,62,274,230,170,0,466,24,12,9,38,52,26,0.249562937,"Luis Rengifo",19858,650859
"Mike Tauchman","- - -",515,1491,1734,372,252,76,3,41,244,193,219,4,397,15,7,2,27,28,6,0.249496981,"Mike Tauchman",15274,643565
"Michael Busch","- - -",334,1092,1240,272,152,56,7,57,160,162,127,3,328,14,7,0,11,7,1,0.249084249,"Michael Busch",26319,683737
"CJ Abrams","- - -",523,1968,2153,490,308,104,19,59,287,210,114,6,421,52,12,7,21,116,23,0.248983739,"CJ Abrams",25768,682928
"Jonathan India","- - -",659,2402,2795,598,390,130,6,72,371,274,288,2,575,81,20,4,56,42,15,0.2489592,"Jonathan India",21523,663697
"Freddy Galvis","- - -",298,1054,1142,262,168,48,2,44,138,126,68,2,252,11,5,3,25,6,3,0.24857685,"Freddy Galvis",6609,520471
"Evan Longoria","- - -",426,1376,1543,342,206,68,3,65,186,213,139,7,375,12,16,0,47,4,3,0.248546511,"Evan Longoria",9368,446334
"Ildemaro Vargas","- - -",434,1187,1280,295,212,57,7,19,122,137,65,1,140,8,10,10,38,15,6,0.248525695,"Ildemaro Vargas",13324,545121
"Lorenzo Cain","MIL",274,982,1086,244,175,49,0,20,136,95,87,1,192,10,6,0,24,33,12,0.248472505,"Lorenzo Cain",9077,456715
"Keibert Ruiz","- - -",474,1727,1851,429,303,82,0,44,164,201,91,1,200,22,10,1,42,10,5,0.248407643,"Keibert Ruiz",19610,660688
"Ian Happ","CHC",882,3094,3574,768,442,181,11,134,449,445,431,10,879,27,19,3,52,54,17,0.248222365,"Ian Happ",17919,664023
"Brandon Lowe","TBR",702,2528,2846,627,346,120,10,151,399,421,266,7,779,34,18,0,27,31,4,0.248022151,"Brandon Lowe",18882,664040
"Jonathan Schoop","- - -",507,1835,1976,455,298,88,5,64,235,211,97,2,432,26,17,0,57,8,1,0.247956403,"Jonathan Schoop",11265,570731
"Cedric Mullins","- - -",781,2697,3026,668,413,135,21,99,381,326,252,6,621,31,22,16,17,145,33,0.24768261,"Cedric Mullins",17929,656775
"Jake Fraley","- - -",468,1373,1561,340,225,65,3,47,182,179,162,5,340,17,8,1,16,61,17,0.24763292,"Jake Fraley",19260,641584
"Jazz Chisholm Jr.","- - -",579,2109,2345,522,319,79,16,108,316,308,197,6,648,20,14,4,16,130,36,0.247510668,"Jazz Chisholm Jr.",20454,665862
"Eduardo Escobar","- - -",594,2171,2371,537,323,94,27,93,283,328,171,11,502,7,21,1,27,9,4,0.24735145,"Eduardo Escobar",6153,500871
"Jake Burger","- - -",447,1589,1720,393,222,78,5,88,207,238,89,3,463,29,12,1,27,3,3,0.247325361,"Jake Burger",22275,669394
"Anthony Rizzo","- - -",666,2386,2776,590,366,105,7,112,348,330,271,16,474,104,15,0,66,20,13,0.247275775,"Anthony Rizzo",3473,519203
"Ceddanne Rafaela","BOS",336,1173,1247,290,185,63,9,33,165,143,47,1,296,16,6,5,19,42,16,0.247229326,"Ceddanne Rafaela",24262,678882
"Nolan Jones","- - -",349,1064,1218,263,172,54,7,30,132,137,136,7,361,9,7,2,16,33,11,0.247180451,"Nolan Jones",20529,666134
"Reese McGuire","- - -",386,1044,1145,258,180,53,2,23,105,102,62,0,248,8,10,15,21,6,1,0.247126436,"Reese McGuire",15674,624512
"Jake Cronenworth","SDP",781,2780,3212,687,431,151,25,80,395,369,319,12,573,64,27,9,45,24,10,0.247122302,"Jake Cronenworth",18036,630105
"Kyle Farmer","- - -",745,2084,2290,515,349,97,6,63,243,274,129,3,469,56,18,3,59,16,17,0.247120921,"Kyle Farmer",14813,571657
"Chas McCormick","HOU",502,1388,1567,343,230,52,5,56,198,196,137,0,430,21,14,7,17,37,16,0.247118155,"Chas McCormick",19599,676801
"Tommy Pham","- - -",840,2963,3370,732,483,146,12,91,401,351,362,11,751,23,22,0,82,87,22,0.247046911,"Tommy Pham",2967,502054
"Wyatt Langford","TEX",268,988,1130,244,151,50,5,38,147,136,125,6,266,9,8,0,15,41,9,0.246963562,"Wyatt Langford",33333,694671
"Jacob Young","WSN",303,899,1006,222,173,41,3,5,118,79,67,0,189,16,3,21,20,61,21,0.246941045,"Jacob Young",29931,696285
"Jesús Aguilar","- - -",478,1519,1717,375,246,66,0,63,166,237,148,7,364,11,24,0,39,1,1,0.246872942,"Jesus Aguilar",11342,542583
"Zach Neto","LAA",367,1333,1485,329,189,80,2,58,190,173,92,7,366,46,7,7,24,61,20,0.246811702,"Zach Neto",31347,687263
"Luke Voit","- - -",399,1423,1627,351,215,58,2,76,199,222,168,3,476,28,8,0,40,3,1,0.246661981,"Luke Voit",14811,572228
"Jurickson Profar","- - -",847,2908,3350,717,460,155,9,93,427,357,359,7,521,51,20,10,66,51,13,0.24656121,"Jurickson Profar",10815,595777
"Austin Nola","- - -",360,1087,1237,268,190,52,2,24,127,137,109,3,212,20,14,7,25,3,2,0.246550137,"Austin Nola",15941,543592
"Tyler Freeman","- - -",316,937,1065,231,171,44,3,13,127,84,76,1,145,36,9,7,30,35,15,0.246531483,"Tyler Freeman",22532,671289
"Albert Pujols","- - -",388,1225,1355,302,185,47,0,70,141,236,94,6,193,19,17,0,52,6,2,0.246530612,"Albert Pujols",1177,405395
"Pavin Smith","ARI",448,1352,1540,333,213,69,6,45,187,180,169,3,349,6,11,0,27,7,3,0.246301775,"Pavin Smith",19892,656976
"Asdrúbal Cabrera","- - -",293,946,1079,233,141,55,4,33,126,164,112,3,223,6,15,0,23,5,0,0.246300211,"Asdrubal Cabrera",4962,452678
"Myles Straw","- - -",690,2022,2269,498,388,91,10,9,298,156,205,0,401,6,15,21,34,99,17,0.246290801,"Myles Straw",17620,664702
"Lenyn Sosa","CHW",303,1068,1122,263,185,40,1,37,100,125,36,2,256,7,5,6,21,5,3,0.246254681,"Lenyn Sosa",22896,672820
"Jorge Alfaro","- - -",367,1162,1241,286,200,51,2,33,108,150,50,2,416,24,5,0,30,16,5,0.246127366,"Jorge Alfaro",12180,595751
"Victor Robles","- - -",605,1862,2117,458,318,98,9,33,256,177,129,6,479,77,17,32,24,103,25,0.245972073,"Victor Robles",18363,645302
"Kevin Pillar","- - -",544,1680,1791,413,256,89,9,59,231,239,65,5,342,31,14,1,37,42,14,0.245833333,"Kevin Pillar",12434,607680
"Connor Wong","BOS",348,1047,1148,257,169,61,4,23,136,103,72,1,313,17,6,6,18,18,10,0.245463228,"Connor Wong",19896,657136
"Nicky Lopez","- - -",689,2128,2374,522,414,83,18,7,262,153,181,0,340,21,5,39,30,47,19,0.245300751,"Nicky Lopez",19339,670032
"Travis d'Arnaud","- - -",556,1908,2094,468,280,105,1,82,240,297,142,0,508,30,14,0,50,2,1,0.245283018,"Travis d'Arnaud",7739,518595
"Harrison Bader","- - -",754,2281,2527,559,367,107,12,73,320,275,178,11,594,46,20,2,31,88,29,0.245067952,"Harrison Bader",18030,664056
"Austin Slater","- - -",591,1314,1506,322,216,57,8,41,196,145,163,3,423,21,6,2,32,42,8,0.245053272,"Austin Slater",16153,596103
"Eddie Rosario","- - -",623,2184,2346,535,330,102,8,95,289,346,134,5,450,2,21,5,37,32,10,0.244963369,"Eddie Rosario",12155,592696
"Victor Caratini","- - -",614,1735,1967,425,304,65,1,55,188,224,172,11,402,39,20,1,56,5,3,0.244956772,"Victor Caratini",14968,605170
"Emmanuel Rivera","- - -",384,1062,1169,260,187,46,5,22,120,116,85,0,253,11,10,1,29,7,2,0.244821092,"Emmanuel Rivera",19890,656896
"Elias Díaz","- - -",681,2126,2317,520,352,104,4,60,225,272,158,3,474,14,13,6,76,1,1,0.24459078,"Elias Diaz",11680,553869
"Willi Castro","- - -",705,2325,2590,568,379,109,24,56,341,228,176,3,623,63,16,10,38,75,28,0.244301075,"Willi Castro",17338,650489
"Andrelton Simmons","- - -",299,1003,1087,245,196,39,0,10,111,88,71,1,128,6,1,6,45,17,2,0.244267198,"Andrelton Simmons",10847,592743
"Franmil Reyes","- - -",461,1620,1793,395,235,64,4,92,201,254,148,4,555,5,20,0,49,6,2,0.24382716,"Franmil Reyes",14566,614177
"Nick Gordon","- - -",340,956,1027,233,150,53,7,23,106,112,43,1,238,14,10,4,21,21,10,0.243723849,"Nick Gordon",16337,624503
"James McCann","- - -",509,1629,1786,397,262,76,2,57,200,213,111,2,474,27,14,5,40,13,5,0.243707796,"James McCann",12859,543510
"Aledmys Díaz","- - -",385,1215,1330,296,189,69,2,36,134,154,79,6,230,23,12,1,39,4,2,0.243621399,"Aledmys Diaz",15937,649557
"Jake Meyers","HOU",465,1409,1558,343,237,65,8,33,181,161,109,0,376,24,9,7,29,37,11,0.24343506,"Jake Meyers",20308,676694
"Mickey Moniak","- - -",410,1290,1369,314,184,61,13,56,164,173,63,3,403,10,4,2,11,24,10,0.243410852,"Mickey Moniak",19956,666160
"Francisco Mejía","- - -",323,954,1022,232,141,60,5,26,117,109,44,1,217,16,6,2,19,1,2,0.243186582,"Francisco Mejia",16403,642336
"Spencer Steer","CIN",488,1760,1997,428,256,97,9,66,226,261,202,1,431,26,8,1,28,47,8,0.243181818,"Spencer Steer",26323,668715
"Yan Gomes","- - -",466,1522,1660,370,245,71,4,50,173,209,94,10,348,25,17,2,49,6,0,0.243101182,"Yan Gomes",9627,543228
"Michael Massey","KCR",358,1195,1288,290,197,53,4,36,123,137,57,1,244,16,14,6,16,12,3,0.242677824,"Michael Massey",27684,686681
"Alex Call","- - -",315,858,1005,208,144,39,4,21,119,96,116,0,182,16,6,9,11,19,13,0.242424242,"Alex Call",19296,669743
"Anthony Santander","- - -",754,2893,3197,701,384,152,5,160,390,445,245,9,676,35,22,2,54,9,7,0.242309021,"Anthony Santander",14551,623993
"Javier Báez","- - -",821,3009,3206,729,460,139,18,112,398,416,135,7,865,40,19,0,79,66,16,0.24227318,"Javier Baez",12979,595879
"Joc Pederson","- - -",812,2370,2746,574,330,99,14,131,365,362,288,13,621,62,18,1,45,16,10,0.242194092,"Joc Pederson",11899,592626
"Brian Anderson","- - -",449,1553,1762,376,238,77,6,55,189,200,165,6,456,36,8,0,39,12,4,0.242112041,"Brian Anderson",18289,605119
"Lars Nootbaar","STL",527,1682,1962,407,256,84,9,58,249,194,252,9,396,9,15,4,24,28,11,0.24197384,"Lars Nootbaar",21454,663457
"Lawrence Butler","OAK",319,1104,1210,267,158,58,4,47,156,130,98,0,322,1,5,2,20,40,7,0.241847826,"Lawrence Butler",22542,671732
"Lane Thomas","- - -",601,2023,2248,489,295,107,11,76,284,254,180,2,573,25,20,0,30,71,28,0.241720217,"Lane Thomas",16939,657041
"Willie Calhoun","- - -",321,1084,1194,262,166,52,5,39,129,125,95,2,163,8,7,0,21,0,3,0.241697416,"Willie Calhoun",17838,641432
"Brandon Crawford","- - -",580,1916,2160,463,298,97,8,60,249,271,199,17,474,25,19,1,38,19,8,0.241649269,"Brandon Crawford",5343,543063
"Willy Adames","- - -",955,3530,3973,853,489,187,7,170,518,525,397,11,1066,16,24,3,66,57,21,0.241643059,"Willy Adames",15986,642715
"Ha-Seong Kim","- - -",588,1896,2167,458,314,84,8,52,248,217,222,6,411,18,17,14,32,84,19,0.241561181,"Ha-Seong Kim",27506,673490
"Tyler O'Neill","- - -",583,1926,2176,465,266,86,4,109,306,281,204,6,644,29,17,0,43,46,9,0.241433021,"Tyler O'Neill",15711,641933
"Michael Conforto","- - -",723,2419,2804,584,355,122,4,103,350,338,318,13,655,50,17,0,71,16,6,0.241422075,"Michael Conforto",16376,624424
"Omar Narváez","- - -",460,1389,1574,335,238,55,1,41,163,152,152,5,312,16,14,3,26,0,0,0.241180705,"Omar Narvaez",13338,553882
"Ben Gamel","- - -",455,1232,1420,297,194,69,6,28,169,121,170,7,372,9,7,2,16,11,11,0.241071428,"Ben Gamel",12160,592325
"Trevor Larnach","MIN",442,1461,1660,352,223,73,4,52,198,198,169,5,444,15,14,0,37,10,6,0.240930869,"Trevor Larnach",21501,663616
"Josh Rojas","- - -",639,2051,2324,494,343,109,6,36,270,200,230,4,529,7,18,10,33,63,15,0.240858117,"Josh Rojas",19734,668942
"Joey Votto","CIN",481,1689,1982,406,229,87,3,87,241,247,261,9,452,25,7,0,36,6,0,0.240378922,"Joey Votto",4314,458015
"Hunter Dozier","KCR",485,1712,1906,411,238,88,23,62,218,200,167,2,504,14,13,0,38,17,9,0.240070093,"Hunter Dozier",15117,641531
"Jordan Walker","STL",279,947,1039,227,154,42,4,27,107,112,76,1,280,11,5,0,22,18,7,0.239704329,"Jordan Walker",27475,691023
"Ryan McMahon","- - -",956,3340,3783,800,486,165,10,139,450,450,400,10,1103,20,20,1,74,30,19,0.239520958,"Ryan McMahon",15112,641857
"Pete Crow-Armstrong","CHC",293,977,1076,234,133,50,10,41,140,143,53,3,260,15,15,16,5,64,13,0.2395087,"Pete Crow-Armstrong",27769,691718
"Andrew McCutchen","- - -",761,2748,3196,658,417,129,3,109,393,362,403,10,710,22,21,0,54,35,14,0.23944687,"Andrew McCutchen",9847,457705
"Connor Joe","- - -",480,1445,1662,346,216,86,9,35,194,145,183,1,364,25,9,0,23,13,11,0.239446366,"Connor Joe",16572,656582
"Ryan Jeffers","MIN",515,1638,1855,392,237,83,4,68,207,223,165,2,467,37,9,6,36,7,4,0.239316239,"Ryan Jeffers",24618,680777
"Mark Vientos","NYM",313,1091,1191,261,155,49,3,54,124,157,78,0,333,11,11,0,23,2,0,0.239230064,"Mark Vientos",22184,668901
"Joey Bart","- - -",335,995,1117,238,168,39,3,28,118,113,94,0,344,26,2,0,28,3,2,0.239195979,"Joey Bart",21524,663698
"Chris Taylor","- - -",708,2124,2419,508,304,118,15,71,313,291,244,9,740,31,15,5,26,57,10,0.239171374,"Chris Taylor",13757,621035
"Jesús Sánchez","- - -",580,1865,2059,446,268,92,13,73,230,238,171,7,538,14,7,2,44,33,7,0.239142091,"Jesus Sanchez",19913,660821
"Jared Walsh","- - -",384,1288,1410,308,176,67,6,59,155,191,104,11,406,12,6,0,16,4,2,0.239130434,"Jared Walsh",18607,665120
"Chad Pinder","OAK",334,972,1043,232,140,58,1,33,121,124,55,0,281,7,6,2,30,3,1,0.238683127,"Chad Pinder",15191,640461
"Giancarlo Stanton","NYY",582,2080,2352,495,270,77,0,148,265,397,248,12,708,10,11,0,68,1,1,0.237980769,"Giancarlo Stanton",4949,519317
"Jeimer Candelario","- - -",693,2518,2815,599,343,153,15,88,314,314,245,5,662,37,14,0,44,16,8,0.237887212,"Jeimer Candelario",13621,600869
"Jorge Soler","- - -",787,2800,3230,666,348,151,2,165,410,418,352,8,846,38,22,0,74,5,3,0.237857142,"Jorge Soler",14221,624585
"Michael Chavis","- - -",357,1106,1186,263,173,41,7,42,133,142,64,3,378,9,7,0,28,8,4,0.237793851,"Michael Chavis",17321,656308
"Mike Yastrzemski","- - -",841,2751,3139,654,346,162,23,123,433,364,329,15,765,32,19,8,29,25,12,0.237731733,"Mike Yastrzemski",14854,573262
"Kyle Isbel","KCR",496,1376,1509,327,218,66,20,23,197,144,90,0,319,11,9,23,21,33,14,0.237645348,"Kyle Isbel",21614,664728
"Owen Miller","- - -",303,947,1032,225,157,52,1,15,101,100,60,2,220,11,14,0,22,18,2,0.237592397,"Owen Miller",24655,680911
"Tyrone Taylor","- - -",574,1524,1658,362,206,93,13,50,206,198,88,3,381,33,8,4,36,41,7,0.237532808,"Tyrone Taylor",13675,621438
"Adolis García","TEX",745,2834,3102,673,381,144,7,141,399,458,211,5,868,28,29,0,57,74,21,0.237473535,"Adolis Garcia",19287,666969
"Mike Moustakas","- - -",439,1449,1624,344,197,78,1,68,187,209,136,7,350,21,18,0,38,6,0,0.237405106,"Mike Moustakas",4892,519058
"Jason Heyward","- - -",594,1767,2004,418,261,83,11,63,246,213,198,10,384,20,14,0,31,23,7,0.236559139,"Jason Heyward",4940,518792
"Isaac Paredes","- - -",566,1915,2224,453,271,87,3,92,250,287,246,3,387,50,13,0,55,2,3,0.236553524,"Isaac Paredes",20036,670623
"Max Kepler","- - -",780,2732,3092,646,373,142,8,123,413,370,300,7,576,34,24,1,37,22,8,0.236456808,"Max Kepler",12144,596146
"Nick Ahmed","- - -",509,1658,1817,392,253,91,12,36,196,190,130,5,384,7,16,6,36,27,7,0.236429433,"Nick Ahmed",12147,605113
"Kevin Kiermaier","- - -",608,1768,1939,418,269,82,26,41,247,198,134,5,478,18,10,9,29,62,15,0.236425339,"Kevin Kiermaier",11038,595281
"Jose Trevino","- - -",491,1464,1568,346,237,72,1,36,161,160,76,1,263,7,14,7,52,4,2,0.236338797,"Jose Trevino",16725,624431
"Josh Smith","TEX",456,1426,1640,337,236,66,4,31,189,128,154,3,326,42,8,9,13,28,8,0.236325385,"Josh Smith",26396,669701
"Leody Taveras","- - -",533,1769,1923,418,285,80,12,41,212,177,126,0,470,4,12,12,16,75,19,0.23629169,"Leody Taveras",18900,665750
"Jared Triolo","PIT",286,906,1031,214,155,37,3,19,112,91,105,1,257,10,7,3,9,27,4,0.23620309,"Jared Triolo",25807,669707
"Gavin Sheets","- - -",580,1791,1979,423,267,89,2,65,173,246,158,5,405,15,15,0,34,5,3,0.236180904,"Gavin Sheets",19901,657757
"Brett Gardner","NYY",330,1008,1169,238,136,47,12,43,153,128,138,0,243,8,10,5,9,17,5,0.236111111,"Brett Gardner",9927,458731
"LaMonte Wade Jr.","- - -",560,1617,1907,381,250,67,9,55,222,185,239,10,401,26,12,13,11,13,4,0.235621521,"LaMonte Wade Jr.",18126,664774
"Eugenio Suárez","- - -",990,3578,4087,843,448,162,6,227,512,622,394,7,1209,69,46,0,74,13,6,0.235606484,"Eugenio Suarez",12552,553993
"Ji Man Choi","- - -",404,1250,1473,294,168,74,2,50,154,189,197,7,389,11,15,0,18,2,3,0.2352,"Ji Man Choi",5452,596847
"Keston Hiura","- - -",302,983,1105,231,132,45,4,50,135,134,78,3,397,37,5,2,22,20,8,0.234994913,"Keston Hiura",20003,669374
"Brenton Doyle","COL",413,1443,1572,339,217,63,11,48,187,177,98,1,442,7,15,9,36,70,12,0.234927234,"Brenton Doyle",25479,686668
"Luis Torrens","- - -",356,988,1081,232,153,49,3,27,94,116,78,1,263,7,6,2,27,1,1,0.234817813,"Luis Torrens",15905,620443
"Matt Chapman","- - -",921,3330,3828,781,413,188,15,165,522,457,426,6,1022,46,26,0,52,34,13,0.234534534,"Matt Chapman",16505,656305
"Garrett Hampson","- - -",668,1629,1805,382,267,68,18,29,228,126,139,3,484,7,11,19,20,65,16,0.234499693,"Garrett Hampson",19262,641658
"Rhys Hoskins","- - -",685,2427,2850,569,297,130,8,134,355,386,355,9,733,39,24,0,50,13,6,0.234445817,"Rhys Hoskins",16472,656555
"Shea Langeliers","OAK",435,1553,1700,364,190,79,7,88,197,237,120,5,444,11,15,1,39,14,5,0.234385061,"Shea Langeliers",25816,669127
"Tony Kemp","- - -",566,1533,1777,359,252,67,12,28,204,143,180,1,222,29,17,18,20,41,12,0.234181343,"Tony Kemp",14894,643393
"Brandon Drury","- - -",552,1876,2035,439,261,95,6,77,229,241,120,0,487,23,16,0,44,3,6,0.234008528,"Brandon Drury",11615,592273
"Carson Kelly","- - -",606,1843,2092,431,277,80,3,71,231,247,211,11,428,22,16,0,54,5,0,0.23385784,"Carson Kelly",13620,608348
"Alek Thomas","ARI",420,1283,1385,300,203,58,10,29,160,133,69,1,299,12,12,9,20,24,9,0.233826968,"Alek Thomas",23792,677950
"Josh Donaldson","- - -",501,1730,2039,404,213,94,0,97,260,265,268,6,491,22,19,0,58,6,4,0.233526011,"Josh Donaldson",5038,518626
"Joey Ortiz","- - -",306,943,1051,220,151,44,7,18,124,109,83,0,186,9,7,9,22,25,9,0.233297985,"Joey Ortiz",25493,687401
"Hunter Renfroe","- - -",746,2539,2807,592,319,135,2,136,342,370,231,2,672,14,21,2,55,10,4,0.233162662,"Hunter Renfroe",15464,592669
"Maikel Franco","- - -",390,1360,1462,317,202,70,0,45,133,180,84,20,241,5,13,0,48,2,0,0.233088235,"Maikel Franco",12179,596748
"Dylan Carlson","- - -",567,1755,1987,409,263,92,11,43,209,195,179,3,459,32,20,1,23,16,8,0.233048433,"Dylan Carlson",20126,666185
"Orlando Arcia","- - -",687,2199,2407,512,347,94,3,68,236,247,175,7,488,9,21,3,68,14,6,0.232833105,"Orlando Arcia",13185,606115
"David Bote","CHC",347,881,1003,205,130,42,3,30,113,123,96,4,264,18,7,1,34,8,2,0.232690124,"David Bote",14593,623520
"Oneil Cruz","PIT",379,1384,1553,322,186,66,10,60,188,198,150,10,493,8,11,0,17,73,10,0.232658959,"Oneil Cruz",21711,665833
"Enrique Hernández","- - -",764,2481,2752,577,358,133,5,81,340,327,216,4,551,23,30,2,66,9,4,0.232567513,"Enrique Hernandez",10472,571771
"Carlos Santana","- - -",927,3261,3793,757,478,140,2,137,452,463,494,22,635,18,20,0,68,23,0,0.232137381,"Carlos Santana",2396,467793
"Luis Urías","- - -",570,1745,2027,405,269,74,4,58,225,216,209,3,423,53,11,1,45,10,7,0.23209169,"Luis Urias",16622,649966
"Didi Gregorius","- - -",308,1121,1221,260,161,49,10,40,133,174,70,5,184,16,13,1,17,9,3,0.231935771,"Didi Gregorius",6012,544369
"Kyle Schwarber","- - -",954,3458,4110,802,386,139,9,268,617,621,590,25,1158,40,22,0,37,29,12,0.231925968,"Kyle Schwarber",16478,656941
"Nick Senzel","- - -",451,1466,1633,340,232,64,4,40,200,143,132,1,343,10,6,3,33,33,21,0.231923601,"Nick Senzel",19293,669222
"Brett Baty","NYM",299,937,1034,217,154,28,2,33,113,105,80,1,267,6,4,2,17,10,0,0.231590181,"Brett Baty",26123,683146
"Luke Raley","- - -",383,1071,1224,248,142,53,5,48,149,134,83,1,376,58,6,6,8,27,6,0.23155929,"Luke Raley",19354,670042
"Yasmani Grandal","- - -",581,1858,2225,430,274,73,2,81,240,253,331,4,490,15,17,4,61,7,1,0.231431646,"Yasmani Grandal",11368,518735
"Mitch Haniger","- - -",459,1681,1873,389,233,69,4,83,256,238,159,4,506,19,14,0,39,6,0,0.231409875,"Mitch Haniger",14274,571745
"Logan O'Hoppe","LAA",311,1098,1188,254,168,31,2,53,123,130,73,0,345,12,3,2,23,4,5,0.23132969,"Logan O'Hoppe",24729,681351
"Rowdy Tellez","- - -",755,2292,2544,530,310,99,3,118,268,354,208,19,580,22,22,0,68,5,3,0.231239092,"Rowdy Tellez",15679,642133
"Zach McKinstry","- - -",531,1544,1718,357,223,74,23,37,201,150,140,2,398,16,12,6,16,59,12,0.231217616,"Zach McKinstry",19392,656716
"Robbie Grossman","- - -",676,2115,2487,488,315,106,10,57,285,238,325,7,564,23,22,2,35,47,12,0.23073286,"Robbie Grossman",5254,543257
"Francisco Alvarez","NYM",304,948,1056,218,128,39,3,48,125,143,93,0,273,12,3,0,28,3,1,0.229957805,"Francisco Alvarez",26121,682626
"Patrick Bailey","SFG",353,1136,1253,261,183,52,5,21,122,149,90,0,333,6,14,7,25,6,0,0.229753521,"Patrick Bailey",27478,672275
"Jacob Stallings","- - -",553,1639,1850,376,262,79,2,33,160,183,169,6,420,25,8,9,54,0,1,0.229408175,"Jacob Stallings",13723,607732
"Eric Haase","- - -",374,1117,1207,256,164,41,3,48,134,159,76,2,370,5,7,2,32,6,1,0.229185317,"Eric Haase",14111,606992
"Brad Miller","- - -",375,905,1026,207,124,30,5,48,128,137,113,3,284,5,3,0,15,10,2,0.228729281,"Brad Miller",12775,543543
"Jake Cave","- - -",432,1146,1255,262,165,51,14,32,136,131,80,1,379,18,8,3,16,11,5,0.228621291,"Jake Cave",14477,595909
"Sean Murphy","- - -",604,1993,2299,455,250,109,3,93,267,285,237,4,561,55,13,0,64,1,0,0.228299046,"Sean Murphy",19352,669221
"José Caballero","- - -",369,986,1133,225,153,51,3,18,142,106,102,1,297,29,9,7,7,119,30,0.228194726,"Jose Caballero",23401,676609
"Mitch Garver","- - -",526,1695,1962,385,212,72,2,99,241,261,229,2,543,24,13,0,34,5,2,0.227138643,"Mitch Garver",15161,641598
"Max Muncy","LAD",787,2683,3254,609,310,118,7,174,491,508,496,18,783,45,30,0,30,15,4,0.226984718,"Max Muncy",13301,571970
"Spencer Torkelson","DET",516,1871,2118,424,242,98,4,80,253,237,209,7,544,24,13,0,45,5,2,0.226616782,"Spencer Torkelson",27465,679529
"Daulton Varsho","- - -",648,2150,2387,487,267,102,19,99,317,295,198,5,594,18,14,5,21,53,16,0.226511627,"Daulton Varsho",19918,662139
"Michael A. Taylor","- - -",733,1996,2193,452,301,82,7,62,244,223,153,1,659,12,15,17,34,57,14,0.226452905,"Michael A. Taylor",11489,572191
"Seth Brown","OAK",568,1641,1804,371,210,79,8,74,180,233,145,6,496,11,6,1,25,24,6,0.226081657,"Seth Brown",18171,664913
"Kyle Seager","SEA",325,1199,1361,271,142,60,2,67,163,204,135,5,280,15,12,0,23,10,3,0.226021684,"Kyle Seager",9785,572122
"Cal Raleigh","SEA",623,2164,2465,489,239,95,2,153,313,376,266,22,696,19,16,0,27,21,5,0.225970425,"Cal Raleigh",21534,663728
"Jonah Heim","- - -",608,2020,2201,455,298,87,2,68,222,282,157,2,422,8,14,2,52,11,2,0.225247524,"Jonah Heim",16930,641680
"Tucker Barnhart","- - -",448,1246,1404,280,201,54,0,25,118,132,136,8,362,13,5,4,28,3,0,0.224719101,"Tucker Barnhart",10200,571466
"Marwin Gonzalez","- - -",344,1060,1176,238,163,44,0,31,117,123,82,2,271,22,8,4,24,7,2,0.224528301,"Marwin Gonzalez",5497,503556
"Adam Duvall","- - -",526,1733,1892,389,196,79,6,108,231,289,121,2,577,25,13,0,17,9,2,0.224466243,"Adam Duvall",10950,594807
"Akil Baddoo","DET",347,1016,1143,228,149,39,12,28,137,104,120,3,307,0,5,2,11,43,13,0.224409448,"Akil Baddoo",22168,668731
"Will Benson","- - -",354,915,1031,205,113,43,12,37,131,118,99,1,343,6,9,2,11,37,12,0.224043715,"Will Benson",21853,666181
"Kyle Higashioka","- - -",454,1317,1414,295,168,60,2,65,148,207,78,0,368,3,12,4,23,5,2,0.223993925,"Kyle Higashioka",5517,543309
"Nick Fortes","- - -",401,1068,1174,239,168,41,2,28,127,107,63,0,200,23,8,12,31,11,6,0.223782771,"Nick Fortes",21538,663743
"Aaron Hicks","- - -",386,1208,1420,270,185,41,5,39,186,152,196,5,341,7,8,1,23,21,6,0.223509933,"Aaron Hicks",5297,543305
"Jace Peterson","- - -",410,1088,1255,243,172,39,8,24,137,119,142,4,304,10,11,4,18,42,5,0.223345588,"Jace Peterson",12325,607054
"Abraham Toro","- - -",442,1438,1582,321,216,60,4,41,178,161,101,3,270,29,12,2,17,16,8,0.223226703,"Abraham Toro",19844,647351
"Cavan Biggio","- - -",561,1627,1937,363,227,80,4,52,267,190,262,2,528,28,9,6,9,33,3,0.223110018,"Cavan Biggio",19252,624415
"Anthony Volpe","NYY",472,1717,1886,382,233,82,15,52,217,192,137,1,473,13,12,6,29,70,20,0.222481071,"Anthony Volpe",27647,683011
"Christopher Morel","- - -",477,1580,1770,351,204,63,10,74,210,210,160,3,538,17,9,4,36,31,18,0.222151898,"Christopher Morel",21897,666624
"Bobby Dalbec","- - -",338,964,1065,214,122,38,7,47,117,143,82,1,390,13,5,1,10,9,0,0.221991701,"Bobby Dalbec",19966,666915
"Jorge Mateo","- - -",488,1303,1411,288,175,71,12,30,183,121,73,0,373,11,9,12,22,106,21,0.221028396,"Jorge Mateo",17273,622761
"Daniel Vogelbach","- - -",541,1523,1811,336,198,60,1,77,204,231,279,7,451,6,3,0,34,0,0,0.220617202,"Daniel Vogelbach",14130,596129
"Kole Calhoun","- - -",425,1453,1640,320,179,67,2,72,198,205,153,7,426,21,12,0,31,9,5,0.220233998,"Kole Calhoun",11200,594777
"Jo Adell","LAA",460,1511,1643,332,192,57,8,75,172,226,98,1,496,23,5,1,32,27,15,0.219722038,"Jo Adell",20220,666176
"Miguel Sanó","- - -",341,1179,1342,259,119,58,2,80,185,188,150,3,493,9,4,0,23,3,2,0.219677692,"Miguel Sano",12164,593934
"Danny Jansen","- - -",570,1700,1946,371,208,77,1,85,236,248,199,3,407,29,12,6,26,1,1,0.218235294,"Danny Jansen",16535,643376
"Nolan Gorman","STL",426,1405,1581,306,172,59,1,74,193,207,162,4,538,6,8,0,10,15,4,0.217793594,"Nolan Gorman",22263,669357
"Trent Grisham","- - -",766,2426,2831,528,306,106,12,104,360,320,341,4,729,33,14,14,36,50,13,0.217642209,"Trent Grisham",18564,663757
"Niko Goodrum","- - -",273,943,1054,204,123,47,8,26,119,99,98,1,347,5,7,1,17,35,10,0.216330858,"Niko Goodrum",12092,592348
"Paul DeJong","- - -",702,2311,2567,499,299,96,2,102,290,290,190,1,728,42,24,0,49,27,14,0.215923842,"Paul DeJong",18015,657557
"Gabriel Arias","CLE",320,947,1034,204,125,50,4,25,104,100,69,1,344,10,6,2,22,17,10,0.215417106,"Gabriel Arias",22563,672356
"JJ Bleday","- - -",404,1339,1527,288,152,81,6,49,178,142,175,4,355,6,6,1,22,12,7,0.215085884,"JJ Bleday",26368,668709
"Austin Barnes","LAD",369,1037,1183,223,159,40,1,23,132,107,115,4,266,16,6,9,30,14,2,0.215043394,"Austin Barnes",12158,605131
"MJ Melendez","KCR",435,1465,1652,315,177,75,11,52,171,163,166,4,437,9,11,0,9,12,11,0.215017064,"MJ Melendez",22197,669004
"Jake Bauers","- - -",519,1381,1574,295,189,56,3,47,174,163,173,3,465,12,7,0,8,33,8,0.213613323,"Jake Bauers",15194,641343
"Nick Allen","- - -",382,1070,1176,228,185,32,2,9,98,65,72,0,235,5,6,23,21,16,10,0.213084112,"Nick Allen",22277,669397
"Matt Carpenter","- - -",491,1216,1458,259,145,65,3,46,160,174,196,3,407,28,14,2,9,9,3,0.212993421,"Matt Carpenter",8090,572761
"Jarred Kelenic","- - -",407,1344,1488,283,165,63,6,49,161,156,130,5,455,6,7,1,20,31,14,0.210565476,"Jarred Kelenic",22558,672284
"Gary Sánchez","- - -",594,1930,2183,406,214,71,3,118,253,324,202,6,616,39,12,0,49,2,1,0.210362694,"Gary Sanchez",11442,596142
"Patrick Wisdom","- - -",423,1261,1415,261,117,57,3,84,181,197,126,2,521,19,4,4,20,21,7,0.206978588,"Patrick Wisdom",13602,621550
"Dylan Moore","- - -",689,1653,1922,340,184,82,11,63,246,198,202,3,583,53,10,3,31,118,41,0.20568663,"Dylan Moore",18042,664238
"Jose Siri","- - -",372,1119,1222,230,126,44,6,54,178,137,76,0,442,14,8,3,13,45,13,0.205540661,"Jose Siri",17452,642350
"Jackie Bradley Jr.","- - -",511,1521,1695,312,185,81,7,39,180,157,136,4,441,26,6,6,24,22,12,0.205128205,"Jackie Bradley Jr.",12984,598265
"Bo Naylor","CLE",318,919,1041,188,102,45,3,38,118,118,104,2,279,4,9,5,9,12,5,0.204570184,"Bo Naylor",21865,666310
"Miguel Vargas","- - -",309,1013,1160,207,117,55,6,29,142,116,121,1,231,13,11,1,14,13,3,0.204343534,"Miguel Vargas",20178,678246
"Rougned Odor","- - -",479,1546,1719,311,161,74,4,72,204,233,135,5,471,29,7,2,20,19,13,0.201164294,"Rougned Odor",12282,596059
"Michael Toglia","COL",280,957,1067,192,102,42,6,42,112,108,101,4,373,3,5,0,19,15,3,0.200626959,"Michael Toglia",25845,669911
"Jake Rogers","DET",331,989,1099,198,108,40,6,44,132,129,89,1,353,8,6,7,18,3,1,0.200202224,"Jake Rogers",19452,668670
"Jack Suwinski","PIT",397,1170,1361,233,127,47,2,57,152,148,167,6,422,15,8,1,11,33,6,0.199145299,"Jack Suwinski",22244,669261
"Taylor Walls","TBR",480,1362,1560,265,176,59,8,22,181,136,176,0,398,3,11,7,14,66,16,0.194566813,"Taylor Walls",22458,670764
"Joey Gallo","- - -",593,1787,2141,337,150,62,5,120,278,266,328,12,813,21,4,1,10,19,4,0.188584219,"Joey Gallo",14128,608336
"Martín Maldonado","- - -",619,1829,2059,343,208,66,1,68,198,191,174,2,627,23,4,29,46,1,0,0.187534171,"Martin Maldonado",6887,455117
"Mike Zunino","- - -",305,913,1011,166,74,35,3,54,120,131,81,0,374,15,2,0,16,0,0,0.181818181,"Mike Zunino",13265,572287
"Austin Hedges","- - -",548,1433,1618,243,172,32,0,39,132,144,108,4,437,20,15,41,36,9,3,0.169574319,"Austin Hedges",12976,595978