"player","player_id","team_abbrev","year","type","avg_hr_trot","doubters","mostly_gone","no_doubters","no_doubter_per","hr_total","xhr","xhr_diff"
"Rodón, Carlos","607074","NYY","2024","adj_xhr","23.71",10,25,16,"44.4","36",34,"2.0"
"Crawford, Kutter","676710","BOS","2024","adj_xhr","24.18",10,28,12,"35.3","34",34.5,"-0.5"
"Nola, Aaron","605400","PHI","2024","adj_xhr","23.79",16,19,11,"34.4","32",26.4,"5.6"
"Canning, Griffin","656288","LAA","2024","adj_xhr","23.55",11,22,11,"35.5","31",28.3,"2.7"
"Berríos, José","621244","TOR","2024","adj_xhr","23.76",18,19,13,"41.9","31",26.8,"4.2"
"Gomber, Austin","596295","COL","2024","adj_xhr","22.74",17,22,9,"30","30",26.2,"3.8"
"Flaherty, Jack","656427","LAD","2024","adj_xhr","24.53",9,23,11,"36.7","30",29,"1.0"
"Rea, Colin","607067","MIL","2024","adj_xhr","24.07",19,19,10,"34.5","29",24.7,"4.3"
"Irvin, Jake","663623","WSH","2024","adj_xhr","23.61",7,18,12,"41.4","29",25.1,"3.9"
"Civale, Aaron","650644","MIL","2024","adj_xhr","23.76",10,24,5,"17.2","29",22.1,"6.9"
"Sears, JP","676664","ATH","2024","adj_xhr","22.73",18,21,13,"46.4","28",29.9,"-1.9"
"Pivetta, Nick","601713","BOS","2024","adj_xhr","24.54",11,22,11,"39.3","28",27.9,"0.1"
"Imanaga, Shota","684007","CHC","2024","adj_xhr","22.93",11,21,9,"33.3","27",24.2,"2.8"
"Ober, Bailey","641927","MIN","2024","adj_xhr","24.9",13,12,17,"63","27",26.6,"0.4"
"López, Pablo","641154","MIN","2024","adj_xhr","23.67",13,23,5,"19.2","26",26.4,"-0.4"
"Peralta, Freddy","642547","MIL","2024","adj_xhr","23.83",10,23,6,"23.1","26",23.3,"2.7"
"Mikolas, Miles","571945","STL","2024","adj_xhr","23.48",16,20,13,"50","26",27.8,"-1.8"
"Gilbert, Logan","669302","SEA","2024","adj_xhr","24.74",8,15,14,"53.8","26",24.7,"1.3"
"Muñoz, Roddery","682610","MIA","2024","adj_xhr","24.13",7,15,12,"46.2","26",25.4,"0.6"
"Severino, Luis","622663","NYM","2024","adj_xhr","24.03",5,13,14,"56","25",24,"1.0"
"Castillo, Luis","622491","SEA","2024","adj_xhr","23.23",15,23,5,"20","25",22.7,"2.3"
"Kikuchi, Yusei","579328","HOU","2024","adj_xhr","24.36",7,18,9,"36","25",20.5,"4.5"
"Corbin, Patrick","571578","WSH","2024","adj_xhr","23.19",9,12,12,"48","25",23,"2.0"
"Cortes, Nestor","641482","NYY","2024","adj_xhr","24.26",12,23,10,"40","25",25.6,"-0.6"
"Abbott, Andrew","671096","CIN","2024","adj_xhr","23.23",9,19,6,"24","25",20.7,"4.3"
"Flexen, Chris","623167","CWS","2024","adj_xhr","23.45",10,19,8,"33.3","24",19.3,"4.7"
"Manaea, Sean","640455","NYM","2024","adj_xhr","23.9",10,22,6,"25","24",23,"1.0"
"Bibee, Tanner","676440","CLE","2024","adj_xhr","23.34",13,16,8,"33.3","24",21.7,"2.3"
"Anderson, Tyler","542881","LAA","2024","adj_xhr","24.57",13,12,12,"50","24",21.7,"2.3"
"Pfaadt, Brandon","694297","AZ","2024","adj_xhr","23.77",9,19,9,"37.5","24",22,"2.0"
"Montas, Frankie","593423","MIL","2024","adj_xhr","23.48",9,19,7,"29.2","24",20.4,"3.6"
"Walker, Taijuan","592836","PHI","2024","adj_xhr","24.79",3,14,15,"62.5","24",24.7,"-0.7"
"Alexander, Tyler","641302","TB","2024","adj_xhr","23.8",9,16,7,"30.4","23",20.7,"2.3"
"Estes, Joey","683155","ATH","2024","adj_xhr","23.81",9,21,10,"43.5","23",26,"-3.0"
"Heaney, Andrew","571760","TEX","2024","adj_xhr","23.84",14,12,12,"52.2","23",22.1,"0.9"
"Lively, Ben","594902","CLE","2024","adj_xhr","24.06",14,13,10,"43.5","23",20.9,"2.1"
"Morton, Charlie","450203","ATL","2024","adj_xhr","24.52",9,17,13,"56.5","23",25.2,"-2.2"
"Quintana, Jose","500779","NYM","2024","adj_xhr","22.64",6,15,10,"43.5","23",21.6,"1.4"
"Eovaldi, Nathan","543135","TEX","2024","adj_xhr","23.98",6,16,11,"47.8","23",22.5,"0.5"
"Quantrill, Cal","615698","COL","2024","adj_xhr","23.25",9,15,9,"39.1","23",20.5,"2.5"
"Gibson, Kyle","502043","STL","2024","adj_xhr","23.79",6,23,6,"26.1","23",22.1,"0.9"
"Keller, Mitch","656605","PIT","2024","adj_xhr","23.38",7,18,9,"39.1","23",23,"0.0"
"Eflin, Zach","621107","BAL","2024","adj_xhr","24.75",7,11,13,"59.1","22",21.3,"0.7"
"Bradley, Taj","671737","TB","2024","adj_xhr","24.61",10,14,10,"45.5","22",19.5,"2.5"
"Kirby, George","669923","SEA","2024","adj_xhr","25.01",8,15,11,"50","22",21.6,"0.4"
"Blanco, Ronel","669854","HOU","2024","adj_xhr","23.62",11,15,8,"36.4","22",20.4,"1.6"
"Allen, Logan","671106","CLE","2024","adj_xhr","22.68",8,18,8,"36.4","22",20.3,"1.7"
"Singer, Brady","663903","KC","2024","adj_xhr","23.48",8,13,14,"63.6","22",24.2,"-2.2"
"Maeda, Kenta","628317","DET","2024","adj_xhr","24.03",9,14,11,"50","22",21.8,"0.2"
"Freeland, Kyle","607536","COL","2024","adj_xhr","23.29",6,14,8,"36.4","22",21,"1.0"
"Littell, Zack","641793","TB","2024","adj_xhr","23.73",15,18,7,"31.8","22",22.9,"-0.9"
"Burnes, Corbin","669203","BAL","2024","adj_xhr","23.97",7,16,11,"50","22",22,"0.0"
"Pérez, Martín","527048","SD","2024","adj_xhr","24.19",10,12,9,"40.9","22",20,"2.0"
"Gray, Sonny","543243","STL","2024","adj_xhr","24.23",6,18,7,"33.3","21",20.5,"0.5"
"Waldron, Matt","663362","SD","2024","adj_xhr","24.05",10,12,9,"42.9","21",19.2,"1.8"
"Hendricks, Kyle","543294","CHC","2024","adj_xhr","24.35",9,10,11,"52.4","21",18.6,"2.4"
"Taillon, Jameson","592791","CHC","2024","adj_xhr","23.23",11,19,6,"28.6","21",20.4,"0.6"
"Arrighetti, Spencer","681293","HOU","2024","adj_xhr","23.89",5,13,7,"33.3","21",17.9,"3.1"
"Miller, Bryce","682243","SEA","2024","adj_xhr","24.97",13,14,9,"42.9","21",20,"1.0"
"Wheeler, Zack","554430","PHI","2024","adj_xhr","23.88",9,16,6,"30","20",18.1,"1.9"
"Wilson, Bryse","669060","MIL","2024","adj_xhr","24.11",6,15,4,"20","20",15.5,"4.5"
"Spiers, Carson","686730","CIN","2024","adj_xhr","24.21",8,16,5,"25","20",17.9,"2.1"
"Fedde, Erick","607200","STL","2024","adj_xhr","22.91",5,17,7,"35","20",20.6,"-0.6"
"Feltner, Ryan","663372","COL","2024","adj_xhr","24.13",13,15,9,"45","20",22.4,"-2.4"
"Gil, Luis","661563","NYY","2024","adj_xhr","23.63",10,13,8,"40","20",17.9,"2.1"
"Gausman, Kevin","592332","TOR","2024","adj_xhr","23.62",18,16,10,"50","20",23.4,"-3.4"
"Cease, Dylan","656302","SD","2024","adj_xhr","23.43",9,16,9,"45","20",20.1,"-0.1"
"Assad, Javier","665871","CHC","2024","adj_xhr","24.13",5,16,9,"45","20",21.1,"-1.1"
"Spence, Mitch","687765","ATH","2024","adj_xhr","23.23",7,19,6,"30","20",18.9,"1.1"
"Bello, Brayan","678394","BOS","2024","adj_xhr","22.69",5,17,8,"42.1","19",18.9,"0.1"
"McKenzie, Triston","663474","CLE","2024","adj_xhr","23.32",5,9,11,"57.9","19",17.8,"1.2"
"Brown, Hunter","686613","HOU","2024","adj_xhr","23.89",8,10,7,"36.8","19",16.4,"2.6"
"Carrasco, Carlos","471911","CLE","2024","adj_xhr","23.84",6,11,11,"57.9","19",19.7,"-0.7"
"Montero, Keider","672456","DET","2024","adj_xhr","23.12",5,12,7,"36.8","19",16.1,"2.9"
"Stroman, Marcus","573186","NYY","2024","adj_xhr","23.52",5,14,7,"36.8","19",17.4,"1.6"
"King, Michael","650633","SD","2024","adj_xhr","24.2",9,7,10,"52.6","19",15.6,"3.4"
"Marsh, Alec","679525","KC","2024","adj_xhr","24.21",8,11,11,"57.9","19",19.1,"-0.1"
"Ryan, Joe","657746","MIN","2024","adj_xhr","23.69",8,17,5,"26.3","19",19.1,"-0.1"
"Harrison, Kyle","690986","SF","2024","adj_xhr","23.86",7,15,7,"38.9","18",16.8,"1.2"
"Dunning, Dane","641540","TEX","2024","adj_xhr","24.73",10,14,6,"33.3","18",17.4,"0.6"
"Cannon, Jonathan","686563","CWS","2024","adj_xhr","22.78",9,12,4,"22.2","18",12.8,"5.2"
"Kremer, Dean","665152","BAL","2024","adj_xhr","23.58",10,13,10,"55.6","18",20.8,"-2.8"
"Parker, Mitchell","680730","WSH","2024","adj_xhr","24.47",10,11,10,"55.6","18",18.9,"-0.9"
"Wacha, Michael","608379","KC","2024","adj_xhr","23.39",12,19,6,"33.3","18",20.8,"-2.8"
"Irvin, Cole","608344","MIN","2024","adj_xhr","23.83",10,19,6,"33.3","18",21.9,"-3.9"
"Detmers, Reid","672282","LAA","2024","adj_xhr","24.23",3,11,8,"44.4","18",15.7,"2.3"
"Myers, Tobias","668964","MIL","2024","adj_xhr","22.8",7,21,3,"16.7","18",17.8,"0.2"
"Bassitt, Chris","605135","TOR","2024","adj_xhr","24.6",9,12,6,"33.3","18",16.8,"1.2"
"Jones, Jared","683003","PIT","2024","adj_xhr","23.74",8,16,4,"22.2","18",16.9,"1.1"
"Crochet, Garrett","676979","CWS","2024","adj_xhr","23.21",4,16,5,"27.8","18",15.7,"2.3"
"Stone, Gavin","694813","LAD","2024","adj_xhr","24.3",6,13,7,"38.9","18",16.5,"1.5"
"Suárez, Albert","544150","BAL","2024","adj_xhr","22.98",13,11,7,"41.2","17",16.1,"0.9"
"Buehler, Walker","621111","LAD","2024","adj_xhr","23.09",5,8,7,"41.2","17",13.6,"3.4"
"De Los Santos, Enyel","660853","CWS","2024","adj_xhr","23.58",2,9,9,"52.9","17",14.9,"2.1"
"Francis, Bowden","670102","TOR","2024","adj_xhr","24.41",5,9,8,"47.1","17",15.3,"1.7"
"Miller, Bobby","676272","LAD","2024","adj_xhr","23.05",2,10,6,"35.3","17",12.4,"4.6"
"Nelson, Ryne","669194","AZ","2024","adj_xhr","22.78",9,14,5,"29.4","17",16.1,"0.9"
"Pepiot, Ryan","686752","TB","2024","adj_xhr","24.74",10,12,6,"35.3","17",17,"0.0"
"Lorenzen, Michael","547179","KC","2024","adj_xhr","23.39",6,16,5,"29.4","17",16.2,"0.8"
"Blach, Ty","621389","COL","2024","adj_xhr","22.63",6,11,6,"35.3","17",15.4,"1.6"
"Lugo, Seth","607625","KC","2024","adj_xhr","22.14",15,19,6,"35.3","17",21,"-4.0"
"Falter, Bailey","663559","PIT","2024","adj_xhr","24.16",9,13,9,"52.9","17",19.1,"-2.1"
"Knack, Landon","689017","LAD","2024","adj_xhr","23.92",3,12,6,"37.5","16",15.5,"0.5"
"Ortiz, Luis","682847","PIT","2024","adj_xhr","24.83",7,15,9,"56.3","16",20.3,"-4.3"
"Cecconi, Slade","677944","AZ","2024","adj_xhr","23.96",7,9,6,"37.5","16",12.6,"3.4"
"Skubal, Tarik","669373","DET","2024","adj_xhr","22.73",7,16,8,"50","16",21.2,"-5.2"
"Woods Richardson, Simeon","680573","MIN","2024","adj_xhr","23.56",11,13,6,"37.5","16",16.2,"-0.2"
"Lynn, Lance","458681","STL","2024","adj_xhr","23.43",8,14,6,"37.5","16",17,"-1.0"
"Glasnow, Tyler","607192","LAD","2024","adj_xhr","22.99",7,7,6,"40","15",12.4,"2.6"
"Gore, MacKenzie","669022","WSH","2024","adj_xhr","24.07",5,10,5,"33.3","15",13.1,"1.9"
"Rodriguez, Grayson","680570","BAL","2024","adj_xhr","23.63",6,16,3,"20","15",15.3,"-0.3"
"Cabrera, Edward","665795","MIA","2024","adj_xhr","24.59",1,12,7,"46.7","15",15.2,"-0.2"
"Ragans, Cole","666142","KC","2024","adj_xhr","24.35",6,7,12,"80","15",16.6,"-1.6"
"Verlander, Justin","434378","HOU","2024","adj_xhr","23.05",6,12,2,"13.3","15",12.1,"2.9"
"Bellozo, Valente","678368","MIA","2024","adj_xhr","23.61",10,9,7,"46.7","15",14.7,"0.3"
"Montgomery, Jordan","656756","AZ","2024","adj_xhr","23.77",9,11,6,"42.9","14",15.1,"-1.1"
"Woo, Bryan","693433","SEA","2024","adj_xhr","23.43",5,9,3,"21.4","14",9.8,"4.2"
"Fried, Max","608331","ATL","2024","adj_xhr","23.68",5,12,5,"35.7","14",13.7,"0.3"
"Schwellenbach, Spencer","680885","ATL","2024","adj_xhr","24.13",5,10,5,"35.7","14",12,"2.0"
"Darvish, Yu","506433","SD","2024","adj_xhr","24.17",7,5,10,"71.4","14",13.7,"0.3"
"Paddack, Chris","663978","MIN","2024","adj_xhr","23.9",2,16,4,"28.6","14",14.6,"-0.6"
"Musgrove, Joe","605397","SD","2024","adj_xhr","23.4",5,12,4,"28.6","14",13.4,"0.6"
"Rogers, Trevor","669432","BAL","2024","adj_xhr","22.81",3,12,5,"35.7","14",14.9,"-0.9"
"Suarez, Ranger","624133","PHI","2024","adj_xhr","24.17",5,9,6,"42.9","14",12.9,"1.1"
"Meyer, Max","676974","MIA","2024","adj_xhr","23.24",2,11,3,"21.4","14",12.4,"1.6"
"Lodolo, Nick","666157","CIN","2024","adj_xhr","22.61",8,11,1,"7.7","13",10.2,"2.8"
"Soroka, Michael","647336","CWS","2024","adj_xhr","25.17",2,9,4,"30.8","13",11.7,"1.3"
"Gallen, Zac","668678","AZ","2024","adj_xhr","23.48",2,12,7,"53.8","13",14.4,"-1.4"
"Ureña, José","570632","TEX","2024","adj_xhr","24.84",6,5,9,"69.2","13",13.3,"-0.3"
"Martinez, Nick","607259","CIN","2024","adj_xhr","24.39",5,11,4,"30.8","13",11.6,"1.4"
"Vásquez, Randy","681190","SD","2024","adj_xhr","24.03",7,9,4,"30.8","13",11.4,"1.6"
"Valdez, Framber","664285","HOU","2024","adj_xhr","24.24",4,7,6,"46.2","13",11.8,"1.2"
"Blackburn, Paul","621112","NYM","2024","adj_xhr","23.05",4,13,1,"8.3","12",11.3,"0.7"
"Hancock, Emerson","676106","SEA","2024","adj_xhr","22.9",8,10,5,"41.7","12",12.6,"-0.6"
"Paxton, James","572020","BOS","2024","adj_xhr","22.94",10,13,2,"16.7","12",12.3,"-0.3"
"Anderson, Chase","502624","TEX","2024","adj_xhr","22.97",1,11,4,"33.3","12",11.9,"0.1"
"Greene, Hunter","668881","CIN","2024","adj_xhr","23.27",9,5,6,"50","12",10.4,"1.6"
"Cole, Gerrit","543037","NYY","2024","adj_xhr","23.07",15,9,4,"33.3","12",12.3,"-0.3"
"Steele, Justin","657006","CHC","2024","adj_xhr","23.18",0,14,2,"16.7","12",11.9,"0.1"
"Pearson, Nate","663878","CHC","2024","adj_xhr","23.39",3,8,5,"41.7","12",10.9,"1.1"
"Varland, Louis","686973","MIN","2024","adj_xhr","23.96",2,9,2,"16.7","12",9.4,"2.6"
"Hader, Josh","623352","HOU","2024","adj_xhr","23.95",5,11,2,"16.7","12",10.9,"1.1"
"Hicks, Jordan","663855","SF","2024","adj_xhr","22.88",7,13,2,"16.7","12",12.3,"-0.3"
"Sánchez, Cristopher","650911","PHI","2024","adj_xhr","23.8",8,9,2,"16.7","12",8.2,"3.8"
"Domínguez, Seranthony","622554","BAL","2024","adj_xhr","25.55",6,6,7,"58.3","12",11.3,"0.7"
"Weaver, Luke","596133","NYY","2024","adj_xhr","25.49",4,10,5,"41.7","12",11.9,"0.1"
"Sandlin, Nick","680704","CLE","2024","adj_xhr","24.25",1,8,5,"41.7","12",11.2,"0.8"
"Wesneski, Hayden","669713","CHC","2024","adj_xhr","23.39",2,9,6,"50","12",13,"-1.0"
"Povich, Cade","700249","BAL","2024","adj_xhr","23.53",4,6,7,"58.3","12",11.7,"0.3"
"Rodríguez, Yariel","684320","TOR","2024","adj_xhr","23.28",0,11,5,"45.5","11",12.3,"-1.3"
"Mize, Casey","663554","DET","2024","adj_xhr","23.89",8,8,5,"45.5","11",12.2,"-1.2"
"Kinley, Tyler","641755","COL","2024","adj_xhr","24.1",7,8,4,"36.4","11",10.5,"0.5"
"Houck, Tanner","656557","BOS","2024","adj_xhr","24",5,14,5,"45.5","11",14.4,"-3.4"
"Gray, Jon","592351","TEX","2024","adj_xhr","23.45",7,12,5,"45.5","11",13,"-2.0"
"Liberatore, Matthew","669461","STL","2024","adj_xhr","24.01",1,10,4,"36.4","11",11.3,"-0.3"
"Yarbrough, Ryan","642232","TOR","2024","adj_xhr","24.22",8,7,3,"27.3","11",9,"2.0"
"Ashcraft, Graham","668933","CIN","2024","adj_xhr","22.78",6,11,1,"9.1","11",8.6,"2.4"
"Contreras, Roansy","672710","LAA","2024","adj_xhr","22.88",6,6,5,"45.5","11",9.5,"1.5"
"Anderson, Grant","681982","TEX","2024","adj_xhr","25.58",1,4,6,"54.5","11",9.5,"1.5"
"Birdsong, Hayden","806185","SF","2024","adj_xhr","23.03",3,10,4,"36.4","11",11.5,"-0.5"
"Kelly, Merrill","518876","AZ","2024","adj_xhr","23.36",3,10,4,"36.4","11",12.1,"-1.1"
"Fulmer, Carson","608334","LAA","2024","adj_xhr","22.61",4,13,3,"27.3","11",12.1,"-1.1"
"Hudson, Daniel","543339","LAD","2024","adj_xhr","23.41",4,11,3,"27.3","11",11.2,"-0.2"
"Maton, Phil","664208","NYM","2024","adj_xhr","23.53",7,7,4,"36.4","11",10,"1.0"
"Weathers, Ryan","677960","MIA","2024","adj_xhr","24.12",7,7,4,"36.4","11",9.9,"1.1"
"Brebbia, John","605154","ATL","2024","adj_xhr","24.46",5,8,3,"27.3","11",8.7,"2.3"
"Hudson, Dakota","641712","COL","2024","adj_xhr","23.34",4,8,4,"36.4","11",9.4,"1.6"
"Herz, DJ","687792","WSH","2024","adj_xhr","23.99",4,7,5,"45.5","11",9.9,"1.1"
"Matthews, Zebby","805673","MIN","2024","adj_xhr","23.32",4,6,6,"54.5","11",11.1,"-0.1"
"Swanson, Erik","657024","TOR","2024","adj_xhr","24.17",5,6,2,"18.2","11",7.7,"3.3"
"Webb, Logan","657277","SF","2024","adj_xhr","25.36",12,9,5,"45.5","11",12.1,"-1.1"
"Moore, Matt","519043","LAA","2024","adj_xhr","24.49",0,5,6,"54.5","11",10.5,"0.5"
"Criswell, Cooper","681867","BOS","2024","adj_xhr","23.04",5,10,3,"30","10",10.4,"-0.4"
"Chavez, Jesse","445926","ATL","2024","adj_xhr","23.63",7,8,2,"20","10",8.1,"1.9"
"Strickland, Hunter","519326","LAA","2024","adj_xhr","23.63",4,10,3,"30","10",10.3,"-0.3"
"Cabrera, Génesis","650893","TOR","2024","adj_xhr","23.94",3,8,2,"20","10",8.3,"1.7"
"Winckowski, Josh","670174","BOS","2024","adj_xhr","24.62",3,12,2,"20","10",10.5,"-0.5"
"Smyly, Drew","592767","CHC","2024","adj_xhr","24.96",1,4,6,"60","10",8.8,"1.2"
"Skenes, Paul","694973","PIT","2024","adj_xhr","22.98",7,10,2,"20","10",10.5,"-0.5"
"Gordon, Tanner","685299","COL","2024","adj_xhr","23.11",3,8,2,"20","10",8.6,"1.4"
"Wilson, Justin","458677","CIN","2024","adj_xhr","24.31",4,6,4,"40","10",8.5,"1.5"
"Barnes, Jacob","606930","WSH","2024","adj_xhr","25.47",4,3,7,"70","10",9.5,"0.5"
"Hjelle, Sean","663546","SF","2024","adj_xhr","23.37",4,4,6,"60","10",9.7,"0.3"
"Megill, Tylor","656731","NYM","2024","adj_xhr","24.84",7,5,4,"40","10",8.6,"1.4"
"Kittredge, Andrew","552640","STL","2024","adj_xhr","23.23",3,9,4,"40","10",11,"-1.0"
"López, Reynaldo","625643","ATL","2024","adj_xhr","23.68",8,10,5,"50","10",11,"-1.0"
"Kelly, Zack","677161","BOS","2024","adj_xhr","24.57",2,6,5,"50","10",9.5,"0.5"
"Bradford, Cody","674003","TEX","2024","adj_xhr","23.25",4,11,3,"30","10",9.9,"0.1"
"Yamamoto, Yoshinobu","808967","LAD","2024","adj_xhr","25.24",7,12,3,"30","10",11.9,"-1.9"
"Schmidt, Clarke","657376","NYY","2024","adj_xhr","23.64",5,7,3,"30","10",9.1,"0.9"
"Suter, Brent","608718","CIN","2024","adj_xhr","23.8",4,6,3,"30","10",7.1,"2.9"
"Kopech, Michael","656629","LAD","2024","adj_xhr","25.98",6,6,6,"60","10",10.4,"-0.4"
"Keller, Brad","641745","BOS","2024","adj_xhr","24.81",3,3,5,"55.6","9",7.8,"1.2"
"Abreu, Bryan","650556","HOU","2024","adj_xhr","23.21",2,5,3,"33.3","9",7.2,"1.8"
"Devenski, Chris","606965","TB","2024","adj_xhr","25.33",0,4,6,"66.7","9",8.7,"0.3"
"Winn, Keaton","676775","SF","2024","adj_xhr","24.83",3,5,3,"33.3","9",7.5,"1.5"
"Peterson, David","656849","NYM","2024","adj_xhr","24.02",8,4,6,"66.7","9",9.1,"-0.1"
"Bednar, David","670280","PIT","2024","adj_xhr","24.33",5,10,3,"33.3","9",11.5,"-2.5"
"Baz, Shane","669358","TB","2024","adj_xhr","22.68",9,5,3,"33.3","9",7.9,"1.1"
"McCaughan, Darren","670766","MIA","2024","adj_xhr","24.18",4,8,5,"55.6","9",10.4,"-1.4"
"Stanek, Ryne","592773","NYM","2024","adj_xhr","23.84",4,9,1,"11.1","9",8.3,"0.7"
"Bivens, Spencer","702352","SF","2024","adj_xhr","23.32",4,8,2,"22.2","9",8.5,"0.5"
"Luzardo, Jesús","666200","MIA","2024","adj_xhr","23.96",4,7,3,"33.3","9",9,"0.0"
"Williams, Gavin","668909","CLE","2024","adj_xhr","23.71",3,9,2,"22.2","9",9.5,"-0.5"
"Festa, David","701581","MIN","2024","adj_xhr","23.4",1,10,3,"33.3","9",10.4,"-1.4"
"Pop, Zach","647315","TOR","2024","adj_xhr","24.28",3,8,1,"11.1","9",6.6,"2.4"
"Ruiz, José","614179","PHI","2024","adj_xhr","25.52",4,4,4,"44.4","9",6.8,"2.2"
"Phillips, Tyler","663969","PHI","2024","adj_xhr","22.73",3,4,5,"55.6","9",8.2,"0.8"
"Mercado, Michael","675650","PHI","2024","adj_xhr","24.9",3,5,4,"44.4","9",8.5,"0.5"
"Wrobleski, Justin","680736","LAD","2024","adj_xhr","23.02",2,7,3,"33.3","9",8.7,"0.3"
"Cruz, Fernando","518585","CIN","2024","adj_xhr","25.18",1,5,6,"66.7","9",8.7,"0.3"
"Shuster, Jared","694363","CWS","2024","adj_xhr","22.71",4,6,3,"33.3","9",8.2,"0.8"
"Baumann, Mike","657508","MIA","2024","adj_xhr","25.02",3,7,3,"33.3","9",8.7,"0.3"
"Finnegan, Kyle","640448","WSH","2024","adj_xhr","22.77",2,8,3,"33.3","9",8.9,"0.1"
"Wicks, Jordan","696136","CHC","2024","adj_xhr","23.8",2,7,4,"44.4","9",9.3,"-0.3"
"Akin, Keegan","669211","BAL","2024","adj_xhr","23.95",2,5,6,"66.7","9",10.2,"-1.2"
"Miller, Shelby","571946","DET","2024","adj_xhr","24.06",1,5,7,"77.8","9",10.6,"-1.6"
"Sale, Chris","519242","ATL","2024","adj_xhr","22.68",5,12,3,"33.3","9",12.3,"-3.3"
"Faedo, Alex","656412","DET","2024","adj_xhr","23.88",1,7,3,"33.3","9",7.9,"1.1"
"Voth, Austin","608723","SEA","2024","adj_xhr","24.98",3,4,4,"44.4","9",7.9,"1.1"
"Lawrence, Justin","664875","COL","2024","adj_xhr","23.11",2,5,3,"33.3","9",7,"2.0"
"Henry, Tommy","674072","AZ","2024","adj_xhr","24.71",2,5,4,"44.4","9",7.7,"1.3"
"Thorpe, Drew","689672","CWS","2024","adj_xhr","22.92",3,4,3,"37.5","8",6.2,"1.8"
"McArthur, James","663704","KC","2024","adj_xhr","22.78",4,7,2,"25","8",7.5,"0.5"
"Soriano, José","667755","LAA","2024","adj_xhr","23.66",1,10,2,"25","8",7.7,"0.3"
"Romero, JoJo","668941","STL","2024","adj_xhr","24.41",4,5,4,"50","8",7.9,"0.1"
"Hughes, Brandon","676714","AZ","2024","adj_xhr","23.51",2,5,4,"50","8",7.8,"0.2"
"Leiter Jr., Mark","643410","NYY","2024","adj_xhr","23.32",5,6,1,"12.5","8",7,"1.0"
"Pallante, Andre","669467","STL","2024","adj_xhr","23.49",1,6,1,"12.5","8",5.7,"2.3"
"Green, Chad","643338","TOR","2024","adj_xhr","23.37",3,10,3,"37.5","8",9.4,"-1.4"
"Houser, Adrian","605288","NYM","2024","adj_xhr","24.94",5,5,6,"75","8",9,"-1.0"
"Thornton, Trent","663423","SEA","2024","adj_xhr","23.23",2,8,2,"25","8",7,"1.0"
"Scott, Christian","681035","NYM","2024","adj_xhr","26.82",5,3,4,"50","8",7,"1.0"
"Sandoval, Patrick","663776","LAA","2024","adj_xhr","25.29",1,3,4,"50","8",6.8,"1.2"
"Sims, Lucas","608371","BOS","2024","adj_xhr","24.3",3,5,4,"50","8",7.1,"0.9"
"Alcala, Jorge","660896","MIN","2024","adj_xhr","25",1,7,3,"37.5","8",8.2,"-0.2"
"Wentz, Joey","666214","PIT","2024","adj_xhr","24.15",4,6,3,"37.5","8",7.4,"0.6"
"Avila, Pedro","658648","CLE","2024","adj_xhr","23.03",5,8,2,"25","8",9,"-1.0"
"Rainey, Tanner","663432","WSH","2024","adj_xhr","22.86",4,7,3,"37.5","8",7.5,"0.5"
"Buttó, José","676130","NYM","2024","adj_xhr","25.74",7,2,6,"75","8",8.6,"-0.6"
"Curry, Xzavion","675540","MIA","2024","adj_xhr","24.06",2,6,5,"62.5","8",9,"-1.0"
"Holton, Tyler","663947","DET","2024","adj_xhr","23.83",4,4,6,"75","8",8.1,"-0.1"
"Neris, Héctor","593576","HOU","2024","adj_xhr","24.59",2,8,4,"50","8",9.7,"-1.7"
"Rodriguez, Eduardo","593958","AZ","2024","adj_xhr","22.21",3,7,5,"62.5","8",9.9,"-1.9"
"Junis, Jakob","596001","CIN","2024","adj_xhr","24.83",3,3,5,"62.5","8",7.5,"0.5"
"Olson, Reese","681857","DET","2024","adj_xhr","23.78",8,8,4,"50","8",9.6,"-1.6"
"Elder, Bryce","693821","ATL","2024","adj_xhr","23.76",2,6,5,"62.5","8",8.7,"-0.7"
"Wilson, Steven","621051","CWS","2024","adj_xhr","22.47",3,7,3,"37.5","8",8.1,"-0.1"
"Vieira, Thyago","600986","AZ","2024","adj_xhr","23.02",1,7,2,"25","8",7.1,"0.9"
"Matsui, Yuki","673513","SD","2024","adj_xhr","25.62",1,5,4,"50","8",7.1,"0.9"
"Montero, Rafael","606160","HOU","2024","adj_xhr","24.2",3,6,2,"25","8",6.9,"1.1"
"García, Luis","472610","BOS","2024","adj_xhr","25.37",3,3,5,"62.5","8",6.9,"1.1"
"Garrett, Reed","657585","NYM","2024","adj_xhr","25.55",4,4,3,"37.5","8",6.6,"1.4"
"Aguiar, Julian","687924","CIN","2024","adj_xhr","25.27",3,5,3,"37.5","8",6.5,"1.5"
"Jackson, Luke","592426","ATL","2024","adj_xhr","22.97",3,7,1,"12.5","8",6.3,"1.7"
"Lee, Dylan","669276","ATL","2024","adj_xhr","25.23",4,7,3,"42.9","7",7.5,"-0.5"
"Stripling, Ross","548389","ATH","2024","adj_xhr","22.57",5,8,1,"14.3","7",7.3,"-0.3"
"Mears, Nick","683232","MIL","2024","adj_xhr","24.42",1,4,3,"42.9","7",6.7,"0.3"
"Nastrini, Nick","680897","CWS","2024","adj_xhr","22.76",1,4,3,"42.9","7",6.6,"0.4"
"Poche, Colin","621363","TB","2024","adj_xhr","22.14",1,5,2,"28.6","7",6.6,"0.4"
"Little, Brendon","663893","TOR","2024","adj_xhr","23.73",1,5,2,"28.6","7",5.9,"1.1"
"Soriano, George","666277","MIA","2024","adj_xhr","23.58",1,5,2,"28.6","7",5.8,"1.2"
"Grove, Michael","675627","LAD","2024","adj_xhr","24.65",1,7,0,"0","7",5.7,"1.3"
"Ort, Kaleb","672391","HOU","2024","adj_xhr","24.75",1,4,3,"42.9","7",5.1,"1.9"
"Scott, Tayler","605463","HOU","2024","adj_xhr","25.34",4,3,1,"14.3","7",3,"4.0"
"Weems, Jordan","607179","WSH","2024","adj_xhr","23.4",2,4,3,"42.9","7",6,"1.0"
"Peralta, Wandy","593974","SD","2024","adj_xhr","23.69",4,2,3,"42.9","7",4.4,"2.6"
"Miller, Tyson","668338","CHC","2024","adj_xhr","23.97",4,4,4,"57.1","7",7.9,"-0.9"
"Suarez, José","660761","LAA","2024","adj_xhr","22.98",1,9,2,"28.6","7",7.8,"-0.8"
"Lambert, Peter","663567","COL","2024","adj_xhr","24.39",4,6,2,"28.6","7",7.6,"-0.6"
"Harris, Hogan","663687","ATH","2024","adj_xhr","25.2",3,6,3,"42.9","7",7.2,"-0.2"
"Priester, Quinn","682990","BOS","2024","adj_xhr","22.5",4,5,3,"42.9","7",7,"0.0"
"Vodnik, Victor","680767","COL","2024","adj_xhr","23.27",6,6,3,"42.9","7",7.7,"-0.7"
"Chivilli, Angel","683409","COL","2024","adj_xhr","24.75",4,5,3,"42.9","7",7,"0.0"
"Ross, Joe","605452","MIL","2024","adj_xhr","22.66",2,7,0,"0","7",6.1,"0.9"
"Matz, Steven","571927","STL","2024","adj_xhr","22.7",1,5,3,"42.9","7",6.2,"0.8"
"Oller, Adam","670124","MIA","2024","adj_xhr","25.75",1,3,5,"71.4","7",7.8,"-0.8"
"Law, Derek","571882","WSH","2024","adj_xhr","24.24",5,4,2,"28.6","7",4.8,"2.2"
"Farmer, Buck","571656","CIN","2024","adj_xhr","24.47",6,5,2,"28.6","7",4.7,"2.3"
"Chirinos, Yonny","630023","MIA","2024","adj_xhr","22.8",4,5,4,"57.1","7",6.5,"0.5"
"Nardi, Andrew","677053","MIA","2024","adj_xhr","25.23",4,7,2,"28.6","7",7.6,"-0.6"
"Leiter, Jack","683004","TEX","2024","adj_xhr","26.36",4,5,4,"57.1","7",7.8,"-0.8"
"Kimbrel, Craig","518886","BAL","2024","adj_xhr","22.89",3,8,2,"28.6","7",8.1,"-1.1"
"Rogers, Taylor","573124","SF","2024","adj_xhr","23.91",3,6,4,"57.1","7",8.5,"-1.5"
"Smith, Will","519293","KC","2024","adj_xhr","23.9",2,8,3,"42.9","7",8.9,"-1.9"
"Weissert, Greg","669711","BOS","2024","adj_xhr","22.43",3,5,2,"28.6","7",5.8,"1.2"
"Richards, Trevor","670950","MIN","2024","adj_xhr","23.62",4,4,2,"28.6","7",6,"1.0"
"Martinez, Seth","661527","HOU","2024","adj_xhr","23.43",4,3,3,"42.9","7",6.1,"0.9"
"Black, Mason","696131","SF","2024","adj_xhr","25.54",2,7,1,"14.3","7",6.1,"0.9"
"Suarez, Robert","663158","SD","2024","adj_xhr","23.89",2,5,3,"42.9","7",6.2,"0.8"
"Jackson, Jay","543351","MIN","2024","adj_xhr","25.12",3,4,3,"42.9","7",6.2,"0.8"
"Diekman, Jake","518617","NYM","2024","adj_xhr","23.58",4,3,3,"42.9","7",6.3,"0.7"
"Brasier, Ryan","518489","LAD","2024","adj_xhr","23.86",2,4,4,"57.1","7",6.6,"0.4"
"Rodríguez, Yerry","666720","TOR","2024","adj_xhr","24.95",1,7,2,"28.6","7",7,"0.0"
"Díaz, Edwin","621242","NYM","2024","adj_xhr","25.96",1,8,1,"14.3","7",7.1,"-0.1"
"Hudson, Bryan","663542","MIL","2024","adj_xhr","21.71",1,4,2,"28.6","7",5,"2.0"
"Leclerc, José","600917","TEX","2024","adj_xhr","23.78",4,6,2,"28.6","7",6.8,"0.2"
"Kochanowicz, Jack","686799","LAA","2024","adj_xhr","23.52",5,4,3,"42.9","7",6.2,"0.8"
"Holmes, Grant","656550","ATL","2024","adj_xhr","22.17",4,6,2,"28.6","7",6,"1.0"
"Scherzer, Max","453286","TEX","2024","adj_xhr","23.89",6,4,2,"28.6","7",5.3,"1.7"
"Miller, Erik","669062","SF","2024","adj_xhr","21.75",5,5,1,"14.3","7",5.3,"1.7"
"Rogers, Tyler","643511","SF","2024","adj_xhr","23.64",5,4,2,"28.6","7",5.6,"1.4"
"Kelly, Kevin","687330","TB","2024","adj_xhr","23.38",3,5,3,"42.9","7",6.6,"0.4"
"Payamps, Joel","606303","MIL","2024","adj_xhr","23.6",3,5,3,"42.9","7",7,"0.0"
"Vesia, Alex","681911","LAD","2024","adj_xhr","22.44",3,6,2,"28.6","7",7.1,"-0.1"
"Thielbar, Caleb","573204","MIN","2024","adj_xhr","23.99",2,4,4,"66.7","6",7.2,"-1.2"
"Holderman, Colin","670059","PIT","2024","adj_xhr","26.05",4,5,2,"33.3","6",5.8,"0.2"
"Phillips, Evan","623465","LAD","2024","adj_xhr","24",3,5,3,"50","6",6.4,"-0.4"
"Sewald, Paul","623149","AZ","2024","adj_xhr","23.43",3,8,1,"16.7","6",6.4,"-0.4"
"Beeks, Jalen","656222","PIT","2024","adj_xhr","23.74",4,5,3,"50","6",6.5,"-0.5"
"Lynch IV, Daniel","663738","KC","2024","adj_xhr","23.23",2,5,4,"66.7","6",7.4,"-1.4"
"Armstrong, Shawn","542888","CHC","2024","adj_xhr","23.46",2,7,2,"33.3","6",7.6,"-1.6"
"Hoeing, Bryan","663773","SD","2024","adj_xhr","24.05",1,5,5,"83.3","6",8,"-2.0"
"López, Jorge","605347","CHC","2024","adj_xhr","22.54",8,4,2,"33.3","6",6.1,"-0.1"
"Sands, Cole","663485","MIN","2024","adj_xhr","23.83",6,6,2,"33.3","6",7.1,"-1.1"
"Estévez, Carlos","608032","PHI","2024","adj_xhr","23.53",5,7,1,"16.7","6",6.3,"-0.3"
"Ottavino, Adam","493603","NYM","2024","adj_xhr","23.39",5,6,2,"33.3","6",6.7,"-0.7"
"Smith, Burch","572143","BAL","2024","adj_xhr","23.58",3,7,3,"50","6",7.9,"-1.9"
"Muller, Kyle","666205","ATH","2024","adj_xhr","24.19",3,9,1,"16.7","6",8,"-2.0"
"Adam, Jason","592094","SD","2024","adj_xhr","25.71",4,4,5,"83.3","6",8.2,"-2.2"
"Anderson, Nick","623433","KC","2024","adj_xhr","24.67",0,3,3,"50","6",5.3,"0.7"
"Miller, Mason","695243","ATH","2024","adj_xhr","23.48",1,3,2,"33.3","6",3.9,"2.1"
"Tonkin, Michael","543859","MIN","2024","adj_xhr","22.86",3,4,1,"16.7","6",4.5,"1.5"
"Hall, DL","669084","MIL","2024","adj_xhr","24.38",0,6,2,"33.3","6",5.6,"0.4"
"Turnbull, Spencer","605513","PHI","2024","adj_xhr","24.6",1,4,3,"50","6",5.7,"0.3"
"Zerpa, Angel","672582","KC","2024","adj_xhr","22.54",2,2,4,"66.7","6",5.8,"0.2"
"Milner, Hoby","571948","MIL","2024","adj_xhr","23.45",1,5,2,"33.3","6",5.8,"0.2"
"Chargois, JT","608638","SEA","2024","adj_xhr","23.71",2,2,4,"66.7","6",5.9,"0.1"
"García, Yimi","554340","SEA","2024","adj_xhr","23.93",1,4,3,"50","6",6,"0.0"
"Alzolay, Adbert","640470","CHC","2024","adj_xhr","24.69",1,5,2,"33.3","6",6.6,"-0.6"
"Alvarado, José","621237","PHI","2024","adj_xhr","23.38",1,5,2,"33.3","6",6.6,"-0.6"
"Minter, A.J.","621345","ATL","2024","adj_xhr","23.32",1,4,2,"33.3","6",4.8,"1.2"
"Gallegos, Giovanny","606149","STL","2024","adj_xhr","23.03",0,5,2,"33.3","6",4.9,"1.1"
"Ray, Robbie","592662","SF","2024","adj_xhr","23.99",0,6,1,"16.7","6",5.4,"0.6"
"Muñoz, Andrés","662253","SEA","2024","adj_xhr","24.23",1,2,4,"66.7","6",5.8,"0.2"
"Thompson, Zack","668868","STL","2024","adj_xhr","22.52",0,4,3,"50","6",6.1,"-0.1"
"Latz, Jacob","656641","TEX","2024","adj_xhr","23.87",0,4,3,"50","6",6.3,"-0.3"
"Hernández, Jonathan","642546","SEA","2024","adj_xhr","24.19",3,5,1,"16.7","6",4.4,"1.6"
"Mazur, Adam","800049","SD","2024","adj_xhr","23.71",3,5,1,"16.7","6",4.8,"1.2"
"Wood, Alex","622072","ATH","2024","adj_xhr","23.03",2,6,1,"16.7","6",5.3,"0.7"
"Hoffman, Jeff","656546","PHI","2024","adj_xhr","25.7",2,4,3,"50","6",5.3,"0.7"
"Ginkel, Kevin","656464","AZ","2024","adj_xhr","25.07",3,2,4,"66.7","6",5.4,"0.6"
"Cantillo, Joey","676282","CLE","2024","adj_xhr","24.43",1,5,3,"50","6",5.4,"0.6"
"Jiménez, Dany","666204","ATH","2024","adj_xhr","25.06",2,5,2,"33.3","6",5.5,"0.5"
"Okert, Steven","595345","MIN","2024","adj_xhr","25.77",2,4,3,"50","6",5.5,"0.5"
"Pagán, Emilio","641941","CIN","2024","adj_xhr","24.74",3,4,2,"33.3","6",5.7,"0.3"
"Bernardino, Brennan","657514","BOS","2024","adj_xhr","23.39",2,5,2,"33.3","6",5.9,"0.1"
"Woodford, Jake","663765","PIT","2024","adj_xhr","22.12",1,6,2,"33.3","6",5.9,"0.1"
"Barlow, Scott","605130","CLE","2024","adj_xhr","23.91",2,4,3,"50","6",6,"0.0"
"Díaz, Alexis","664747","CIN","2024","adj_xhr","24.97",2,3,4,"66.7","6",6.1,"-0.1"
"Leasure, Jordan","673929","CWS","2024","adj_xhr","23.49",2,5,2,"33.3","6",6.2,"-0.2"
"Ferguson, Caleb","657571","HOU","2024","adj_xhr","23.88",2,3,4,"66.7","6",6.6,"-0.6"
"McGough, Scott","543518","AZ","2024","adj_xhr","24.52",1,4,4,"66.7","6",6.9,"-0.9"
"Gaddis, Hunter","683769","CLE","2024","adj_xhr","24.76",6,10,1,"16.7","6",8.5,"-2.5"
"Johnson, Pierce","572955","ATL","2024","adj_xhr","22.45",4,5,1,"16.7","6",4.9,"1.1"
"Banks, Tanner","621383","PHI","2024","adj_xhr","23.37",4,5,1,"16.7","6",5,"1.0"
"Cleavinger, Garrett","664076","TB","2024","adj_xhr","23.53",4,5,1,"16.7","6",5.2,"0.8"
"Brieske, Beau","689225","DET","2024","adj_xhr","23.68",3,5,2,"33.3","6",5.6,"0.4"
"Cano, Yennier","666974","BAL","2024","adj_xhr","23.33",4,4,2,"33.3","6",6.4,"-0.4"
"Snell, Blake","605483","SF","2024","adj_xhr","25.48",1,4,5,"83.3","6",6.7,"-0.7"
"Sammons, Bryan","676614","DET","2024","adj_xhr","23.72",2,4,4,"66.7","6",7.5,"-1.5"
"Jarvis, Bryce","686826","AZ","2024","adj_xhr","23.02",2,8,1,"16.7","6",5.6,"0.4"
"Booser, Cam","592155","BOS","2024","adj_xhr","22.62",4,4,1,"20","5",4.8,"0.2"
"Floro, Dylan","571670","AZ","2024","adj_xhr","23.8",4,5,0,"0","5",3.4,"1.6"
"Walker, Ryan","676254","SF","2024","adj_xhr","26.33",2,6,1,"20","5",6.1,"-1.1"
"Bird, Jake","656234","COL","2024","adj_xhr","22.84",1,4,4,"80","5",6.8,"-1.8"
"Foley, Jason","671345","DET","2024","adj_xhr","22.53",8,5,0,"0","5",4.5,"0.5"
"Snider, Collin","676092","SEA","2024","adj_xhr","23.35",4,3,3,"60","5",5.1,"-0.1"
"Harvey, Hunter","640451","KC","2024","adj_xhr","24.35",6,6,2,"40","5",6.5,"-1.5"
"Anderson, Justin","605121","CWS","2024","adj_xhr","25.99",6,4,4,"80","5",6.8,"-1.8"
"France, J.P.","641585","HOU","2024","adj_xhr","25.83",1,3,4,"80","5",6.4,"-1.4"
"Thompson, Ryan","657044","AZ","2024","adj_xhr","23.56",1,6,1,"20","5",6.1,"-1.1"
"Bielak, Brandon","656232","ATH","2024","adj_xhr","22.86",1,5,2,"40","5",5.5,"-0.5"
"Chapman, Aroldis","547973","PIT","2024","adj_xhr","23.38",2,4,2,"40","5",5.5,"-0.5"
"Garrett, Braxton","666129","MIA","2024","adj_xhr","22.31",1,4,3,"60","5",5.5,"-0.5"
"Robertson, David","502085","TEX","2024","adj_xhr","24.87",2,3,3,"60","5",5.3,"-0.3"
"Daniel, Davis","669721","LAA","2024","adj_xhr","22.52",4,3,1,"20","5",4.1,"0.9"
"Chafin, Andrew","605177","TEX","2024","adj_xhr","24.3",3,3,2,"40","5",3.6,"1.4"
"Strahm, Matt","621381","PHI","2024","adj_xhr","24.49",4,3,1,"20","5",3.6,"1.4"
"Martin, Chris","455119","BOS","2024","adj_xhr","22.8",4,3,1,"20","5",3.5,"1.5"
"Kuhl, Chad","641771","CWS","2024","adj_xhr","23.94",4,3,1,"20","5",3.3,"1.7"
"Long, Sam","669674","KC","2024","adj_xhr","23.83",7,3,1,"20","5",4.2,"0.8"
"Stratton, Chris","608717","KC","2024","adj_xhr","22.97",5,4,2,"40","5",5.3,"-0.3"
"Gonzales, Marco","594835","PIT","2024","adj_xhr","23.22",4,5,2,"40","5",5.7,"-0.7"
"Howard, Spencer","675921","CLE","2024","adj_xhr","23.63",4,6,1,"20","5",6.1,"-1.1"
"Puk, A.J.","640462","AZ","2024","adj_xhr","24.61",4,6,1,"20","5",6.4,"-1.4"
"Manoah, Alek","666201","TOR","2024","adj_xhr","23.98",0,4,1,"20","5",4,"1.0"
"Hernández, Elieser","622694","MIL","2024","adj_xhr","24.04",0,2,3,"60","5",4.2,"0.8"
"Bloss, Jake","814005","HOU","2024","adj_xhr","23.66",0,4,1,"20","5",4.6,"0.4"
"Dana, Caden","702674","LAA","2024","adj_xhr","21.76",0,3,2,"40","5",4.8,"0.2"
"Ramírez, Erasmo","541640","TB","2024","adj_xhr","24.34",0,4,2,"40","5",5.2,"-0.2"
"Kahnle, Tommy","592454","NYY","2024","adj_xhr","26.37",2,1,4,"80","5",5.1,"-0.1"
"Marte, Yunior","628708","PHI","2024","adj_xhr","24.98",1,4,2,"40","5",5.1,"-0.1"
"Clase, Emmanuel","661403","CLE","2024","adj_xhr","21.61",0,5,2,"40","5",4.6,"0.4"
"Warren, Will","701542","NYY","2024","adj_xhr","22.99",1,4,2,"40","5",4.3,"0.7"
"Rosenberg, Kenny","670046","LAA","2024","adj_xhr","23.73",2,4,1,"20","5",3.9,"1.1"
"Cousins, Jake","664776","NYY","2024","adj_xhr","25.75",0,3,3,"60","5",5.1,"-0.1"
"Banda, Anthony","607455","LAD","2024","adj_xhr","24.81",0,4,2,"40","5",4.9,"0.1"
"Springs, Jeffrey","605488","TB","2024","adj_xhr","23.88",1,4,1,"20","5",4.4,"0.6"
"Bowman, Matt","621199","BAL","2024","adj_xhr","25.2",1,3,2,"40","5",4.3,"0.7"
"Horn, Bailey","690544","BOS","2024","adj_xhr","22.54",1,3,2,"40","5",4.3,"0.7"
"Allard, Kolby","663465","PHI","2024","adj_xhr","23.22",2,1,3,"60","5",4.2,"0.8"
"Zuñiga, Guillo","670871","LAA","2024","adj_xhr","23.26",2,4,0,"0","5",3.6,"1.4"
"Doval, Camilo","666808","SF","2024","adj_xhr","26.75",6,3,3,"60","5",5.1,"-0.1"
"Brown, Ben","676962","CHC","2024","adj_xhr","23.62",3,6,1,"20","5",6.8,"-1.8"
"Molina, Anthony","683627","COL","2024","adj_xhr","23.49",3,5,2,"40","5",5.4,"-0.4"
"Treinen, Blake","595014","LAD","2024","adj_xhr","25.43",5,0,5,"100","5",5.4,"-0.4"
"Martin, Davis","663436","CWS","2024","adj_xhr","23.57",5,3,2,"40","5",5.2,"-0.2"
"Holmes, Clay","605280","NYY","2024","adj_xhr","25.65",4,3,3,"60","5",4.9,"0.1"
"Mayza, Tim","641835","NYY","2024","adj_xhr","24.45",4,4,2,"40","5",4.9,"0.1"
"King, John","667463","STL","2024","adj_xhr","24.71",3,4,2,"40","5",5,"0.0"
"Jansen, Kenley","445276","BOS","2024","adj_xhr","21.67",2,6,2,"50","4",5.7,"-1.7"
"Santillan, Tony","663574","CIN","2024","adj_xhr","25.78",3,1,1,"25","4",2,"2.0"
"Burke, Brock","656271","LAA","2024","adj_xhr","24.76",2,1,2,"50","4",3,"1.0"
"Adcock, Ty","686654","NYM","2024","adj_xhr","22.74",0,5,0,"0","4",3.1,"0.9"
"Leone, Dominic","608678","CWS","2024","adj_xhr","22.84",0,4,1,"25","4",3.1,"0.9"
"Boyle, Joe","671212","ATH","2024","adj_xhr","24.56",0,5,0,"0","4",3.4,"0.6"
"La Sorsa, Joe","686747","WSH","2024","adj_xhr","24.55",1,2,2,"50","4",3.6,"0.4"
"Germán, Domingo","593334","PIT","2024","adj_xhr","22.8",0,3,2,"50","4",3.7,"0.3"
"McFarland, T.J.","519008","ATH","2024","adj_xhr","24.11",1,3,1,"25","4",3.9,"0.1"
"Hurter, Brant","676428","DET","2024","adj_xhr","22.87",1,0,4,"100","4",4.2,"-0.2"
"Vines, Darius","670241","ATL","2024","adj_xhr","22.81",0,3,2,"50","4",4.3,"-0.3"
"Walston, Blake","686796","AZ","2024","adj_xhr","22.86",0,3,2,"50","4",4.3,"-0.3"
"Boyd, Matthew","571510","CLE","2024","adj_xhr","23.29",2,4,0,"0","4",2.4,"1.6"
"Peguero, Elvis","665625","MIL","2024","adj_xhr","22.63",3,3,0,"0","4",2.5,"1.5"
"Nicolas, Kyle","693312","PIT","2024","adj_xhr","23.06",2,2,2,"50","4",3.1,"0.9"
"Adams, Austin","613534","ATH","2024","adj_xhr","24.79",3,2,1,"25","4",3.1,"0.9"
"Morgan, Eli","669212","CLE","2024","adj_xhr","25.82",2,3,1,"25","4",3.1,"0.9"
"Emanuel, Kent","592288","MIA","2024","adj_xhr","24.67",1,4,1,"25","4",3.6,"0.4"
"Estrada, Jeremiah","669093","SD","2024","adj_xhr","25.38",2,2,2,"50","4",3.7,"0.3"
"Blalock, Bradley","687134","COL","2024","adj_xhr","22.76",1,4,1,"25","4",3.9,"0.1"
"Burr, Ryan","621114","TOR","2024","adj_xhr","23.75",2,3,1,"25","4",3.9,"0.1"
"Plesac, Zach","668676","LAA","2024","adj_xhr","23.57",1,3,2,"50","4",4.1,"-0.1"
"Brooks, Aaron","605156","ATH","2024","adj_xhr","24",2,1,3,"75","4",4.1,"-0.1"
"Marinaccio, Ron","676760","NYY","2024","adj_xhr","23.84",2,3,1,"25","4",4.2,"-0.2"
"Duran, Jhoan","661395","MIN","2024","adj_xhr","24.24",1,2,3,"75","4",4.5,"-0.5"
"Tyler, Kyle","667725","MIA","2024","adj_xhr","25.7",5,1,3,"75","4",4.2,"-0.2"
"Erceg, Lucas","668674","KC","2024","adj_xhr","24.24",4,5,0,"0","4",4.5,"-0.5"
"Megill, Trevor","656730","MIL","2024","adj_xhr","23.34",2,6,1,"25","4",5.3,"-1.3"
"Iglesias, Raisel","628452","ATL","2024","adj_xhr","23.14",2,5,2,"50","4",5.3,"-1.3"
"Fernandez, Ryan","681676","STL","2024","adj_xhr","24.81",7,6,1,"25","4",5,"-1.0"
"Webb, Jacob","657097","BAL","2024","adj_xhr","25.88",4,2,2,"50","4",3,"1.0"
"Leahy, Kyle","681517","STL","2024","adj_xhr","22.67",4,3,1,"25","4",3.1,"0.9"
"Medina, Luis","665622","ATH","2024","adj_xhr","22.22",4,2,2,"50","4",3.3,"0.7"
"Clevinger, Mike","605182","CWS","2024","adj_xhr","25.93",3,4,1,"25","4",3.4,"0.6"
"Ginn, J.T.","669372","ATH","2024","adj_xhr","22.74",4,1,3,"75","4",4.2,"-0.2"
"Criswell, Jeff","676105","COL","2024","adj_xhr","24.88",1,5,2,"50","4",4.4,"-0.4"
"Javier, Cristian","664299","HOU","2024","adj_xhr","22.79",2,5,1,"25","4",4.4,"-0.4"
"Slaten, Justin","686580","BOS","2024","adj_xhr","25.9",3,3,2,"50","4",4.4,"-0.4"
"Englert, Mason","669438","DET","2024","adj_xhr","24.11",1,3,4,"100","4",5.1,"-1.1"
"Garabito, Gerson","642520","TEX","2024","adj_xhr","27.93",2,3,3,"75","4",5.2,"-1.2"
"Fairbanks, Pete","664126","TB","2024","adj_xhr","22.46",2,4,2,"50","4",5.5,"-1.5"
"Koenig, Jared","657649","MIL","2024","adj_xhr","23.36",6,1,3,"75","4",4.3,"-0.3"
"Ferguson, Tyler","621053","ATH","2024","adj_xhr","24.52",5,2,3,"75","4",5,"-1.0"
"Soto, Gregory","642397","BAL","2024","adj_xhr","23.34",2,8,0,"0","4",5.4,"-1.4"
"Jax, Griffin","643377","MIN","2024","adj_xhr","24.3",5,5,2,"50","4",6.3,"-2.3"
"Santana, Dennis","642701","PIT","2024","adj_xhr","25.3",5,5,3,"75","4",6.1,"-2.1"
"Romano, Jordan","605447","TOR","2024","adj_xhr","23.19",5,1,1,"25","4",2.6,"1.4"
"Jefferies, Daulton","641726","PIT","2024","adj_xhr","25.16",4,2,1,"25","4",3.1,"0.9"
"White, Mitch","669952","MIL","2024","adj_xhr","24.86",3,1,3,"75","4",3.5,"0.5"
"Cueto, Johnny","456501","LAA","2024","adj_xhr","23.37",2,3,2,"50","4",3.7,"0.3"
"Kelly, Joe","523260","LAD","2024","adj_xhr","24.81",2,4,1,"25","4",3.8,"0.2"
"Brito, Jhony","666745","SD","2024","adj_xhr","23.09",3,4,0,"0","4",3.8,"0.2"
"Cuas, Jose","621016","TOR","2024","adj_xhr","25.49",3,2,2,"50","4",4,"0.0"
"Funderburk, Kody","681892","MIN","2024","adj_xhr","23.22",3,2,2,"50","4",4.1,"-0.1"
"Honeywell, Brent","641703","LAD","2024","adj_xhr","23.94",1,5,1,"25","4",4.3,"-0.3"
"Ramírez, Yohan","670990","BOS","2024","adj_xhr","24.95",2,3,2,"50","4",4.4,"-0.4"
"Rodríguez, Randy","678495","SF","2024","adj_xhr","22.78",1,4,2,"50","4",4.5,"-0.5"
"Garcia, Robert","676395","WSH","2024","adj_xhr","23.41",2,3,2,"50","4",4.6,"-0.6"
"Kolek, Stephen","663568","SD","2024","adj_xhr","25.87",2,3,2,"50","4",4.7,"-0.7"
"Pressly, Ryan","519151","HOU","2024","adj_xhr","22.49",1,4,2,"50","4",4.7,"-0.7"
"Taylor, Troy","700187","SEA","2024","adj_xhr","23.44",1,2,1,"25","4",2.2,"1.8"
"Cisnero, José","542585","LAA","2024","adj_xhr","24.81",0,2,2,"50","4",2.5,"1.5"
"Williamson, Brandon","682227","CIN","2024","adj_xhr","24.36",0,4,0,"0","4",2.5,"1.5"
"Hernandez, Nick","663321","HOU","2024","adj_xhr","25.53",1,2,1,"25","4",2.6,"1.4"
"Brogdon, Connor","641401","LAD","2024","adj_xhr","23.49",0,3,1,"25","4",2.6,"1.4"
"Morejon, Adrian","670970","SD","2024","adj_xhr","24.21",4,6,1,"25","4",5.1,"-1.1"
"Kerr, Ray","678061","ATL","2024","adj_xhr","25.03",3,7,1,"25","4",5.5,"-1.5"
"Basso, Brady","669620","ATH","2024","adj_xhr","23.9",3,3,0,"0","3",2.6,"0.4"
"Ellard, Fraser","686642","CWS","2024","adj_xhr","26.78",0,3,1,"33.3","3",3.7,"-0.7"
"Alexander, Scott","518397","ATH","2024","adj_xhr","22",1,4,1,"33.3","3",2.8,"0.2"
"Wells, Tyler","669330","BAL","2024","adj_xhr","22.84",0,2,3,"100","3",4.3,"-1.3"
"Dubin, Shawn","681869","HOU","2024","adj_xhr","26.69",3,1,1,"33.3","3",1.7,"1.3"
"Junk, Janson","676083","ATH","2024","adj_xhr","25.88",3,1,1,"33.3","3",2,"1.0"
"Bido, Osvaldo","674370","ATH","2024","adj_xhr","23.82",2,1,2,"66.7","3",2.7,"0.3"
"Lovelady, Richard","663992","TB","2024","adj_xhr","21.63",1,2,2,"66.7","3",2.8,"0.2"
"Mlodzinski, Carmen","669387","PIT","2024","adj_xhr","25.01",1,2,2,"66.7","3",2.9,"0.1"
"Díaz, Yilber","700270","AZ","2024","adj_xhr","24.51",2,3,0,"0","3",3.1,"-0.1"
"Espino, Paolo","502179","TOR","2024","adj_xhr","22.57",3,1,2,"66.7","3",3.2,"-0.2"
"Yates, Kirby","489446","TEX","2024","adj_xhr","23.7",1,2,2,"66.7","3",3.6,"-0.6"
"Pruitt, Austin","643493","TEX","2024","adj_xhr","23.68",1,2,2,"66.7","3",3.6,"-0.6"
"Coulombe, Danny","543056","BAL","2024","adj_xhr","23.45",2,1,2,"66.7","3",3.2,"-0.2"
"Scott, Tanner","656945","SD","2024","adj_xhr","25.86",3,3,0,"0","3",2.7,"0.3"
"Moll, Sam","594580","CIN","2024","adj_xhr","20.97",2,4,0,"0","3",3.3,"-0.3"
"Feyereisen, J.P.","656420","LAD","2024","adj_xhr","21.79",3,2,1,"33.3","3",2,"1.0"
"Manning, Matt","666159","DET","2024","adj_xhr","23.21",3,2,1,"33.3","3",3.3,"-0.3"
"Kerkering, Orion","689147","PHI","2024","adj_xhr","23.72",4,3,1,"33.3","3",3.3,"-0.3"
"Ramirez, Emmanuel","642629","MIA","2024","adj_xhr","23.6",4,2,1,"33.3","3",2.7,"0.3"
"Sánchez, Sixto","664350","MIA","2024","adj_xhr","22.55",2,5,0,"0","3",3.9,"-0.9"
"Tinoco, Jesus","622786","MIA","2024","adj_xhr","23.14",3,4,1,"33.3","3",3.8,"-0.8"
"Stratton, Hunter","676702","PIT","2024","adj_xhr","22",2,2,0,"0","3",1,"2.0"
"Keuchel, Dallas","572971","MIL","2024","adj_xhr","21.57",2,1,1,"33.3","3",1.5,"1.5"
"Leibrandt, Brandon","605335","CIN","2024","adj_xhr","26.33",1,3,0,"0","3",1.6,"1.4"
"Hentges, Sam","656529","CLE","2024","adj_xhr","21.73",1,3,0,"0","3",1.7,"1.3"
"Anderson, Shaun","641312","MIA","2024","adj_xhr","25.44",2,1,1,"33.3","3",1.8,"1.2"
"Helsley, Ryan","664854","STL","2024","adj_xhr","22.2",0,4,0,"0","3",2.3,"0.7"
"Young, Danny","664849","NYM","2024","adj_xhr","24.89",1,1,2,"66.7","3",2.4,"0.6"
"Rodríguez, Manuel","655889","TB","2024","adj_xhr","26.17",0,2,1,"33.3","3",2.9,"0.1"
"Allen, Logan","663531","AZ","2024","adj_xhr","22.05",0,2,1,"33.3","3",2.9,"0.1"
"Rodríguez, Joely","570257","BOS","2024","adj_xhr","22.32",0,1,2,"66.7","3",2.9,"0.1"
"Robertson, Nick","687798","TOR","2024","adj_xhr","21.88",0,2,1,"33.3","3",2.8,"0.2"
"Núñez, Dedniel","673380","NYM","2024","adj_xhr","27.54",0,2,1,"33.3","3",2.7,"0.3"
"Rodriguez, Carlos","692230","MIL","2024","adj_xhr","23.02",0,2,1,"33.3","3",2.6,"0.4"
"Bowlan, Jonathan","680742","KC","2024","adj_xhr","25.76",0,2,1,"33.3","3",2.5,"0.5"
"Silseth, Chase","681217","LAA","2024","adj_xhr","20.34",1,1,1,"33.3","3",2.1,"0.9"
"Winans, Allan","642216","ATL","2024","adj_xhr","24.23",1,1,1,"33.3","3",2,"1.0"
"Toussaint, Touki","657053","CWS","2024","adj_xhr","22.3",1,2,0,"0","3",1.3,"1.7"
"González, Victor","624647","NYY","2024","adj_xhr","23.99",1,2,1,"33.3","3",2.7,"0.3"
"Davis, Noah","663562","COL","2024","adj_xhr","25.55",0,4,0,"0","3",2.7,"0.3"
"Matzek, Tyler","554431","ATL","2024","adj_xhr","24.7",1,3,0,"0","3",2.7,"0.3"
"Bubic, Kris","663460","KC","2024","adj_xhr","24.57",1,2,1,"33.3","3",2.7,"0.3"
"Roberts, Ethan","681799","CHC","2024","adj_xhr","23.66",1,2,1,"33.3","3",2.8,"0.2"
"Fleming, Josh","676596","PIT","2024","adj_xhr","22.94",1,1,2,"66.7","3",2.9,"0.1"
"Senzatela, Antonio","622608","COL","2024","adj_xhr","23.37",0,3,1,"33.3","3",2.9,"0.1"
"Bolton, Cody","675989","SEA","2024","adj_xhr","23.46",1,2,1,"33.3","3",2.9,"0.1"
"Bender, Anthony","669622","MIA","2024","adj_xhr","21.86",3,3,2,"66.7","3",4.2,"-1.2"
"Sauer, Matt","669422","KC","2024","adj_xhr","23.12",4,1,1,"33.3","3",2.3,"0.7"
"Vest, Will","676684","DET","2024","adj_xhr","24.21",5,4,0,"0","3",3.3,"-0.3"
"Williams, Trevor","592866","WSH","2024","adj_xhr","24",5,3,1,"33.3","3",3.5,"-0.5"
"Cosgrove, Tom","676680","SD","2024","adj_xhr","22.05",1,2,1,"33.3","3",2.9,"0.1"
"Baker, Bryan","641329","BAL","2024","adj_xhr","23.96",4,2,0,"0","3",1.9,"1.1"
"Waldrep, Hurston","694462","ATL","2024","adj_xhr","25.51",1,1,2,"66.7","3",3,"0.0"
"Petersen, Michael","656848","MIA","2024","adj_xhr","23.86",1,2,1,"33.3","3",3,"0.0"
"Saucedo, Tayler","642048","SEA","2024","adj_xhr","22.7",1,3,0,"0","3",3,"0.0"
"Campbell, Isaiah","663462","BOS","2024","adj_xhr","26.48",0,2,2,"66.7","3",3.2,"-0.2"
"Castro, Miguel","612434","AZ","2024","adj_xhr","23.46",0,1,3,"100","3",3.3,"-0.3"
"Thompson, Keegan","624522","CHC","2024","adj_xhr","23.91",0,3,1,"33.3","3",3.5,"-0.5"
"Crouse, Hans","668968","LAA","2024","adj_xhr","20.81",0,4,1,"50","2",3.8,"-1.8"
"Varland, Gus","681402","CWS","2024","adj_xhr","23.88",1,2,1,"50","2",2,"0.0"
"Hamilton, Ian","641656","NYY","2024","adj_xhr","27.03",2,1,1,"50","2",2,"0.0"
"Brzykcy, Zach","694350","WSH","2024","adj_xhr","25.47",2,2,0,"0","2",1.8,"0.2"
"Hill, Tim","657612","NYY","2024","adj_xhr","25.03",2,2,0,"0","2",1.6,"0.4"
"Teng, Kai-Wei","678906","SF","2024","adj_xhr","29.27",2,2,0,"0","2",1.4,"0.6"
"Martinez, Justin","679885","AZ","2024","adj_xhr","22.63",3,0,1,"50","2",1.3,"0.7"
"Senga, Kodai","673540","NYM","2024","adj_xhr","24.61",3,0,1,"50","2",1.2,"0.8"
"Roycroft, Chris","688297","STL","2024","adj_xhr","22.16",3,2,1,"50","2",2.5,"-0.5"
"Bradish, Kyle","680694","BAL","2024","adj_xhr","24.85",2,3,1,"50","2",3.1,"-1.1"
"Stewart, Brock","592779","MIN","2024","adj_xhr","23.92",3,1,0,"0","2",0.8,"1.2"
"Hanifee, Brenan","669724","DET","2024","adj_xhr","23.65",4,2,1,"50","2",2.4,"-0.4"
"Nance, Tommy","667297","TOR","2024","adj_xhr","22.02",4,3,0,"0","2",2,"0.0"
"Smith, Cade","671922","CLE","2024","adj_xhr","23.94",1,5,2,"100","2",5,"-3.0"
"Kelly, Michael","547184","ATH","2024","adj_xhr","21.75",0,1,2,"100","2",2.7,"-0.7"
"Bermúdez, Jonathan","642834","MIA","2024","adj_xhr","21.7",0,3,0,"0","2",2.5,"-0.5"
"Jacob, Alek","689690","SD","2024","adj_xhr","22.05",0,2,1,"50","2",2.5,"-0.5"
"Parsons, Wes","641149","CLE","2024","adj_xhr","24.06",0,3,0,"0","2",2.5,"-0.5"
"Borucki, Ryan","621366","PIT","2024","adj_xhr","25.8",0,2,1,"50","2",2.4,"-0.4"
"Gose, Anthony","543238","CLE","2024","adj_xhr","23.97",0,2,1,"50","2",2.4,"-0.4"
"Salazar, Eduardo","674285","WSH","2024","adj_xhr","24.22",0,2,1,"50","2",2.3,"-0.3"
"Festa, Matt","670036","TEX","2024","adj_xhr","26.86",0,2,1,"50","2",2.3,"-0.3"
"Burke, Sean","680732","CWS","2024","adj_xhr","24.97",0,3,0,"0","2",2.2,"-0.2"
"Dunshee, Parker","670161","ATL","2024","adj_xhr","27.43",0,2,1,"50","2",2.2,"-0.2"
"Gillaspie, Logan","670810","SD","2024","adj_xhr","21.59",1,0,2,"100","2",2.2,"-0.2"
"Tate, Dillon","622253","TOR","2024","adj_xhr","24.35",1,1,1,"50","2",2.2,"-0.2"
"Bush, Ky","681066","CWS","2024","adj_xhr","22.52",1,1,1,"50","2",2.1,"-0.1"
"García, Deivi","665620","CWS","2024","adj_xhr","25.82",1,1,1,"50","2",2.1,"-0.1"
"Smith, Drew","622098","NYM","2024","adj_xhr","24.62",1,2,0,"0","2",2.1,"-0.1"
"Andriese, Matt","542882","MIA","2024","adj_xhr","25.93",1,1,1,"50","2",2,"0.0"
"Bachar, Lake","669199","MIA","2024","adj_xhr","25.41",0,3,0,"0","2",2,"0.0"
"Heasley, Jonathan","669169","BAL","2024","adj_xhr","25.83",1,0,2,"100","2",2,"0.0"
"Wingenter, Trey","622259","CHC","2024","adj_xhr","24.29",0,3,0,"0","2",2,"0.0"
"Madden, Ty","680744","DET","2024","adj_xhr","25.64",1,1,1,"50","2",1.9,"0.1"
"Frías, Luis","666818","TOR","2024","adj_xhr","23.37",1,2,0,"0","2",1.9,"0.1"
"Young, Alex","622065","NYM","2024","adj_xhr","22.89",0,2,1,"50","2",1.8,"0.2"
"Gómez, Yoendrys","672782","NYY","2024","adj_xhr","20.72",1,2,0,"0","2",1.7,"0.3"
"Bazardo, Eduard","660825","SEA","2024","adj_xhr","23.76",1,1,1,"50","2",1.7,"0.3"
"Gray, Josiah","680686","WSH","2024","adj_xhr","21.66",1,1,1,"50","2",1.6,"0.4"
"Lopez, Jacob","682052","TB","2024","adj_xhr","22.68",2,1,0,"0","2",1,"1.0"
"Kershaw, Clayton","477132","LAD","2024","adj_xhr","25.25",2,1,0,"0","2",0.8,"1.2"
"Miller, Ryan","668943","LAA","2024","adj_xhr","25.26",1,1,0,"0","2",0.7,"1.3"
"Henriquez, Edgardo","683618","LAD","2024","adj_xhr","26.17",1,1,0,"0","2",0.9,"1.1"
"Adon, Joan","672851","WSH","2024","adj_xhr","24.37",1,1,0,"0","2",0.9,"1.1"
"Beck, Tristan","663941","SF","2024","adj_xhr","21.58",0,2,0,"0","2",0.9,"1.1"
"Neely, Jack","680891","CHC","2024","adj_xhr","21.84",1,0,1,"50","2",1.1,"0.9"
"Beede, Tyler","595881","CLE","2024","adj_xhr","25.03",0,2,0,"0","2",1.1,"0.9"
"Mena, Cristian","691441","AZ","2024","adj_xhr","24.08",0,2,0,"0","2",1.2,"0.8"
"Williams, Devin","642207","MIL","2024","adj_xhr","21.63",0,2,0,"0","2",1.2,"0.8"
"Nelson, Kyle","669459","AZ","2024","adj_xhr","22.67",1,0,1,"50","2",1.2,"0.8"
"Pinto, Ricardo","620982","PHI","2024","adj_xhr","26.06",0,2,0,"0","2",1.3,"0.7"
"Hill, Jaden","677955","COL","2024","adj_xhr","23.33",0,2,0,"0","2",1.4,"0.6"
"Pint, Riley","666207","COL","2024","adj_xhr","25.31",0,1,1,"50","2",1.4,"0.6"
"Bummer, Aaron","607481","ATL","2024","adj_xhr","23.74",0,2,0,"0","2",1.5,"0.5"
"Speier, Gabe","642100","SEA","2024","adj_xhr","21",0,2,0,"0","2",1.6,"0.4"
"Uceta, Edwin","670955","TB","2024","adj_xhr","23.1",0,1,1,"50","2",1.7,"0.3"
"Díaz, Jhonathan","646242","SEA","2024","adj_xhr","22.06",0,2,0,"0","2",1.7,"0.3"
"Berroa, Prelander","672860","CWS","2024","adj_xhr","22.41",0,1,1,"50","2",1.7,"0.3"
"Zulueta, Yosver","691172","CIN","2024","adj_xhr","26.9",0,2,0,"0","2",1.7,"0.3"
"Lazar, Max","676661","PHI","2024","adj_xhr","21.68",0,2,0,"0","2",1.8,"0.2"
"Kilian, Caleb","668873","CHC","2024","adj_xhr","22.7",0,2,0,"0","2",1.8,"0.2"
"Halvorsen, Seth","678020","COL","2024","adj_xhr","21.93",0,1,1,"50","2",1.9,"0.1"
"Curtiss, John","595928","COL","2024","adj_xhr","24.15",0,2,0,"0","2",1.9,"0.1"
"Blewett, Scott","656240","MIN","2024","adj_xhr","23.74",0,1,1,"50","2",1.9,"0.1"
"Legumina, Casey","668984","CIN","2024","adj_xhr","23.66",0,1,1,"50","2",1.9,"0.1"
"Carasiti, Matt","571539","COL","2024","adj_xhr","28.16",0,1,1,"50","2",2,"0.0"
"Bruján, Vidal","660644","MIA","2024","adj_xhr","21.39",0,1,1,"50","2",2,"0.0"
"Newcomb, Sean","656794","ATH","2024","adj_xhr","25.85",0,0,2,"100","2",2,"0.0"
"O'Brien, Riley","676617","STL","2024","adj_xhr","25.68",0,1,1,"50","2",2,"0.0"
"Winn, Cole","668390","TEX","2024","adj_xhr","25.58",0,1,1,"50","2",2,"0.0"
"Gasser, Robert","688107","MIL","2024","adj_xhr","25.12",0,1,1,"50","2",2,"0.0"
"Stubbs, Garrett","596117","PHI","2024","adj_xhr","23.65",0,0,2,"100","2",2,"0.0"
"Jiménez, Joe","641729","ATL","2024","adj_xhr","22.91",6,2,1,"50","2",2.3,"-0.3"
"Herget, Jimmy","623474","ATL","2024","adj_xhr","22.12",1,1,2,"100","2",2.8,"-0.8"
"Poteet, Cody","547001","NYY","2024","adj_xhr","22.06",0,4,0,"0","2",2.8,"-0.8"
"Otañez, Michel","671305","ATH","2024","adj_xhr","27.07",1,3,0,"0","2",2.6,"-0.6"
"Henriquez, Ronny","678692","MIN","2024","adj_xhr","24.2",1,2,1,"50","2",2.5,"-0.5"
"Brazobán, Huascar","623211","NYM","2024","adj_xhr","23.78",0,4,0,"0","2",2.3,"-0.3"
"Strider, Spencer","675911","ATL","2024","adj_xhr","20.65",1,3,0,"0","2",2.1,"-0.1"
"Hodge, Porter","687863","CHC","2024","adj_xhr","22.67",2,2,0,"0","2",2.1,"-0.1"
"Aldegheri, Sam","691951","LAA","2024","adj_xhr","23.47",1,3,0,"0","2",2,"0.0"
"Bigge, Hunter","685801","TB","2024","adj_xhr","23.87",4,1,0,"0","2",1.4,"0.6"
"Ryan, Ryder","656924","PIT","2024","adj_xhr","22.98",2,3,0,"0","2",1.5,"0.5"
"Roupp, Landen","694738","SF","2024","adj_xhr","21.49",3,1,1,"50","2",1.7,"0.3"
"Avila, Nick","687014","SF","2024","adj_xhr","24.03",2,2,1,"50","2",1.9,"0.1"
"Cobb, Alex","502171","CLE","2024","adj_xhr","23.82",2,2,1,"50","2",2.2,"-0.2"
"Means, John","607644","BAL","2024","adj_xhr","20.86",2,2,1,"50","2",2.5,"-0.5"
"Ashby, Aaron","676879","MIL","2024","adj_xhr","23.95",2,2,1,"50","2",2.8,"-0.8"
"Herrin, Tim","682120","CLE","2024","adj_xhr","28.28",1,2,2,"100","2",2.9,"-0.9"
"Peralta, Sammy","671111","CWS","2024","adj_xhr","23.99",1,2,2,"100","2",3.1,"-1.1"
"Busenitz, Alan","641427","CIN","2024","adj_xhr","22.16",0,0,1,"100","1",1,"0.0"
"Rocker, Kumar","677958","TEX","2024","adj_xhr","24.71",0,1,0,"0","1",0.4,"0.6"
"Rortvedt, Ben","666163","TB","2024","adj_xhr","23.17",0,1,0,"0","1",0.5,"0.5"
"Stephens, Jackson","623451","ATL","2024","adj_xhr","23.24",0,1,0,"0","1",0.5,"0.5"
"Walker, Josh","677020","NYM","2024","adj_xhr","23.44",0,1,0,"0","1",0.6,"0.4"
"Marte, José","665896","LAA","2024","adj_xhr","28.13",0,1,0,"0","1",0.6,"0.4"
"Mushinski, Parker","656786","HOU","2024","adj_xhr","25.37",0,1,0,"0","1",0.6,"0.4"
"Bickford, Phil","641360","NYY","2024","adj_xhr","26.66",0,1,0,"0","1",0.6,"0.4"
"Dobnak, Randy","677976","MIN","2024","adj_xhr","22.2",0,1,0,"0","1",0.7,"0.3"
"Wantz, Andrew","681806","LAA","2024","adj_xhr","23.54",0,1,0,"0","1",0.7,"0.3"
"Sborz, Josh","622250","TEX","2024","adj_xhr","24.97",1,0,1,"100","1",1.1,"-0.1"
"Logue, Zach","656657","LAD","2024","adj_xhr","27.09",0,1,0,"0","1",0.7,"0.3"
"Koch, Matt","571863","COL","2024","adj_xhr","22.24",0,1,0,"0","1",0.7,"0.3"
"Mederos, Victor","682989","LAA","2024","adj_xhr","25.93",0,1,0,"0","1",0.7,"0.3"
"Robert, Daniel","642016","TEX","2024","adj_xhr","22.09",0,1,0,"0","1",0.8,"0.2"
"McCann, James","543510","BAL","2024","adj_xhr","23.52",0,1,0,"0","1",0.8,"0.2"
"Hartwig, Grant","701643","NYM","2024","adj_xhr","19.14",0,1,0,"0","1",0.8,"0.2"
"Garrett, Amir","607237","LAA","2024","adj_xhr","24.64",0,1,0,"0","1",0.9,"0.1"
"Villalobos, Eli","681871","MIA","2024","adj_xhr","24.65",0,1,0,"0","1",0.9,"0.1"
"McDermott, Chayce","694646","BAL","2024","adj_xhr","23.67",0,1,0,"0","1",0.9,"0.1"
"Lucchesi, Joey","664192","NYM","2024","adj_xhr","21.87",1,1,0,"0","1",1.1,"-0.1"
"O'Loughlin, Jack","672552","ATH","2024","adj_xhr","25.9",0,1,0,"0","1",0.9,"0.1"
"Kitchen, Austin","685116","MIA","2024","adj_xhr","22.3",0,1,0,"0","1",0.9,"0.1"
"Foster, Matt","641582","CWS","2024","adj_xhr","21.53",0,1,0,"0","1",0.9,"0.1"
"Maile, Luke","571912","CIN","2024","adj_xhr","23.5",1,1,0,"0","1",1.1,"-0.1"
"Herget, Kevin","643361","MIL","2024","adj_xhr","24.52",1,0,1,"100","1",1.1,"-0.1"
"deGrom, Jacob","594798","TEX","2024","adj_xhr","23.39",0,1,0,"0","1",0.9,"0.1"
"Krook, Matt","640454","BAL","2024","adj_xhr","22.57",0,0,1,"100","1",1,"0.0"
"Veneziano, Anthony","685107","MIA","2024","adj_xhr","25.54",0,0,1,"100","1",1,"0.0"
"Headrick, Brent","687396","MIN","2024","adj_xhr","22.94",0,0,1,"100","1",1,"0.0"
"Gutierrez, Vladimir","661269","MIA","2024","adj_xhr","25.84",0,0,1,"100","1",1,"0.0"
"Warren, Austin","681810","SF","2024","adj_xhr","32.17",0,0,1,"100","1",1,"0.0"
"Altavilla, Dan","656186","KC","2024","adj_xhr","23.01",0,0,1,"100","1",1,"0.0"
"Burrows, Mike","681347","PIT","2024","adj_xhr","29.06",0,0,1,"100","1",1,"0.0"
"McKinstry, Zach","656716","DET","2024","adj_xhr","24.65",0,0,1,"100","1",1,"0.0"
"Kelly, Casey","543391","CIN","2024","adj_xhr","23.95",0,0,1,"100","1",1,"0.0"
"White, Owen","669391","TEX","2024","adj_xhr","25.41",0,1,0,"0","1",0.4,"0.6"
"Johnson, Seth","686751","PHI","2024","adj_xhr","22.59",0,0,1,"100","1",1,"0.0"
"Hicks, Aaron","543305","LAA","2024","adj_xhr","24.72",0,1,0,"0","1",1,"0.0"
"Vespi, Nick","663989","BAL","2024","adj_xhr","23.24",0,0,1,"100","1",1,"0.0"
"Rivera, Emmanuel","656896","BAL","2024","adj_xhr","25.24",0,0,1,"100","1",1,"0.0"
"Willingham, Amos","686294","WSH","2024","adj_xhr","25.36",0,0,1,"100","1",1,"0.0"
"Guillorme, Luis","641645","AZ","2024","adj_xhr","22.2",0,1,0,"0","1",1,"0.0"
"McMillon, John","669111","MIA","2024","adj_xhr","26.9",0,0,1,"100","1",1,"0.0"
"Sulser, Cole","642121","TB","2024","adj_xhr","23.66",0,1,0,"0","1",1,"0.0"
"Effross, Scott","664123","NYY","2024","adj_xhr","23.64",0,1,0,"0","1",1,"0.0"
"Barnhart, Tucker","571466","AZ","2024","adj_xhr","21.2",0,0,1,"100","1",1,"0.0"
"Speas, Alex","666208","HOU","2024","adj_xhr","22.98",0,1,0,"0","1",1,"0.0"
"Vargas, Ildemaro","545121","WSH","2024","adj_xhr","24.7",0,0,1,"100","1",1,"0.0"
"Bukauskas, J.B.","656266","MIL","2024","adj_xhr","30.7",0,0,1,"100","1",1,"0.0"
"Zuber, Tyler","676604","TB","2024","adj_xhr","37.69",0,0,1,"100","1",1,"0.0"
"Gilbert, Tyler","656457","PHI","2024","adj_xhr","21.69",0,0,1,"100","1",1,"0.0"
"Ferrer, Jose A.","678606","WSH","2024","adj_xhr","23.67",0,1,0,"0","1",1,"0.0"
"Shaw, Bryan","543766","CWS","2024","adj_xhr","25.23",0,0,1,"100","1",1,"0.0"
"Teheran, Julio","527054","NYM","2024","adj_xhr","28.73",1,0,1,"100","1",1.1,"-0.1"
"Strzelecki, Peter","657265","CLE","2024","adj_xhr","25.26",1,0,1,"100","1",1.2,"-0.2"
"Rutledge, Jackson","671131","WSH","2024","adj_xhr","23.42",1,0,1,"100","1",1.2,"-0.2"
"Crismatt, Nabil","622503","LAD","2024","adj_xhr","27.57",0,1,1,"100","1",2,"-1.0"
"Feigl, Brady","621399","PIT","2024","adj_xhr","26.44",1,0,1,"100","1",1.2,"-0.2"
"Lamet, Dinelson","659275","LAD","2024","adj_xhr","21.63",0,2,0,"0","1",1.3,"-0.3"
"Smith-Shawver, AJ","700363","ATL","2024","adj_xhr","27.03",2,0,1,"100","1",1.1,"-0.1"
"Quijada, José","650671","LAA","2024","adj_xhr","22.44",0,1,1,"100","1",1.5,"-0.5"
"Holman, Grant","680880","ATH","2024","adj_xhr","26.78",2,1,0,"0","1",1,"0.0"
"Maldonado, Anthony","687424","MIA","2024","adj_xhr","23.91",0,1,1,"100","1",1.7,"-0.7"
"Nittoli, Vinny","657697","BAL","2024","adj_xhr","21.97",0,1,1,"100","1",1.7,"-0.7"
"Whitlock, Garrett","676477","BOS","2024","adj_xhr","22.62",2,1,0,"0","1",0.9,"0.1"
"Joyce, Ben","690829","LAA","2024","adj_xhr","20.96",1,1,0,"0","1",0.9,"0.1"
"Shugart, Chase","663767","BOS","2024","adj_xhr","28.25",1,1,0,"0","1",0.9,"0.1"
"Márquez, Germán","608566","COL","2024","adj_xhr","24.58",1,0,1,"100","1",1,"0.0"
"Uribe, Abner","682842","MIL","2024","adj_xhr","22.46",1,0,1,"100","1",1,"0.0"
"Jacques, Joe","682175","AZ","2024","adj_xhr","25.45",1,1,0,"0","1",1,"0.0"
"Orze, Eric","679358","NYM","2024","adj_xhr","29.87",1,1,0,"0","1",1,"0.0"
"Maciejewski, Josh","656671","NYY","2024","adj_xhr","29.75",1,0,1,"100","1",1,"0.0"
"Hernández, Carlos","672578","KC","2024","adj_xhr","23.56",4,3,1,"100","1",2.8,"-1.8"
"Kuhnel, Joel","669270","TB","2024","adj_xhr","24.03",2,0,0,"0","1",0.1,"0.9"
"McGreevy, Michael","700241","STL","2024","adj_xhr","21.52",2,0,0,"0","1",0.2,"0.8"
"Heller, Ben","621294","PIT","2024","adj_xhr","22.07",1,1,0,"0","1",0.6,"0.4"
"Bruihl, Justin","677865","PIT","2024","adj_xhr","20.67",1,1,0,"0","1",0.7,"0.3"
"Mahle, Tyler","641816","TEX","2024","adj_xhr","21.46",1,1,0,"0","1",0.7,"0.3"
"Hill, Rich","448179","BOS","2024","adj_xhr","22.93",1,1,0,"0","1",0.8,"0.2"
"Mantiply, Joe","573009","AZ","2024","adj_xhr","28.18",9,0,1,"100","1",2,"-1.0"
"Hernandez, Jose E.","669796","PIT","2024","adj_xhr","22.04",1,1,1,"100","1",1.9,"-0.9"
"Pennington, Walter","679156","TEX","2024","adj_xhr","27.89",1,1,1,"100","1",1.8,"-0.8"
"Sabrowski, Erik","681870","CLE","2024","adj_xhr","25.5",1,1,1,"100","1",1.5,"-0.5"
"Graceffo, Gordon","700669","STL","2024","adj_xhr","22.48",1,1,1,"100","1",1.5,"-0.5"
"Little, Luke","681432","CHC","2024","adj_xhr","26.68",1,2,0,"0","1",1.5,"-0.5"
"Cimber, Adam","643256","LAA","2024","adj_xhr","23.32",1,2,0,"0","1",1.4,"-0.4"
"Rogers, Josh","642028","COL","2024","adj_xhr","25.85",2,0,1,"100","1",1.2,"-0.2"
"Almonte, Yency","622075","CHC","2024","adj_xhr","25.64",2,0,1,"100","1",1.1,"-0.1"
"Waguespack, Jacob","621097","TB","2024","adj_xhr","22.29",1,0,0,"0","1",0,"1.0"
"Miley, Wade","489119","MIL","2024","adj_xhr","27.59",1,0,0,"0","1",0,"1.0"
"Gilbreath, Lucas","656458","COL","2024","adj_xhr","23.1",1,0,0,"0","1",0,"1.0"
"Richardson, Lyon","680689","CIN","2024","adj_xhr","28.5",1,0,0,"0","1",0.1,"0.9"
"Andrews, Clayton","677076","NYY","2024","adj_xhr","19.02",1,0,0,"0","1",0.2,"0.8"
"Miller, Owen","680911","MIL","2024","adj_xhr","21.64",1,0,0,"0","1",0.2,"0.8"
"Burdi, Nick","595897","NYY","2024","adj_xhr","20.42",1,0,0,"0","1",0.2,"0.8"
"Clemens, Kody","665019","PHI","2024","adj_xhr","21.97",0,1,0,"0","1",0.3,"0.7"
"Rojas, Josh","668942","SEA","2024","adj_xhr","22.7",0,1,0,"0","1",0.4,"0.6"
"Duarte, Daniel","650960","MIN","2024","adj_xhr","21.69",0,1,0,"0","1",0.4,"0.6"
"Brewer, Colten","605155","CHC","2024","adj_xhr","19.77",1,3,0,"0","1",2.4,"-1.4"
"Schreiber, John","670167","KC","2024","adj_xhr","25.81",2,2,0,"0","1",1.8,"-0.8"
"Ryan, River","689981","LAD","2024","adj_xhr","24.5",2,1,1,"100","1",1.6,"-0.6"
"Barnes, Matt","598264","WSH","2024","adj_xhr","22.85",2,1,1,"100","1",1.6,"-0.6"
"Cronin, Declan","686539","MIA","2024","adj_xhr","25.96",4,1,1,"100","1",1.8,"-0.8"
"Hartlieb, Geoff","664129","COL","2024","adj_xhr","23.71",1,2,1,"100","1",1.6,"-0.6"
"Lucas, Easton","687922","TOR","2024","adj_xhr","22.61",3,1,0,"0","1",0.8,"0.2"
"King, Bryan","687911","HOU","2024","adj_xhr","24.82",0,2,0,"0","1",1.3,"-0.3"
"Faucher, Calvin","676534","MIA","2024","adj_xhr",,2,4,0,,"0",2.6,"-2.6"
"Montgomery, Mason","682254","TB","2024","adj_xhr",,0,2,0,,"0",1.3,"-1.3"
"Casparius, Ben","676508","LAD","2024","adj_xhr",,1,2,0,,"0",1.3,"-1.3"
"Saalfrank, Andrew","685314","AZ","2024","adj_xhr",,1,0,0,,"0",0.1,"-0.1"
"Sterner, Justin","686993","TB","2024","adj_xhr",,1,0,0,,"0",0,"0.0"
"Pérez, Cionel","672335","BAL","2024","adj_xhr",,2,2,0,,"0",1.1,"-1.1"
"Palencia, Daniel","694037","CHC","2024","adj_xhr",,2,1,0,,"0",1,"-1.0"
"Hedges, Austin","595978","CLE","2024","adj_xhr",,0,1,0,,"0",1,"-1.0"
"Rojas, Miguel","500743","LAD","2024","adj_xhr",,0,1,0,,"0",0.4,"-0.4"
"Raley, Brooks","548384","NYM","2024","adj_xhr",,0,1,0,,"0",0.4,"-0.4"
"Klein, Will","694361","ATH","2024","adj_xhr",,0,1,0,,"0",0.4,"-0.4"
"Trevino, Jose","624431","NYY","2024","adj_xhr",,0,1,0,,"0",0.3,"-0.3"
"Boushley, Caleb","676961","MIN","2024","adj_xhr",,0,1,0,,"0",0.3,"-0.3"
"Guenther, Sean","674944","DET","2024","adj_xhr",,1,0,0,,"0",0.2,"-0.2"
"Bieber, Shane","669456","CLE","2024","adj_xhr",,1,0,0,,"0",0.2,"-0.2"
"Fitts, Richard","690916","BOS","2024","adj_xhr",,1,2,0,,"0",0.8,"-0.8"
"Farmer, Kyle","571657","MIN","2024","adj_xhr",,0,1,0,,"0",0.8,"-0.8"
"Paredes, Enoli","660600","CHC","2024","adj_xhr",,2,1,0,,"0",0.7,"-0.7"
"Reyes, Gerardo","622103","ATH","2024","adj_xhr",,0,1,0,,"0",0.7,"-0.7"
"Lyles, Jordan","543475","KC","2024","adj_xhr",,2,1,0,,"0",0.7,"-0.7"
"Rasmussen, Drew","656876","TB","2024","adj_xhr",,1,0,0,,"0",0.2,"-0.2"
"Bote, David","623520","CHC","2024","adj_xhr",,1,0,0,,"0",0.2,"-0.2"
"Snead, Kirby","669912","SEA","2024","adj_xhr",,1,0,0,,"0",0.2,"-0.2"
"Jobe, Jackson","695549","DET","2024","adj_xhr",,1,0,0,,"0",0.2,"-0.2"
"Winder, Josh","680739","MIN","2024","adj_xhr",,1,1,0,,"0",0.7,"-0.7"
"Walters, Andrew","689958","CLE","2024","adj_xhr",,1,0,0,,"0",0.2,"-0.2"
"Guerrero, Luis","692285","BOS","2024","adj_xhr",,1,1,0,,"0",0.5,"-0.5"
"Reid-Foley, Sean","656887","NYM","2024","adj_xhr",,1,0,0,,"0",0,"0.0"
"Bauers, Jake","641343","MIL","2024","adj_xhr",,0,1,0,,"0",0.5,"-0.5"
"Merryweather, Julian","657240","CHC","2024","adj_xhr",,1,0,0,,"0",0.2,"-0.2"
"Contreras, Luis","664351","HOU","2024","adj_xhr",,1,0,0,,"0",0.1,"-0.1"
"Hernández, Enrique","571771","LAD","2024","adj_xhr",,0,1,0,,"0",0.5,"-0.5"
"Lowder, Rhett","695076","CIN","2024","adj_xhr",,1,0,0,,"0",0.1,"-0.1"
"Reynolds, Sean","669308","SD","2024","adj_xhr",,1,0,0,,"0",0.1,"-0.1"
"Hurt, Kyle","669165","LAD","2024","adj_xhr",,1,0,0,,"0",0.1,"-0.1"
"Duffey, Tyler","608648","KC","2024","adj_xhr",,0,1,0,,"0",0.5,"-0.5"
"Rivas, Leo","660844","SEA","2024","adj_xhr",,1,0,0,,"0",0.1,"-0.1"
"Gillispie, Connor","687362","CLE","2024","adj_xhr",,3,0,0,,"0",0.4,"-0.4"