Name,Team,wFB,wSL,wCT,wCB,wCH,wSF,wKN,wFB/C,wSL/C,wCT/C,wCB/C,wCH/C,wSF/C,wKN/C,NameASCII,PlayerId,MLBAMID
"George Kirby","SEA",52.35257911682129,7.520231246948242,0.08752450346946716,-4.241384983062744,-4.6334187388420105,-6.627240896224976,-0.029222793877124786,0.9032536079506779,0.33172612469996654,0.7956773042678833,-0.385580453005704,-1.883503552374801,-1.2115614069881127,-0.9740931292374929,"George Kirby",25436,669923
"Joe Ryan","MIN",72.29655194282532,-18.94748079031706,,0.6520404070615768,-5.0808926820755005,-8.909052729606628,-0.03638676553964615,1.1786200186309963,-0.9005456649390237,,0.21033561518115385,-1.525793598220871,-0.5919636365187129,-3.638676553964615,"Joe Ryan",21390,657746
"Mike Minor","- - -",9.21763026714325,-23.36057935655117,,-7.924144759774208,16.03513216972351,,-0.03891072794795036,0.23973030603753576,-1.254596098633253,,-0.7641412497371464,0.8168686790485741,,-3.8910727947950363,"Mike Minor",10021,501985
"Miles Mikolas","STL",13.808253467082977,-5.987403154373169,,-18.691137611865997,-13.542417824268341,5.422179080545902,-0.5491153597831726,0.1839628759270314,-0.1557191977730343,,-0.6663507170005702,-2.708483564853668,1.204928684565756,-54.91153597831726,"Miles Mikolas",9803,571945
"Adam Ottavino","- - -",15.584702461957932,19.29618889093399,-10.909129679203033,,1.8705268651247025,-0.6065165996551514,,0.6068809369921313,0.8104237249447288,-2.097909553692891,,0.8350566362163849,-0.7980481574409887,,"Adam Ottavino",1247,493603
"Zack Greinke","- - -",9.315709315240383,-4.74640965461731,-1.4795482158660889,13.784123286604881,23.821409195661545,,,0.1862396904286362,-0.26620357008509865,-0.3966617200713375,0.7467022365441431,1.0648819488449506,,,"Zack Greinke",1943,425844
"Clayton Kershaw","LAD",16.08767831325531,76.69159224629402,,12.13845969736576,-2.225230760872364,-1.5063827633857727,,0.35718646343817295,1.5731608665906467,,0.6299148779120789,-5.427392099688693,-0.9356414679414736,,"Clayton Kershaw",2036,477132
"Adam Wainwright","STL",-20.770988941192627,,-1.2941533923149109,29.85489320755005,-4.517113968729973,-1.0749849081039429,,-0.45872325400160396,,-0.04796713833635696,0.7441399104573792,-0.8474885494802951,-5.118975752875919,,"Adam Wainwright",2233,425794
"Corey Kluber","- - -",-38.37033250182867,,-0.37265150249004364,1.941990539431572,6.966244459152222,,,-2.3540081289465444,,-0.022421871389292636,0.13174969738341738,1.0800379006437553,,,"Corey Kluber",2429,446372
"Lance Lynn","- - -",53.61232614517212,3.101603388786316,-6.024858593940735,-12.774574667215347,-14.749659180641174,-0.9449612498283386,,0.5687103653884812,0.15423189402219373,-0.34785557701736347,-1.3183255590521514,-3.0664572101125103,-0.5338764123323947,,"Lance Lynn",2520,458681
"Kenley Jansen","- - -",4.388939261436462,8.457508504390717,47.49382662773132,,,,,0.24615475386631872,1.2064919407119425,1.3577423278368017,,,,,"Kenley Jansen",3096,445276
"Max Scherzer","- - -",59.23206241428852,60.04268139600754,0.5512718260288239,-7.677423775196075,-13.011791706085205,,,0.9387014645687564,2.49865507265949,0.0376294761794419,-0.5511431281547793,-0.6762885502123287,,,"Max Scherzer",3137,453286
"Charlie Morton","- - -",-42.57391279935837,,1.196836769580841,83.67538902163506,-12.11143010854721,,,-0.5365332425880072,,0.07527275280382648,1.2003355188873197,-0.8821143560485951,,,"Charlie Morton",4676,450203
"Rich Hill","- - -",-5.547158241271973,-5.509884979575872,-4.057725220918655,-1.868138249963522,0.1131843589246273,2.4428730234503746,,-0.1431894228516255,-0.799693030417398,-0.527662577492673,-0.05584867712895432,2.263687178492546,1.507946310771836,,"Rich Hill",4806,448179
"Jon Lester","- - -",-29.21224093437195,,-7.152508974075317,-6.753601584583521,-2.900835633277893,,,-1.0803343540818027,,-0.355669267731244,-0.8463159880430479,-0.31599516702373565,,,"Jon Lester",4930,452657
"Michael Pineda","- - -",0.6479686796665192,0.4497320353984833,,,-1.8148477673530579,,,0.022791722816268702,0.030002137117977536,,,-0.21971522607179875,,,"Michael Pineda",5372,501381
"Jesse Chavez","- - -",-7.455734446644783,-4.557781681418419,8.861245602369308,1.7388161271810532,-2.9516157507896423,,,-0.40763993694066614,-3.5607669386081398,0.36183118017024535,1.2785412699860685,-0.49606987408229286,,,"Jesse Chavez",5448,445926
"Madison Bumgarner","- - -",-24.513502418994904,-14.323267936706543,,6.23669707775116,-1.9669018238782883,,,-0.692276261479664,-0.4435821596998,,0.3400598188522988,-0.2774191571055413,,,"Madison Bumgarner",5524,518516
"Jake Odorizzi","- - -",30.42854881286621,-2.855067014694214,0.13503003120422363,-5.7916325479745865,-8.80099692940712,-0.820261538028717,,0.8275373623297855,-0.37223820269807223,0.020063897652930703,-1.6043303456993314,-0.7178627185487048,-7.456923072988336,,"Jake Odorizzi",6397,543606
"Alex Cobb","- - -",-6.137939751148224,-4.3772905468940735,,-1.3058707118034363,13.107740640640259,,,-0.18251381954053594,-2.99814421020142,,-0.10695091824761968,0.42976198821771344,,,"Alex Cobb",6562,502171
"Carlos Carrasco","- - -",-58.59838664531708,-8.002207264304161,-1.3640291094779968,-2.357130728662014,-0.4560847282409668,,,-1.3542497491406766,-0.3399408353570162,-15.155878994199965,-0.3461278603027921,-0.019292924206470677,,,"Carlos Carrasco",6632,471911
"Johnny Cueto","- - -",15.116539061069489,-1.7939023897051811,-15.656804881989956,-2.9908647052943707,-9.125538945198059,,,0.4768624309485643,-0.18267845109014064,-1.779182372953404,-1.8126452759359823,-0.6124522782012121,,,"Johnny Cueto",6893,456501
"Chase Anderson","- - -",-45.689107954502106,1.623317390680313,2.1332597881555557,-17.526811987161636,21.760181605815887,,,-1.6809826326159714,0.5169800607262144,0.14423663205919918,-3.1075907778655383,1.2245459541820984,,,"Chase Anderson",6895,502624
"Martín Pérez","- - -",-1.9283082336187363,1.5758639574050903,-0.10885019972920418,-9.632434092462063,-13.693433403968811,,,-0.03326963826119283,2.5417160603307907,-0.00297242489702906,-1.006523938606276,-0.3916885985116937,,,"Martin Perez",6902,527048
"Luis García","- - -",-9.350624322891235,10.145276829600334,-0.022080451250076294,,,5.179493680596352,,-0.3196794640304696,0.597835994672972,-0.11040225625038147,,,0.6015672102899363,,"Luis Garcia",6984,472610
"Ryan Pressly","- - -",-2.6697059869766235,43.67946183681488,,8.878180235624313,-3.486401855945587,,,-0.13655785099624673,2.3920844379416693,,0.6047806700016563,-1.3306877312769416,,,"Ryan Pressly",7005,519151
"J.A. Happ","- - -",7.20903742313385,-4.444189071655273,,-7.6257113218307495,-5.930575489997864,-5.911948457360268,,0.1699443051186669,-0.46731746284492887,,-5.777054031689962,-1.5324484470278719,-1.3285277432270264,,"J.A. Happ",7410,457918
"Jordan Lyles","- - -",-17.507051274180412,-4.313910253345966,-2.5224828496575356,-17.725328385829926,-20.291824489831924,,,-0.2961273896173954,-0.17051028669351645,-0.7667121123579136,-0.7407157704065995,-1.8037177324295044,,,"Jordan Lyles",7593,543475
"Will Smith","- - -",-9.214217960834503,34.16869443655014,,-5.185717731714249,-0.029484033584594727,,,-0.4485987322704237,1.536362159916823,,-1.1152081143471504,-0.019525850056022996,,,"Will Smith",8048,519293
"Brett Anderson","- - -",-12.169636368751526,-4.195201635360718,-1.6676906049251556,1.105411559343338,13.119428277015686,,,-0.5261407855059025,-0.5976070705642048,-0.29053843291379017,0.2670076230297918,1.4306901065447857,,,"Brett Anderson",8223,474463
"Justin Verlander","- - -",36.26719951629639,54.463858127593994,,5.46056841686368,2.967566430568695,,,0.5720378472601954,1.5472686968066476,,0.2329594034498157,0.4156255504998172,,,"Justin Verlander",8700,434378
"Wade Miley","- - -",-1.0249308049678802,0.08441076427698135,5.493550091981888,-5.341162763535976,8.690909951925278,,,-0.0564389209784075,0.028325759824490388,0.13918292606997434,-1.1461722668532137,0.41783220922717684,,,"Wade Miley",8779,489119
"Nathan Eovaldi","- - -",3.55520960688591,-11.063737124204636,-0.8329377472400665,16.393197625875473,,38.64105585217476,,0.07002579489631496,-1.2515539733263163,-0.03801632803469039,0.7253627268086492,,1.2715056219866654,,"Nathan Eovaldi",9132,543135
"Patrick Corbin","- - -",-80.31773570924997,-15.986741364002228,4.056511327624321,-4.498581796884537,-23.302228331565857,,,-0.8697101863481318,-0.2519978146910818,0.31941034075782054,-2.4582414190625883,-2.106892254210295,,,"Patrick Corbin",9323,571578
"Dallas Keuchel","- - -",-22.564934641122818,-10.501553818583488,-14.03960733115673,,0.8027060031890869,,,-0.6596005449027424,-1.6131419076165114,-0.8153082073842468,,0.04253873890774175,,,"Dallas Keuchel",9434,572971
"Kyle Gibson","- - -",-35.03822326660156,19.989157631993294,0.37331345677375793,-15.549371965229511,-6.781000971794128,,,-0.514586918293458,0.6458532352824974,0.017339222330411425,-1.1178556409223228,-0.31480970156890103,,,"Kyle Gibson",10123,502043
"Aroldis Chapman","- - -",28.23376039415598,16.55258509516716,,,0,10.87465900182724,,0.7272993403955688,1.090420625505083,,,0,2.079284703982264,,"Aroldis Chapman",10233,547973
"Zack Wheeler","- - -",138.75997734069824,30.331366628408432,-2.0294585824012756,-4.6663817167282104,0.2528120279312134,1.4647123143076897,,1.2437033014313725,0.9851044699060875,-0.16327100421571003,-0.2383238874733509,0.05879349486772404,0.23777797310189766,,"Zack Wheeler",10310,554430
"Chris Sale","- - -",1.0650540962815285,55.96654549241066,,,1.5365154147148132,,,0.023254456250688397,1.4237228565863815,,,0.11747059745526095,,,"Chris Sale",10603,519242
"Jacob deGrom","- - -",70.88455545902252,59.553264021873474,,5.491602964699268,18.84767311811447,,,1.4749179246571478,1.7266820534031162,,1.6793892858407549,1.5078138494491578,,,"Jacob deGrom",10954,594798
"Merrill Kelly","- - -",2.795164108276367,4.20105966925621,22.603568643331528,-1.108270563185215,23.70769739151001,,,0.040924803927911674,0.8469878365435908,0.7654442479963267,-0.04910370240076274,0.7483490338229171,,,"Merrill Kelly",11156,518876
"Vince Velasquez","- - -",-2.6515849232673645,-9.849329020828009,-1.473130702972412,-4.491224087774754,-15.73019254207611,,,-0.07166445738560445,-0.7439070257422967,-36.8282675743103,-0.5180189259255772,-2.803955889853139,,,"Vince Velasquez",11189,592826
"Jose Quintana","- - -",30.080593153834343,4.70938777923584,,3.3084824234247208,-30.19393650442362,,,0.4062200290862166,0.5425561957644977,,0.1256544786716567,-1.3190885323033472,,,"Jose Quintana",11423,500779
"Robbie Ray","- - -",22.338010668754578,14.60975170135498,,-20.627871364355087,-6.9442138671875,,,0.28488726780709833,0.3388947274728597,,-1.5067838834444913,-1.3303091699592913,,,"Robbie Ray",11486,592662
"José Ureña","- - -",-38.560310274362564,-10.629993453621864,,,-19.225149251520634,0.4742121957242489,,-0.8031724697846816,-0.45937741804761734,,,-1.3712659951155943,1.4819131116382778,,"Jose Urena",11589,570632
"Jameson Taillon","- - -",12.408184736967087,-3.1742497086524963,4.486593544483185,0.657776415348053,-7.230909675359726,0.05960346385836601,,0.20995236441568674,-0.14158116452508904,0.25120904504385133,0.03335580199533737,-0.8894107841770881,5.960346385836601,,"Jameson Taillon",11674,592791
"Luke Jackson","- - -",-11.415922805666924,24.349642887711525,-0.8791951090097427,-0.9078457951545715,-0.11904417723417282,,,-0.6610262192048016,0.9095869588237403,-4.395975545048714,-0.15257912523606246,-5.952208861708641,,,"Luke Jackson",11752,592426
"Drew Smyly","- - -",-33.50363510847092,,-14.910584479570389,-7.763581290841103,-2.115560933947563,,,-0.7760860576435237,,-1.0650417485407422,-0.18666942271798756,-1.9958122018373239,,,"Drew Smyly",11760,592767
"Noah Syndergaard","- - -",6.019239157438278,-1.5976179838180542,-1.5422313213348389,-0.00036907196044921875,-9.563569903373718,0.05006449297070503,,0.17579553614013663,-0.1572458645490211,-0.8713171306976492,-0.00005183594950129476,-0.7916862502792813,1.2516123242676258,,"Noah Syndergaard",11762,592789
"Héctor Neris","- - -",9.786733448505402,-0.7867966629564762,,,-1.1771502494812012,21.90950381755829,,0.28010112903564405,-0.3838032502226713,,,-4.708600997924805,0.8102627151463864,,"Hector Neris",11804,593576
"James Paxton","- - -",-1.9568230584263802,,-9.13683333992958,9.390857491642237,-2.2270943075418472,,,-0.05138716014775158,,-0.9866990647872118,0.6683884335688425,-0.7325968116913971,,,"James Paxton",11828,572020
"Taijuan Walker","- - -",-3.8948177993297577,0.8786320984363556,-10.617588743567467,-2.7476638853549957,0.20409734547138214,-7.408101126551628,,-0.0737236002144569,0.05153267439509417,-0.7461411625837995,-0.29075808310634876,5.1024336367845535,-0.2538759810332978,,"Taijuan Walker",11836,592836
"Chris Martin","- - -",24.92080894112587,-10.217664003372192,21.29717344045639,,,7.448966979980469,,1.0515109257859017,-2.6266488440545483,1.5729079350410922,,,1.30226695454204,,"Chris Martin",11847,455119
"Jason Adam","- - -",16.674000322818756,25.45803415775299,,-2.0361043959856033,19.20675066113472,,,0.9399098265399525,1.591127134859562,,-1.241527070722929,1.3917935261691825,,,"Jason Adam",11861,592094
"Kyle Hendricks","- - -",-11.680678844451904,,,-7.101693976670504,1.5013293027877808,,,-0.1398213890884834,,,-0.4703108593821526,0.030232164776234006,,,"Kyle Hendricks",12049,543294
"Yimi García","- - -",28.582437865436077,0.7530238032341003,9.6818768940866,,-7.549765512347221,-0.39327317476272583,,1.0586088098309658,0.05247552635777703,1.2286645804678424,,-2.040477165499249,-6.554552912712097,,"Yimi Garcia",12095,554340
"Chris Bassitt","- - -",61.537708684802055,-18.036868631839752,1.8706310391426086,9.728505000472069,-3.6735050082206726,-12.316693305969238,,0.6817827241834927,-0.8942423714347919,0.06697569062451159,0.4376295546771061,-0.3188806430747112,-3.430833789963576,,"Chris Bassitt",12304,605135
"Colin Rea","- - -",12.151047706604004,6.849110893905163,-3.6193469911813736,-6.324220895767212,-8.2429908066988,-11.38720504194498,,0.3183402595390098,0.5924836413412771,-0.2792706011714023,-1.0960521483132084,-5.569588382904594,-2.116580862815052,,"Colin Rea",12317,607067
"Seth Lugo","- - -",36.154954731464386,3.457065761089325,-0.3212618827819824,11.925438921898603,-9.46426972746849,-0.7261435389518738,,0.663028694873728,0.1674934961768084,-0.05873160562741909,0.45086725602641226,-1.3072195756171947,-0.562901968179747,,"Seth Lugo",12447,607625
"Trevor Bauer","- - -",24.463923290371895,11.843320935964584,0.05597579479217529,2.735976904630661,-4.964671045541763,,,0.832672678365279,1.142075307228986,0.004580670604924328,0.24582002737023012,-1.5090185548759159,,,"Trevor Bauer",12703,545333
"Adrian Houser","- - -",46.497404396533966,-14.146243456751108,,-19.223448868840933,-19.71442285180092,,,0.6033139275533147,-0.9215793782899745,,-1.3740849799028545,-1.6878786688185716,,,"Adrian Houser",12718,605288
"Nick Martinez","- - -",-4.118857532739639,-1.6959511935710907,2.028546839952469,-0.7625761926174164,25.143584966659546,,,-0.13067441410976013,-0.4416539566591382,0.1284703508519613,-0.06665875809592801,1.3129809382067648,,,"Nick Martinez",12730,607259
"Rafael Montero","- - -",13.739833310246468,-9.74664506316185,,,3.9987335428595543,4.462830066680908,,0.39470937403753137,-1.4003800378106106,,,0.38119480866154,0.8733522635383382,,"Rafael Montero",12760,606160
"Sonny Gray","- - -",15.039634823799133,43.61289006471634,1.5319838523864746,37.03484773635864,-4.809994965791702,,,0.20288189429109854,1.4674592888531743,0.10638776752683853,1.1215883627001406,-0.5535092020473765,,,"Sonny Gray",12768,543243
"Mike Clevinger","- - -",23.387289851903915,2.6550723016262054,-2.503233313560486,-5.182030465453863,2.425718829035759,,,0.6540069869100648,0.14783253349811834,-0.4502218189856989,-1.1804169625179641,0.29690560942910144,,,"Mike Clevinger",12808,605182
"Shawn Armstrong","- - -",20.57518771663308,5.4221901670098305,1.7702212035655975,-14.68414068967104,,,,0.5855204244915504,1.694434427190572,0.09234330743691171,-3.9367669409305734,,,,"Shawn Armstrong",12857,542888
"Tyler Anderson","- - -",-42.775938637554646,-1.9158641248941422,-3.921082079410553,-3.1877576187253,28.28595319390297,,,-0.6765133423620852,-1.7416946589946747,-0.12579666600611333,-2.821024441349823,0.6174624141869236,,,"Tyler Anderson",12880,542881
"Dylan Bundy","- - -",-26.43303632736206,4.204619765281677,,5.652956247329712,-4.616549372673035,,,-0.7310021108230659,0.24304160492957672,,0.6761909386758028,-0.3508016240633005,,,"Dylan Bundy",12917,605164
"Joe Musgrove","- - -",-7.751873552799225,23.12853829190135,13.814298901706934,19.67799897491932,-7.020080268383026,,,-0.18509726725881626,0.8213259336612695,0.7183722777798718,0.8434633079691093,-0.7229742809869234,,,"Joe Musgrove",12970,605397
"Andrew Chafin","- - -",3.163476701825857,25.531517878174782,,,0.4409877546131611,,,0.09108772536210358,1.3174157831875533,,,2.756173466332257,,,"Andrew Chafin",12988,605177
"Anthony DeSclafani","- - -",-10.737342476844788,17.27757742255926,,-5.458463240414858,-3.4931623339653015,2.6899998486042023,,-0.2715564612252096,0.6310291242717042,,-0.6038123053556259,-0.5661527283574233,2.101562381722033,,"Anthony DeSclafani",13050,543101
"Yu Darvish","- - -",-2.3916673064231873,22.508377075195312,25.80872404575348,21.95329537987709,0.23501001298427582,9.646767884492874,,-0.049982597835385306,0.9533408333416057,0.551350652547607,1.52665475520703,0.1546118506475499,1.0059194874340849,,"Yu Darvish",13074,506433
"Gerrit Cole","- - -",97.27988862991333,51.83950412273407,0.7729988098144531,5.928815733641386,1.6531513780355453,,,1.2129661923929342,1.5328061538360163,0.11284654157875229,0.2661048354417139,0.12638772003329857,,,"Gerrit Cole",13125,543037
"Eduardo Rodriguez","- - -",12.271313726902008,-7.80503636598587,-8.417955249547958,0.3126606047153473,-5.0998105853796005,,,0.16672980607203816,-0.9647758177980063,-0.34163779421866713,0.3678360055474674,-0.17800385987363354,,,"Eduardo Rodriguez",13164,593958
"Zach Davies","- - -",-43.15031814575195,-2.6815185546875,-7.6660475730896,-6.502671808004379,26.48198366165161,,,-0.8256853835773431,-2.73624342315051,-0.7635505550886056,-1.22691920905743,0.8165890737481224,,,"Zach Davies",13183,605200
"Ross Stripling","- - -",-17.97972923517227,-4.1895085871219635,1.2108924388885498,5.669146537780762,-3.851584404706955,,,-0.4817719516391284,-0.23953736918936328,0.5793743726739473,0.4281832732462811,-0.21711298786397715,,,"Ross Stripling",13273,548389
"Hoby Milner","- - -",6.561376929283142,8.181617632508278,,,-2.632251776754856,,,0.25944550926386484,0.477340585327204,,,-0.3366050865415417,,,"Hoby Milner",13346,571948
"Steven Matz","- - -",4.037977397441864,-9.997970629483461,,-12.8715091496706,2.004206746816635,,,0.07178626484341091,-1.3348425406519975,,-0.7670744427694041,0.08120772880132233,,,"Steven Matz",13361,571927
"Dylan Floro","- - -",31.837652906775475,1.0859827995300293,2.1387055814266205,,0.5040999837219715,,,1.0018141254491968,0.3963440874197187,0.24526440153975004,,0.07130127068203275,,,"Dylan Floro",13394,571670
"Marcus Stroman","- - -",8.198053166270256,2.9315380603075027,-6.22265200689435,18.23512251675129,-0.28303734958171844,,,0.1365204523941758,0.10307799086875888,-0.28452912697276406,1.5995721505922185,-0.02073533696569366,,,"Marcus Stroman",13431,573186
"Taylor Rogers","- - -",3.5212161540985107,16.73624551296234,-2.8599610328674316,-0.6084591150283813,,,,0.12363820765795333,0.548549508782771,-16.823300193337833,-1.3828616250645032,,,,"Taylor Rogers",13449,573124
"Daniel Norris","- - -",-11.192014902830124,0.5639139972627163,,-2.303622629493475,0.8608022853732109,,,-0.4558865540867668,0.04714999977113012,,-1.3471477365458917,0.06688440445790295,,,"Daniel Norris",13475,596057
"Blake Snell","- - -",21.171032667160034,23.95120397210121,,26.409719824790955,16.246483027935028,,,0.31626878797669605,1.1383652077994872,,1.0280155634406756,0.7913532892321008,,,"Blake Snell",13543,605483
"Jakob Junis","- - -",-33.63906492292881,32.25512659549713,2.4154558926820755,,-13.717412620782852,,,-0.9223763346018319,0.7332377039212806,1.446380774061123,,-1.5241569578647614,,,"Jakob Junis",13619,596001
"Clay Holmes","- - -",15.264349266886711,15.524664551019669,2.7176360562443733,-1.5759903192520142,2.3532181680202484,,,0.32968356947919464,0.6967982293994466,1.1815808940192927,-0.4125629107989566,0.5324023004570698,,,"Clay Holmes",13649,605280
"Max Fried","- - -",57.62427473068237,15.197881788015366,,36.06660547852516,14.606025733053684,,,0.6939339442519553,0.5548697257398819,,1.0202717249936397,0.9855617903544996,,,"Max Fried",13743,608331
"Chris Stratton","- - -",-0.1790403127670288,-12.54370304942131,,1.577704668045044,-1.9948223251849413,,,-0.005013730405125422,-0.8889938376627434,,0.10574428070006998,-0.2972909575536425,,,"Chris Stratton",13761,608717
"Zach Eflin","- - -",12.455394476652145,5.258917421102524,-3.356822408735752,-6.88494424149394,-4.678105317056179,,,0.21582731721802367,0.3224351576396397,-0.15931762737236602,-0.3487813698831783,-0.4867955584865951,,,"Zach Eflin",13774,621107
"Alex Wood","- - -",1.0040996074676514,-1.5304030179977417,,-4.599125564098358,-15.235186517238617,,,0.02804747506892881,-0.07023419082137411,,-2.044055806265937,-0.8549487383411121,,,"Alex Wood",13781,622072
"Matt Strahm","- - -",18.034363567829132,11.666500963270664,4.973747968673706,13.746490404009819,-10.155125673860312,,,0.5290221052457944,0.7282460027010402,1.1486715862987773,2.6640485279088795,-2.693667287496104,,,"Matt Strahm",13799,621381
"Chris Flexen","- - -",-24.23977467417717,-8.843885198235512,-5.903437435626984,-11.285982508212328,5.160505652427673,,,-0.5722326410334554,-1.2249148474010403,-0.19876893722649774,-1.095726457107993,0.3316520342177168,,,"Chris Flexen",13896,623167
"Brent Suter","- - -",17.857960626482964,-4.244910053908825,,-5.274897571653128,5.863838508725166,,,0.40874251834476916,-0.7158364340487058,,-5.222670863022898,0.4635445461442819,,,"Brent Suter",13942,608718
"Michael Wacha","- - -",-17.943273350596428,-5.872893214225769,-19.47644752264023,-12.446346398442984,60.18175321444869,,,-0.29614248804417276,-1.0997927367463987,-0.8387789630766678,-1.0674396568132918,1.4543681298803453,,,"Michael Wacha",14078,608379
"Kevin Gausman","- - -",43.75013031065464,-19.976491063833237,,-0.11673218011856079,-4.995853774249554,55.09494400024414,,0.4724636102662488,-1.3353269427696013,,-3.891072670618693,-1.2365974688736519,0.8836398396189918,,"Kevin Gausman",14107,592332
"Lance McCullers Jr.","HOU",-16.59660255908966,14.309746026992798,-3.7048875875771046,13.739512979984283,-5.917713776230812,,,-0.8927704442759365,1.161505359333831,-1.7642321845605258,0.9779012797141838,-0.6786369009439005,,,"Lance McCullers Jr.",14120,621121
"José Berríos","- - -",10.931907750666142,,-2.52242910861969,6.646734617650509,-0.6826239265501499,,,0.11106276288393925,,-1.0130237384014817,0.12363717666760618,-0.023022729394608765,,,"Jose Berrios",14168,621244
"Josh Hader","- - -",47.06952366232872,39.12654411792755,,,-1.583600990474224,,,1.024810007888716,2.2345256492248744,,,-0.9260824505697217,,,"Josh Hader",14212,623352
"Wandy Peralta","- - -",-0.7991623878479004,-9.562679279595613,,,29.08389677107334,0.041571687906980515,,-0.03491316679108346,-0.9393594577205908,,,1.3922401517986283,4.1571687906980515,,"Wandy Peralta",14295,593974
"Frankie Montas","- - -",-2.8811287730932236,-10.401002913713455,,,,11.835451692342758,,-0.04767712680941955,-0.3742714254664791,,,,0.5148086860523166,,"Frankie Montas",14309,593423
"Tyler Glasnow","- - -",54.2454400062561,17.85561815649271,,29.12194436788559,-1.0773015916347504,,,1.159338320287585,0.8914437422113185,,1.527107727733906,-0.9287082686506468,,,"Tyler Glasnow",14374,607192
"Hyun Jin Ryu","- - -",2.2759657949209213,1.5775019526481628,6.356937974691391,2.0055966079235077,25.41083714365959,,,0.07668348365636528,0.7620782379942815,0.4207106535202774,0.19247568214237118,1.255476143461442,,,"Hyun Jin Ryu",14444,547943
"Jorge López","- - -",-31.659806426614523,6.511393044143915,,-5.458275251090527,-6.97871857136488,,,-0.6995096426560875,0.8601576016042161,,-0.2763683671438241,-0.7602089947020566,,,"Jorge Lopez",14527,605347
"Carlos Estévez","- - -",3.783952474594116,7.481440380215645,,0.015110276639461517,3.227008283138275,,,0.0875307072540855,0.46410920472801764,,0.7555138319730759,0.4257266864298516,,,"Carlos Estevez",14542,608032
"Edwin Díaz","NYM",10.391064882278442,44.61111116409302,,,-0.684076264500618,,,0.3404673945700669,1.8541608962632177,,,-17.10190661251545,,,"Edwin Diaz",14710,621242
"Paul Blackburn","- - -",-40.32741531729698,-0.5691477954387665,-17.61365155875683,3.056496549397707,8.623434707522392,-0.6563554406166077,,-1.530452194204819,-0.059224536466052705,-1.5003110356692357,0.35091808833498356,1.0593900132091392,-5.469628671805063,,"Paul Blackburn",14739,621112
"Julio Urías","LAD",41.34944286942482,-0.6018097996711731,,36.70910557359457,-2.664778135716915,,,0.8655943661173292,-0.13343897997143528,,1.3687213114688506,-0.17016463191040326,,,"Julio Urias",14765,628711
"Emilio Pagán","- - -",31.725207775831223,8.270104989409447,,0.42009237408638,-0.5826631188392639,-0.2093946449458599,,0.8519121314670037,0.44727447211516747,,0.4828647978004368,-4.8555259903272,-0.029326981084854327,,"Emilio Pagan",14771,641941
"Buck Farmer","- - -",-1.7638413608074188,,,19.14489507675171,-10.140513945370913,,,-0.07016075420872787,,,1.1752544552947644,-0.7653218071978047,,,"Buck Farmer",14814,571656
"Michael Lorenzen","- - -",22.378242410719395,-0.6111857444047928,-2.8518494814634323,-8.274642169475555,14.161644905805588,,,0.47816757287861955,-0.02854674191521685,-0.2229749399111362,-1.309278824284107,0.6676871714194054,,,"Michael Lorenzen",14843,547179
"Caleb Smith","- - -",-2.349984474480152,-5.004533112049103,,-1.2005357034504414,1.8048382364213467,,,-0.07519950318336487,-0.2666240336733672,,-0.5532422596545813,0.17869685509122243,,,"Caleb Smith",14875,592761
"Jon Gray","- - -",-50.59582909941673,56.54528220742941,,-3.4670070186257362,-6.2496116533875465,,,-0.8950261648578938,1.2721098359376695,,-0.43886164792730836,-0.6476281506101084,,,"Jon Gray",14916,592351
"Chad Kuhl","- - -",-58.11726740002632,17.103517293930054,-3.0741629004478455,-4.598339095711708,-8.164999477565289,,,-2.222457644360471,0.6634413224953473,-2.955925865815236,-0.7129207900328229,-2.0160492537198245,,,"Chad Kuhl",14975,641771
"Giovanny Gallegos","STL",12.615002393722534,33.880040660500526,,,1.4774542450904846,,,0.5070338582685906,1.5275040874887524,,,0.8589850262153981,,,"Giovanny Gallegos",14986,606149
"Scott Barlow","- - -",-1.6599412560462952,25.700276374816895,,12.212237996980548,-1.3626748323440552,,,-0.06377031333255072,0.758791744163475,,0.7067267359363744,-68.13374161720276,,,"Scott Barlow",14993,605130
"Kyle Finnegan","- - -",11.016904890537262,-0.5615337491035461,,,,9.002725630998611,,0.27975888498063134,-0.09296916375886526,,,,0.7787824940310217,,"Kyle Finnegan",15009,640448
"Germán Márquez","COL",-41.57253956794739,-13.67908000946045,,26.555164396762848,-15.109201904386282,,,-0.6523229180597424,-0.5815935378171959,,0.9320872024135785,-4.304615927175579,,,"German Marquez",15038,608566
"Austin Voth","- - -",-8.24388575553894,-4.5091037303209305,-2.0380400717258453,-0.3296429514884949,-1.1442416906356812,-0.8677209615707397,,-0.293063837736898,-0.6068780256151992,-0.2596229390733561,-0.02122620421690244,-1.2044649375112433,-9.641344017452663,,"Austin Voth",15047,608723
"Andrew Heaney","- - -",-10.063350163400173,-20.163336139172316,-0.062091171741485596,-8.864774256944656,-4.718754462897778,,,-0.1287532006576276,-0.5883669722548094,-6.20911717414856,-2.778926099355692,-0.21576380717410965,,,"Andrew Heaney",15423,571760
"Matthew Boyd","- - -",1.5254948139190674,7.112286567687988,,-9.438088782131672,13.915435157716274,,,0.029489557585908897,0.2762053035995335,,-1.2500779843883008,0.798819469444103,,,"Matthew Boyd",15440,571510
"Nick Pivetta","- - -",19.67529073357582,21.679804779589176,-2.3635281547904015,-11.833980794996023,-11.321408525109291,0.09336896240711212,,0.25292827784517063,0.6693363624448649,-0.631959399676578,-0.31406530772282437,-5.8965669401610885,1.8673792481422424,,"Nick Pivetta",15454,601713
"Marco Gonzales","- - -",7.517859250307083,,-12.686711758375168,-1.0728779435157776,4.183090090751648,,,0.16751023284997957,,-0.6337018860327256,-0.06393789889843728,0.1585104240527339,,,"Marco Gonzales",15467,594835
"Lucas Giolito","- - -",14.475273609161377,1.9603559970855713,,-9.602175567299128,31.41766107082367,,,0.19932902243405917,0.057878830737690325,,-2.2124828496080937,0.7434373182873562,,,"Lucas Giolito",15474,608337
"Antonio Senzatela","COL",-53.97042238712311,-22.37296450138092,,-3.1285749711096287,-11.220900528132915,-3.8886401653289795,,-0.9262128434378428,-0.9199409745633602,,-0.344177664588518,-1.6145180616018582,-6.704552009187896,,"Antonio Senzatela",15488,622608
"Tyler Rogers","- - -",32.17894870042801,15.364279717206955,,,,,,0.8722946245711035,0.6338399223270197,,,,,,"Tyler Rogers",15541,643511
"Chad Green","- - -",25.287966340780258,1.228934407234192,-0.04930064454674721,-4.1378291845321655,,-2.0156695395708084,,0.7578054042787011,0.4373432054214206,-0.8216774091124535,-0.29683136187461734,,-9.162134270776402,,"Chad Green",15552,643338
"Luis Castillo","- - -",58.22471857070923,17.318535149097443,,,7.8130263686180115,,,0.5236506751570216,0.45913401773853246,,,0.1885382810959945,,,"Luis Castillo",15689,622491
"Brad Keller","- - -",-23.80603989958763,16.860616266727448,,-1.7723224461078644,2.4252650812268257,-0.4701719582080841,,-0.37401476668637285,0.451906091308696,,-1.0127556834902083,0.39435204572793914,-1.2055691236104722,,"Brad Keller",15734,641745
"Joe Jiménez","- - -",13.977476418018341,10.683906197547913,,,-10.035305798053741,,,0.44871513380476213,0.5958676072252043,,,-2.7645470518054385,,,"Joe Jimenez",15761,641729
"Zack Littell","- - -",11.88641294836998,-6.138256072998047,11.867777779698372,-2.202773332595825,-0.5436078011989594,-16.959860146045685,,0.30777868846115947,-1.6325149130313954,0.391288420036214,-36.71288887659709,-7.765825731413704,-0.975265103280373,,"Zack Littell",15823,641793
"Sean Manaea","- - -",37.251267708837986,-9.834420803934336,2.4741082787513733,-3.1738193035125732,3.8252325654029846,,,0.4926113159063473,-0.3757898664094129,0.9479342064181507,-5.6675344705581665,0.16174344885424882,,,"Sean Manaea",15873,640455
"Luis Severino","- - -",7.4605512619018555,-3.4512459337711334,5.437248297035694,-0.03507758677005768,-19.41856348514557,,,0.15497613755508632,-0.15257497496777778,0.5223101149890196,-3.507758677005768,-1.773384793163979,,,"Luis Severino",15890,622663
"Ryne Stanek","- - -",21.460647240281105,0.860824316740036,,,,0.14288997650146484,,0.5657961307746139,0.0623785736768142,,,,0.011154564910340737,,"Ryne Stanek",15947,592773
"Carlos Rodón","- - -",45.05583941936493,34.179182194173336,-2.9241562094539404,-8.80537760257721,5.430796463042498,,,0.606404299049326,0.8827268128660468,-2.7328562705177015,-1.32014656710303,0.3868088648890668,,,"Carlos Rodon",16137,607074
"Aaron Nola","PHI",28.323274850845337,,-7.741692662239075,41.055461406707764,-2.6355701573193073,,,0.315088161651411,,-0.875757088488583,0.7370818924004985,-0.09116465435210333,,,"Aaron Nola",16149,605400
"Brandon Woodruff","MIL",84.45453548431396,3.5990808606147766,3.229708433151245,3.897801250219345,17.623841404914856,,,1.294124049713668,0.3065656610404409,2.1388797570538047,0.3855391938891538,1.0471682355861471,,,"Brandon Woodruff",16162,605540
"Spencer Turnbull","- - -",4.996337056159973,10.999814011156559,,-8.350756920874119,-1.3523729890584946,,,0.13729972674251092,0.7644068110602196,,-1.4858998079847185,-0.3831084954839928,,,"Spencer Turnbull",16207,605513
"Kyle Freeland","COL",-55.21350121498108,-23.087955713272095,-5.292860627174377,-1.2235223464667797,-36.114569425582886,,,-0.8761266457470815,-0.8454029920641558,-0.560684388471862,-0.048726497270680194,-1.9996993037421311,,,"Kyle Freeland",16256,607536
"Aaron Bummer","- - -",20.173236906528473,14.838152073323727,-0.7241036891937256,1.4981140494346619,-0.2880126014351845,,,0.6103853829509371,1.0012248362566618,-0.15707238377304242,0.4354982701844947,-0.9600420047839483,,,"Aaron Bummer",16258,607481
"John Means","BAL",4.985325276851654,5.736171931028366,,-0.8373648263514042,24.87785729765892,,,0.15652512643176308,0.7188185377228529,,-0.11549859673812472,1.352057461829289,,,"John Means",16269,607644
"Tyler Mahle","- - -",20.710637003183365,-7.392206057906151,-0.7892009168863297,-0.662256270647049,,14.572733908891678,,0.37437883230627916,-0.40483056176923066,-0.1342178430078792,-0.12884363242160485,,0.7546729108695847,,"Tyler Mahle",16358,641816
"Reynaldo López","- - -",31.474301427602768,-7.268398009240627,,-0.022769402712583542,-6.325515378266573,,,0.6070260641774883,-0.30096886166627856,,-0.0038203695826482453,-0.7897022944153025,,,"Reynaldo Lopez",16400,625643
"Ryan Yarbrough","- - -",13.844768688082695,17.0727029889822,-8.49320900440216,,-3.08343368768692,,,0.49729772586503934,0.7889419126147043,-0.2620551991484777,,-0.12338670218835215,,,"Ryan Yarbrough",16502,642232
"Jordan Montgomery","- - -",-3.6118949949741364,0.6021839380264282,-6.832692442461848,7.6445940136909485,7.328542172908783,,,-0.06864110594781711,1.7205255372183665,-1.2491211046548167,0.2893487514644568,0.2958636323338225,,,"Jordan Montgomery",16511,656756
"Austin Gomber","- - -",-68.61505579948425,6.692953824996948,,-14.339960053563118,8.664046496152878,-0.9512513279914856,,-1.616373517066767,0.3172016030804241,,-0.7293977646776764,0.4680738247516411,-2.1619348363442854,,"Austin Gomber",16561,596295
"Bryan Abreu","HOU",4.492052897810936,41.2315531373024,,1.6443119645118713,-0.8754572570323944,,,0.17553938639354968,1.6093502395512254,,0.33489042047084955,-5.149748570778791,,,"Bryan Abreu",16609,650556
"Tim Hill","- - -",20.12911067903042,-1.2584246210753918,-5.28875308483839,,-0.0926673635840416,,,0.43121488172730116,-0.23743860775007394,-6.079026534297,,-9.26673635840416,,,"Tim Hill",16814,657612
"Luke Weaver","- - -",-11.054461628198624,-3.5894074141979218,1.3068416565656662,-4.39438534528017,-4.0203491151332855,,,-0.24680646635853146,-4.3773261148755145,0.10379997272165736,-0.8450741048615712,-0.18341008736921924,,,"Luke Weaver",16918,596133
"Trevor Williams","- - -",-1.4362319111824036,-33.99172446131706,,-5.333495158702135,-32.62031692266464,,,-0.021452306365681906,-1.2807733406675608,,-1.0974269873872706,-2.0567665146699015,,,"Trevor Williams",16977,592866
"Pablo López","- - -",47.549986839294434,5.579951763153076,-3.216050088405609,-3.973039537668228,1.6456376314163208,,,0.6730359071379255,0.3570026719867611,-0.558342029237085,-0.2470795732380739,0.04405990981034326,,,"Pablo Lopez",17085,641154
"Raisel Iglesias","- - -",35.4309196472168,12.997853681445122,,,30.332752466201782,,,1.1247910999116444,0.8824069030173199,,,1.8152455096470246,,,"Raisel Iglesias",17130,628452
"Domingo Germán","- - -",-32.48958361148834,,,22.631150126457214,17.963920146226883,,,-1.1130381504449587,,,0.8868005535445617,1.2304054894675949,,,"Domingo German",17149,593334
"Jalen Beeks","- - -",-6.377875193953514,-1.2803195267915726,0.057665616273880005,-3.9199492894113064,12.203478664159775,,,-0.22253577089858737,-4.572569738541331,0.010942242177206832,-1.06231688059927,0.558256114554427,,,"Jalen Beeks",17192,656222
"Ranger Suarez","PHI",38.430706441402435,-4.314589232206345,-4.127682089805603,16.174071311950684,-6.454932451248169,,,0.6108839046479484,-0.6936638636987692,-0.3773018363624866,1.1108565461504591,-0.27132965326810293,,,"Ranger Suarez",17277,624133
"Michael Kopech","- - -",15.734228372573853,-15.093846380710602,0.6840657591819763,2.65262234210968,-1.5022245682775974,,,0.3448220112332644,-0.9248680380337378,0.4653508565863784,0.680159574899918,-0.6365358340159311,,,"Michael Kopech",17282,656629
"Framber Valdez","HOU",38.00341847538948,,8.731664910912514,50.02798868715763,8.242185778915882,,,0.47179911204704506,,0.9799848384862528,1.055442799307123,0.3949298408680346,,,"Framber Valdez",17295,664285
"Justin Steele","CHC",9.821951389312744,17.357848048210144,,5.215909898281097,-2.8092489652335644,,,0.1892111614200105,0.7433767900732395,,1.5074884099078316,-1.7557806032709777,,,"Justin Steele",17312,657006
"Erick Fedde","- - -",-31.780741274356842,-1.1140894573181868,-3.4336934685707092,,-7.775582283735275,-5.580340504646301,,-0.6452942390732354,-0.038859067224213006,-0.10801174798901254,,-1.5489207736524453,-0.742066556468923,,"Erick Fedde",17425,607200
"Jeff Hoffman","- - -",-30.951161116361618,19.71690946817398,,-0.8777084350585938,-7.132129460573196,,,-0.8966153278204408,1.1899160813623404,,-0.15003562992454594,-0.6121999536972701,,,"Jeff Hoffman",17432,656546
"Jack Flaherty","- - -",34.679991006851196,16.964186295866966,-2.9616281986236572,10.056576624512672,-7.160411976277828,,,0.4879694808899845,0.45774922546861757,-1.1990397565277966,0.3934497896914191,-2.169821810993281,,,"Jack Flaherty",17479,656427
"Génesis Cabrera","- - -",-11.672418624162674,6.235467433929443,,3.981141485273838,-2.044607535004616,-2.7897204905748367,,-0.4117255246618227,0.7233720921031837,,0.3850233544752261,-0.3606009761912902,-2.9996994522310074,,"Genesis Cabrera",17490,650893
"JT Brubaker","- - -",-19.123506367206573,-5.445720061659813,,1.2977030538022518,-6.948046609759331,,,-0.7017800501727183,-0.30593932930673107,,0.1748925948520555,-1.979500458620892,,,"JT Brubaker",17578,664141
"Tanner Scott","- - -",5.888096362352371,26.346672296524048,,,-0.020700037479400635,,,0.18360138329754822,0.826691945294134,,,-2.0700037479400635,,,"Tanner Scott",17586,656945
"Mitch Keller","PIT",7.690138816833496,5.84673273563385,-17.820157051086426,-21.607216402888298,-18.795378256589174,,,0.09800100441995024,0.20888648573182741,-1.0022585518046359,-1.3159084289213336,-3.0964379335402263,,,"Mitch Keller",17594,656605
"Cristian Javier","HOU",31.61972028017044,27.897569216787815,,-8.17108929157257,-5.561967696994543,,,0.5893703686891042,1.083400746283022,,-1.1656332798249032,-0.8389091549011377,,,"Cristian Javier",17606,664299
"Taylor Clarke","- - -",-24.705155730247498,15.87926322221756,,-12.08590492606163,-1.4319210015237331,,,-0.970733034587328,0.8611314111831648,,-2.791202061446104,-0.15265682319016344,,,"Taylor Clarke",17611,664199
"Jeffrey Springs","- - -",-6.434308469295502,4.1625842452049255,-3.002582088112831,,12.207869589328766,,,-0.1949790445241061,0.21680126277108988,-2.1757841218208918,,0.5464579046252805,,,"Jeffrey Springs",17677,605488
"Tyler Alexander","- - -",1.6914542615413666,-1.22360460460186,-8.574213668704033,,-20.580400109291077,,,0.047141980533482904,-0.08398109846272203,-0.3851848009301003,,-1.4606387586437954,,,"Tyler Alexander",17735,641302
"Nestor Cortes","- - -",20.44956325739622,-5.550018910318613,18.457187473773956,-1.0929608345031738,-11.683293297886848,,,0.43389695008266965,-0.27313085188575853,0.9016701257339501,-0.29780949169023807,-1.4388292238776907,,,"Nestor Cortes",17874,641482
"Trent Thornton","- - -",-14.340891554951668,11.122824251651764,-3.741145521402359,-11.167100492864847,5.592950522899628,,,-0.5114440640139682,0.7973350718029938,-0.33166183700375523,-1.094813773810279,1.5239647201361384,,,"Trent Thornton",17948,663423
"Logan Webb","SFG",25.634422600269318,14.581071577966213,-3.229379039257765,,47.664712965488434,,,0.3670975597919135,0.3527109718908131,-0.716048567462919,,0.9552046686470629,,,"Logan Webb",17995,657277
"Triston McKenzie","CLE",7.200900912284851,1.4727994501590729,,22.030402898788452,-4.856271974742413,,,0.17771226338314045,0.1017829613102331,,1.4915641773045667,-5.850930090051099,,,"Triston McKenzie",18000,663474
"Phil Maton","- - -",9.154018014669418,-4.137081265449524,-1.335356405004859,11.592302672564983,,,,0.3112552878160292,-0.31726083323999416,-1.2364411157452397,0.5733087375155779,,,,"Phil Maton",18064,664208
"Ryan Helsley","- - -",-1.5398065447807312,,40.87409022450447,5.974300712347031,-1.006574209779501,,,-0.05881613998398515,,2.056040755759782,1.5048616403896802,-1.935719634191348,,,"Ryan Helsley",18138,664854
"Tyler Kinley","- - -",-21.85222625732422,27.025428492575884,,3.545158863067627,2.266945246607065,,,-1.1212019629206884,0.8341181633511074,,2.4281910021011144,1.7849962571709173,,,"Tyler Kinley",18297,641755
"James Kaprielian","OAK",-11.026363551616669,1.1508475244045258,,3.282907873392105,-9.071221388876438,,,-0.3608103256419067,0.09471996085633956,,0.638698029842822,-1.439876410932768,,,"James Kaprielian",18331,621076
"Jaime Barria","LAA",-32.90519893169403,9.706687867641449,,,-2.7386534214019775,,,-1.5004650675647073,0.39061118179643656,,,-0.37984097384216053,,,"Jaime Barria",18356,642545
"Michael Soroka","- - -",11.835588216781616,14.154074311256409,,-0.023805417120456696,-2.1844617649912834,,,0.3241738761101511,0.7544815730946913,,-2.3805417120456696,-0.2984237383867874,,,"Michael Soroka",18383,647336
"José Urquidy","- - -",13.799945950508118,-4.049996927380562,-0.6876261346042156,-4.665140587836504,8.855063833296299,,,0.4064785257881625,-0.3831595957786719,-0.5056074519148644,-0.6211904910567915,0.7348600691532198,,,"Jose Urquidy",18413,664353
"Kenta Maeda","- - -",-12.612531572580338,24.941320598125458,0.5516088604927063,-4.661038056015968,15.773260205984116,,,-0.43164036867146943,0.8032631432568585,1.4908347580883954,-1.2330788507978752,0.6111298026340223,,,"Kenta Maeda",18498,628317
"Dylan Cease","- - -",-27.429141402244568,87.61409270763397,-0.31301161646842957,-21.556788720190525,0.2766323983669281,,,-0.33963770928980397,1.282032377928504,-1.3609200716018677,-0.9091855217288286,0.03863580982778325,,,"Dylan Cease",18525,656302
"Freddy Peralta","MIL",48.580691024661064,10.768904246389866,,13.274204105138779,11.254553906619549,,,0.5806919797353701,0.4164309453360351,,0.696077824076496,0.564987645914636,,,"Freddy Peralta",18679,642547
"Sandy Alcantara","MIA",50.94046187400818,13.632169485092163,,-9.188614755868912,20.25462806224823,,,0.6410830842437475,0.40427548888173676,,-1.0289602190222746,0.57936579125424,,,"Sandy Alcantara",18684,645261
"Kolby Allard","- - -",-2.6354219503700733,,-8.318433195352554,-10.14784660935402,4.831189252436161,,,-0.10179304559173709,,-0.6076284291711143,-1.7258242532914996,0.5156018412418528,,,"Kolby Allard",18694,663465
"Dakota Hudson","- - -",5.236905112862587,2.46408499032259,0.14950008690357208,-0.011276528239250183,-11.675671648234129,,,0.10631151264438869,0.10699457187679504,4.98333623011907,-0.0010760046029818877,-3.1727368609331874,,,"Dakota Hudson",19206,641712
"Cole Irvin","- - -",-10.072233259677887,-10.79205971956253,1.4910199046134949,-14.593932665884495,3.361595332622528,,,-0.20290558540849896,-1.2031281738642732,0.33207570258652447,-1.469681033825226,0.19209116186414446,,,"Cole Irvin",19244,608344
"Zac Gallen","- - -",58.97696828842163,-18.381537556648254,-9.547087147831917,27.994227707386017,20.480040907859802,,,0.7402656996161872,-2.0089112083768583,-0.6318389905911261,0.7939372577250714,0.815937884775291,,,"Zac Gallen",19291,668678
"Trevor Richards","- - -",2.0102245211601257,-5.912423685193062,-3.8400809168815613,-5.610116273164749,19.85282815247774,,,0.05570031923414037,-1.224104282648667,-1.542201171438378,-3.4417891246409504,0.6138784215361083,,,"Trevor Richards",19309,670950
"Cal Quantrill","- - -",-14.160413980484009,-2.330776125192642,,-0.33207214809954166,-1.5325089544057846,-8.507233023643494,,-0.22046417531502424,-0.06335352338115365,,-0.03153581653366967,-0.12319203813551322,-0.5600548402661945,,"Cal Quantrill",19312,615698
"Eric Lauer","- - -",15.745145082473755,7.939021028578281,-11.286293148994446,-4.896513678133488,-13.768068097531796,,,0.33889679471531975,0.6688307521969908,-0.5457588563343542,-0.33560751734979355,-2.494215235060108,,,"Eric Lauer",19316,641778
"Joey Lucchesi","- - -",14.893864929676056,-0.05965037643909454,-5.996057569980621,-1.1172126531600952,3.952423557639122,0.553190678358078,,0.5514203972482805,-2.982518821954727,-0.9781496851518143,-11.172126531600952,0.24967931507511826,5.53190678358078,,"Joey Lucchesi",19320,664192
"Dean Kremer","BAL",10.55687391757965,-1.4834845066070557,6.971487276256084,-15.603880383074284,-14.708075985312462,5.622358202934265,,0.19787954859568233,-1.3735967653769035,0.2659857793306404,-1.1566998060099543,-1.9902673863751639,0.5760612912842484,,"Dean Kremer",19350,665152
"Corbin Burnes","- - -",-33.96203249692917,25.576443642377853,102.70515874028206,30.49167811870575,4.632676467299461,-1.8679088652133942,,-1.7204677050116093,1.481833351238578,1.4506378353147185,1.1678160903372559,0.32238527956154917,-5.188635736703873,,"Corbin Burnes",19361,669203
"Keegan Akin","BAL",12.177566654980183,-3.5097092986106873,,-2.083416022360325,-10.883759461343288,,,0.3506353773389054,-0.22157255673047266,,-1.5903939101987212,-1.0209905686063123,,,"Keegan Akin",19362,669211
"Walker Buehler","- - -",31.494350343942642,3.942980721592903,15.068507924675941,-9.234636723995209,-1.8447183854877949,,,0.5581135981559923,0.2465904141083742,0.7939150645245492,-0.5942494674385591,-0.39586231448235937,,,"Walker Buehler",19374,621111
"Tony Gonsolin","LAD",15.930267345160246,10.214530289173126,,-3.1596033684909344,,25.71137598156929,,0.5707727461540755,0.7703265678109447,,-0.3989398192539058,,1.455910304732123,,"Tony Gonsolin",19388,664062
"Dane Dunning","- - -",10.643629878759384,-17.45993173122406,-1.9689408987760544,-2.581751387566328,-15.89189399778843,,,0.25616437734679626,-0.7584679292451807,-0.13403273647216163,-0.7440205727856853,-1.0517467900587976,,,"Dane Dunning",19409,641540
"Shane Bieber","- - -",23.562054470181465,47.42255175113678,11.882833689451218,14.884091816842556,-5.552288755774498,,,0.5219772811294077,1.6763008749076274,0.8763151688385854,0.6193962470596153,-0.8324270998162665,,,"Shane Bieber",19427,669456
"Patrick Sandoval","LAA",-29.74885694682598,19.187787100672722,,3.925821103155613,10.34410184621811,,,-0.8316705883932339,0.8196406279655156,,0.4430949326360737,0.41845072193438954,,,"Patrick Sandoval",19447,663776
"Aaron Civale","- - -",-17.45397600531578,-11.738849520683289,34.37341347336769,8.29309295117855,-0.8190281391143799,-6.970834508538246,,-0.44446080991382175,-0.9582734302598603,0.8935121776284817,0.35455720184602607,-0.40951406955718994,-1.4613908822931334,,"Aaron Civale",19479,650644
"David Bednar","- - -",19.944793343544006,,,8.582812339067459,,11.493075598031282,,0.7138437130831785,,,0.6174685136019754,,1.0863020414018225,,"David Bednar",19569,670280
"Jordan Hicks","- - -",4.305030673742294,-4.9438974261283875,,,,-3.413188397884369,,0.11249100271079943,-0.30386585286591195,,,,-0.6452151980877824,,"Jordan Hicks",19618,663855
"Gregory Soto","- - -",-2.7006240487098694,3.610208511352539,,,-2.2047766521573067,,,-0.061210880523795766,0.16395134020674565,,,-2.7559708151966333,,,"Gregory Soto",19677,642397
"Dustin May","- - -",6.919949293136597,,7.582302629947662,3.0452829767018557,0.665028028190136,,,0.24591148873975116,,0.8665488719940186,0.22358905849499672,0.5236441166851464,,,"Dustin May",19716,669160
"Shohei Ohtani","- - -",5.579198896884918,50.359291315078735,2.6022058725357056,-2.130720730870962,,16.153242990374565,,0.19028645623754836,1.9928488846489407,0.3188977784970227,-0.4632001588849918,,1.9048635601856798,,"Shohei Ohtani",19755,660271
"Michael King","- - -",21.765766698867083,-1.0883247442543507,-1.9054490327835083,-2.2536734342575073,26.908647164702415,,,0.4798449448603854,-0.11689846877060694,-0.6309433883389101,-0.2705490317235903,1.8071623347684629,,,"Michael King",19853,650633
"Griffin Canning","- - -",-35.02476688474417,-12.106717646121979,-1.0659189224243164,-1.0581095293164253,22.514657512307167,,,-0.9144847750585945,-0.4483969498563696,-2.0111677781590878,-0.08285900777732383,1.0711064468271727,,,"Griffin Canning",19867,656288
"Tanner Houck","BOS",6.3496798276901245,18.87881428003311,0.6740148663520813,,,4.380672208964825,,0.1979943819048994,0.6375823802780517,0.2982366665274696,,,0.3773188810477885,,"Tanner Houck",19879,656557
"Clarke Schmidt","NYY",-15.698239177465439,12.68681700527668,10.307305365800858,3.0628044307231903,-6.685974270105362,,,-0.9642653057411203,0.7208418752998114,0.575505603897312,0.24154609075104022,-4.675506482591162,,,"Clarke Schmidt",19899,657376
"José Suarez","- - -",-34.70642453432083,-2.59578600153327,-0.219650000333786,-5.616218522191048,-2.7269062399864197,,,-1.0879756907310605,-0.30755758312005566,-0.593648649550773,-0.5911808970727419,-0.14451013460447373,,,"Jose Suarez",19911,660761
"Jesús Luzardo","- - -",-7.721942130476236,14.617815673351288,0.08965703099966049,1.1406388990581036,15.001069769263268,,,-0.13823741730175862,0.4130493267406411,0.5603564437478781,1.8698998345214812,0.6345630190043684,,,"Jesus Luzardo",19959,666200
"Joey Wentz","- - -",-28.122309774160385,-2.149799346923828,3.7186235189437866,-2.736771784722805,-8.742958068847656,,,-1.1911185842507575,-1.6795307397842407,0.25108869135339545,-0.32387831771867515,-1.2331393609094015,,,"Joey Wentz",19962,666214
"Zach Plesac","- - -",-37.8172727227211,23.796286821365356,,-2.8670788407325745,7.410926401615143,,,-1.1332715829403985,1.319084635330674,,-0.38126048413997,0.4331342140043918,,,"Zach Plesac",19979,668676
"Bryse Wilson","- - -",-17.96034136414528,-7.245293363928795,6.950209379196167,-17.385060641914606,-16.706411570310593,-0.361196368932724,,-0.4567736867788728,-1.6100651919841766,0.5890007948471327,-1.8937974555462533,-2.101435417649131,-4.51495461165905,,"Bryse Wilson",19990,669060
"Tyler Wells","BAL",7.230825245380402,2.075050473213196,5.4455393850803375,-0.8115759789943695,10.05313491821289,,,0.33725864017632473,0.27965639800716924,0.5977540488562391,-0.217580691419402,1.1463095687814013,,,"Tyler Wells",20000,669330
"Bailey Falter","- - -",12.66848811507225,,-9.773818418383598,-12.063693914562464,-2.5576832592487335,-2.4455609023571014,,0.287789371082968,,-0.7082477114770723,-1.0819456425616558,-1.7639194891370575,-1.2871373170300535,,"Bailey Falter",20070,663559
"Chris Paddack","- - -",8.179008454084396,-4.81625197827816,-5.7409161031246185,-9.121901407837868,1.3090609312057495,,,0.1585079157768294,-0.8149326528389442,-3.3770094724262463,-0.8151833250972178,0.05147703229279393,,,"Chris Paddack",20099,663978
"Garrett Whitlock","BOS",19.507791683077812,8.283039569854736,-1.1675639152526855,,-0.31308579444885254,,,0.7201104349604213,0.7215191262939666,-1.8831676052462671,,-0.028644628952319538,,,"Garrett Whitlock",20191,676477
"Griffin Jax","- - -",8.05109617114067,16.952175587415695,-1.6769985035061836,-1.9415370970964432,-0.23160004615783691,,,0.37499283517189896,0.7002137789101898,-2.1499980814181843,-0.7924641212638543,-0.02668203296749273,,,"Griffin Jax",20253,643377
"David Peterson","NYM",12.76887172460556,-19.05983816087246,,7.435832813382149,-2.1476096846163273,,,0.22973860605623536,-0.8355913266493844,,0.9214167054996466,-0.12537126004765484,,,"David Peterson",20302,656849
"Casey Mize","DET",-9.482077598571777,11.722156345844269,1.0743414163589478,-4.7939617820084095,,-18.209790661931038,,-0.2709165028163365,0.618257191236512,0.8664043680314095,-1.3098256234995653,,-1.374323823541965,,"Casey Mize",20492,663554
"Kutter Crawford","BOS",-3.534857988357544,1.3934344053268433,7.908180236816406,-4.669279217720032,-3.183288387954235,0.8786777853965759,,-0.15375632833221156,0.16053391766438285,0.41231388096018806,-0.6826431604853848,-1.229068875658006,0.3557399940876826,,"Kutter Crawford",20531,676710
"Yusei Kikuchi","- - -",-50.79253551363945,0.9739573001861572,3.7915735095739365,-3.890424609184265,0.6936713755130768,1.5908392071723938,,-0.7004900774188312,0.021433919458322123,0.2872404173919649,-0.2051911713704781,0.09923767890029711,0.152379234403486,,"Yusei Kikuchi",20633,579328
"Cristopher Sánchez","PHI",9.76551216840744,-1.1599900275468826,0.1343691647052765,,39.80757547169924,,,0.25246929080681074,-0.08180465638553475,3.3592291176319122,,1.4549552438486564,,,"Cristopher Sanchez",20778,650911
"Emmanuel Clase","- - -",56.9481939971447,31.43783689662814,,,,,,1.5610798793076945,2.062850190067463,,,,,,"Emmanuel Clase",21032,661403
"Bailey Ober","MIN",6.956103503704071,-6.074763536453247,-4.686058044433594,-0.33172130584716797,21.949894607067108,,,0.1622604036320054,-0.3188852250106691,-0.8908855597782497,-0.061316322707424764,0.8959140655945759,,,"Bailey Ober",21224,641927
"Tylor Megill","NYM",1.7099762260913849,-10.06814220547676,-0.12431192398071289,0.8827363103628159,-7.880916640162468,-1.2499319314956665,,0.04143387996344523,-0.7327614414466347,-0.07144363447167408,0.1831403133532813,-0.8613023650450784,-1.1681606836408098,,"Tylor Megill",21318,656731
"Ryan Feltner","COL",-22.465017676353455,2.59176704287529,-0.03610638156533241,-5.498246058821678,-1.87620035931468,,,-0.7816638022391598,0.16613891300482628,-3.6106381565332413,-0.9996811016039414,-0.2653748740190495,,,"Ryan Feltner",21446,663372
"Kris Bubic","KCR",-10.966011941432953,10.692227959632874,,-5.984119772911072,-1.6261542290449142,,,-0.27924654803750837,1.2944585907545854,,-0.562946356811954,-0.07721530052444986,,,"Kris Bubic",21455,663460
"Shane McClanahan","TBR",-3.873525619506836,6.316835880279541,,23.00627636909485,,25.855740547180176,,-0.15894647597483938,0.4721103049536279,,1.9044930769118253,,2.060218370293241,,"Shane McClanahan",21483,663556
"Jake Irvin","WSN",-15.029388070106506,-1.5800066590309143,1.7152613401412964,-9.312350541353226,-4.638617396354675,,,-0.32404890189966595,-1.3504330419067643,0.5277727200434759,-0.3727922554584958,-0.829806332084915,,,"Jake Irvin",21504,663623
"Daniel Lynch IV","KCR",-20.580487608909607,-7.414987787604332,,-2.198617100715637,2.8185819387435913,,,-0.7126207620813576,-0.42590395103988116,,-0.5926191646133793,0.23122083172629954,,,"Daniel Lynch IV",21537,663738
"Edward Cabrera","MIA",-25.64071461558342,5.405732214450836,,12.08662360906601,11.246644854545593,,,-0.9624892873717501,0.5636842767936221,,0.7228841871450963,0.5135454271482006,,,"Edward Cabrera",21690,665795
"Javier Assad","CHC",13.616194125264883,-5.102694064378738,-0.29410168528556824,-5.674244791269302,-7.513308772817254,,,0.482501563616757,-0.7850298560582675,-0.02228043070345214,-1.2751111890492814,-2.8034734226930054,,,"Javier Assad",21741,665871
"Braxton Garrett","MIA",4.152884066104889,-2.917713977396488,7.448885917663574,-10.4793441593647,-4.7164529003202915,,,0.18032497030416364,-0.20840814124260632,1.517084708281787,-1.9847242726069507,-0.9035350383755348,,,"Braxton Garrett",21844,666129
"Cole Ragans","- - -",4.542119026184082,4.487007454037666,0.20758040249347687,1.8004212975502014,30.71233367919922,,,0.16285833726009616,0.6249314002837976,0.028592341941250255,0.25574166158383543,1.9788874793298468,,,"Cole Ragans",21846,666142
"José Soriano","LAA",14.249917387962341,-5.282910697162151,,3.802705854177475,,4.5180903673172,,0.4684390988810763,-1.7727888245510575,,0.258863570740468,,1.1155778684733826,,"Jose Soriano",22100,667755
"Hunter Greene","CIN",18.61319637298584,14.021284461021423,,-1.1408993005752563,-5.637354850769043,-6.580024480819702,,0.3974630871873978,0.4326221678809449,,-2.4274453203728856,-2.49440480122524,-1.6409038605535418,,"Hunter Greene",22182,668881
"MacKenzie Gore","- - -",-0.2975189685821533,-1.3813308477401733,-0.8205595016479492,-1.8310086354613304,-10.964709095656872,,,-0.005642309284698527,-0.09585918443720842,-0.6123578370507083,-0.09294460078483911,-1.5356735428090855,,,"MacKenzie Gore",22201,669022
"Logan Gilbert","SEA",43.19477021694183,17.17801582813263,0.06740357726812363,6.072381466627121,-4.2229602336883545,9.499644219875336,,0.7197928714704521,0.44804423130236387,0.021397961037499563,0.4234575639209987,-1.0401379885931907,0.7485929251280801,,"Logan Gilbert",22250,669302
"Tarik Skubal","DET",44.73825642466545,18.427216917276382,,-4.960514139384031,48.28678262233734,-3.436014860868454,,0.7048724818759328,0.8064427534913078,,-0.7975103117980757,1.8105280323336086,-5.368773220106959,,"Tarik Skubal",22267,669373
"Trevor Rogers","- - -",11.119154214859009,-6.490695878863335,,,3.793044865131378,,,0.2229180877076786,-0.40516203987910954,,,0.1658524208627625,,,"Trevor Rogers",22286,669432
"Matthew Liberatore","STL",-11.740272641181946,2.3051774725317955,-6.55289763212204,-5.806025207042694,2.876686252653599,,,-0.4568199471277022,0.21013468300198684,-1.5790114776197688,-0.681458357634119,0.5532088947410767,,,"Matthew Liberatore",22294,669461
"Johan Oviedo","- - -",-15.11606515944004,10.30845357477665,0.06372153759002686,6.046386435627937,-7.38126028701663,,,-0.523953731696362,0.4948849531817882,6.3721537590026855,0.7206658445325312,-2.1271643478434092,,,"Johan Oviedo",22487,670912
"Taj Bradley","- - -",-15.40481686592102,,2.779669463634491,1.8671035170555115,1.6933821439743042,-0.1817094087600708,,-0.5373148540607262,,0.18580678232850875,0.21940111833789797,0.6828153806348001,-0.01854177640408886,,"Taj Bradley",22543,671737
"JP Sears","- - -",-37.09393358230591,0.9642719924449921,,,-1.1819750219583511,,,-0.8201179213421603,0.030836968098656603,,,-0.07781270717303168,,,"JP Sears",23429,676664
"Luis Garcia","HOU",-12.082593202590942,7.76784735172987,19.557777255773544,0.385311484336853,5.054274410009384,,,-0.4899672831545394,1.2468454818185986,1.2791221226797609,0.06992948899035445,0.8790042452190233,,,"Luis Garcia",23735,677651
"Brayan Bello","BOS",-14.13996571302414,-13.765534043312073,0.2823095917701721,-0.06733742356300354,11.695154622197151,,,-0.307457397543469,-0.7041193884047097,0.061105972244626,-1.6834355890750885,0.5841735575523053,,,"Brayan Bello",23920,678394
"Josiah Gray","- - -",-43.77837407588959,4.0466247498989105,-0.2934976816177368,4.362470552325249,-6.965729981660843,0.19649159908294678,,-1.5821602484961905,0.21873647296750867,-0.04795713751923804,0.3120508263465843,-6.110289457597231,0.3508778555052621,,"Josiah Gray",24580,680686
"Kyle Bradish","BAL",-2.1477599143981934,23.16853976249695,,16.238793790340424,0.37928271293640137,,,-0.07824261983235677,1.3060056235905833,,1.8164198870626873,0.09825977019077756,,,"Kyle Bradish",24586,680694
"Brady Singer","- - -",-18.529793441295624,3.967682108283043,1.5529942512512207,,-4.697984600439668,,,-0.24419864840927283,0.06878783128091268,0.5860355665098946,,-0.8683890204139866,,,"Brady Singer",25377,663903
"Drew Rasmussen","- - -",41.48625871539116,0.09949719905853271,28.36929988861084,-1.0588468313217163,-2.0000972151756287,,,1.0911693507467428,0.008431966021909551,1.5553344237176996,-0.338289722467002,-2.8572817359651834,,,"Drew Rasmussen",25385,656876
"Hunter Brown","HOU",29.71843072772026,0.5561257898807526,-1.3290814608335495,-0.335595041513443,2.163966253399849,4.239402964711189,,0.6281638285292805,0.16650472750920736,-0.09963129391555843,-0.020576029522590005,0.5961339541046415,0.870513955792852,,"Hunter Brown",25880,686613
"Andre Pallante","STL",3.0513007640838623,-1.8785477876663208,,-17.77356195449829,0.055187664926052094,,,0.06292639233004459,-0.11302934943840678,,-1.6502843040388386,5.518766492605209,,,"Andre Pallante",26108,669467
"Ryan Pepiot","- - -",19.21375134587288,-1.7672081589698792,2.0061718225479126,-0.5958834290504456,2.4727233946323395,,,0.6162203767117665,-0.16168418654802189,0.7039199377361096,-0.40536287690506495,0.15493254352332955,,,"Ryan Pepiot",26221,686752
"Ryne Nelson","ARI",23.114779233932495,-7.4059856832027435,-3.046319365501404,-2.5757761001586914,-8.197744086384773,,,0.5333359306398823,-0.6151150899670053,-0.4111092261135498,-0.4550841166358112,-1.2909833206905155,,,"Ryne Nelson",26253,669194
"Nick Lodolo","CIN",-1.129917174577713,-8.586276859045029,-0.04738526791334152,,-1.0274527668952942,,,-0.030897379671252747,-0.4303898174959914,-4.738526791334152,,-0.0923138155341684,,,"Nick Lodolo",26378,666157
"Alek Manoah","TOR",28.7600200176239,3.0565781593322754,,,-2.6980520486831665,,,0.689688729439422,0.1579626955727274,,,-0.3494886073423791,,,"Alek Manoah",26410,666201
"Garrett Crochet","- - -",27.83774096518755,11.2662014067173,7.7663047313690186,,4.57419428229332,,,0.7279743976251974,1.034545583720597,0.5000840136103682,,1.2296221188960537,,,"Garrett Crochet",27463,676979
"Reid Detmers","LAA",-7.6836628913879395,11.163828074932098,,-4.727525740861893,-11.898898243904114,,,-0.21834790825200168,0.5102298023277925,,-0.3229184249222604,-1.8917167319402406,,,"Reid Detmers",27468,672282
"Spencer Strider","ATL",24.168662667274475,20.31275111436844,,-2.228907287120819,0.08838445693254471,,,0.5307128385435765,0.8121851705065349,,-1.0664628168042196,0.020179099756288746,,,"Spencer Strider",27498,675911
"Graham Ashcraft","CIN",-17.10750150680542,3.530616283416748,-10.703709602355957,,-3.1862401962280273,,,-2.1068351609366283,0.15691627926296658,-0.3206623607656069,,-5.223344583980373,,,"Graham Ashcraft",27552,668933
"Logan Allen","CLE",-13.676674209535122,-14.611705899238586,-2.7138611525297165,,,-1.7960888147354126,,-0.4512264668272888,-1.0304447037544842,-0.3371256090099027,,,-0.14322877310489732,,"Logan Allen",27589,671106
"Mitchell Parker","WSN",-7.468622460961342,-3.164097338914871,,-4.692622393369675,,-5.803770422935486,,-0.27951431365873286,-0.5701076286333101,,-0.4119949423502787,,-0.7811265710545742,,"Mitchell Parker",27636,680730
"Luis Ortiz","- - -",6.798213958740234,-7.215964376926422,0.004551485180854797,,0.7116108238697052,,,0.24201544886935686,-0.4667506065282291,0.0007598472756018026,,0.16704479433561154,,,"Luis Ortiz",27646,682847
"Bryce Elder","ATL",-16.409792125225067,7.606742858886719,0.6839067339897156,,-1.7681586928665638,,,-0.43982289266215674,0.3186737687007423,0.5947015078171439,,-0.20393987230294852,,,"Bryce Elder",27779,693821
"Brandon Pfaadt","ARI",-11.50377930700779,-7.983496129512787,4.083290100097656,-12.953332304954529,-8.146018087863922,0.05280083417892456,,-0.3016989065567215,-0.4601438691361837,1.5888288327228235,-2.4121661647960018,-0.8380677045127491,0.48000758344476874,,"Brandon Pfaadt",27782,694297
"Bryce Miller","SEA",22.300350189208984,0.20907610654830933,-0.002232283353805542,-5.620537757873535,0.5943782329559326,4.270276069641113,,0.5700498514623974,0.020045647799454395,-0.003188976219722203,-1.1588737645100071,0.5080155837230194,0.5626187180027817,,"Bryce Miller",29837,682243
"Andrew Abbott","CIN",8.172194004058838,7.1778863072395325,-2.7885494232177734,-8.704566717147827,6.8159491419792175,,,0.2361223347026535,0.6414554340696633,-2.4248255854067593,-0.8757109373388157,0.5600615564485799,,,"Andrew Abbott",29911,671096
"Gavin Williams","CLE",-2.299811005592346,11.255898475646973,0.8399642705917358,0.28075671195983887,-4.26443849131465,,,-0.08335668740820391,1.281992992670498,0.11443654912693949,0.024182317998263467,-2.9009785655201696,,,"Gavin Williams",30122,668909
"Tanner Bibee","CLE",-11.15567922592163,28.383290767669678,,-5.078342527151108,2.67555969953537,,,-0.3082530872042451,1.3865799104870384,,-0.4486168310204159,0.1983365233161875,,,"Tanner Bibee",30134,676440
"Bryan Woo","SEA",60.824087142944336,3.9837862253189087,-1.0832531452178955,,-5.292346000671387,,,1.4244516895303123,0.40038052515767925,-0.50383867219437,,-1.329735176048087,,,"Bryan Woo",30279,693433
"Paul Skenes","PIT",28.806743621826172,12.407959461212158,,-4.688451200723648,11.0101158618927,25.25080680847168,,1.2470451784340335,1.258413738459651,,-1.2535965777335958,2.4966249119938095,2.4976070038053093,,"Paul Skenes",33677,694973
"Shota Imanaga","CHC",1.5107684135437012,8.991518676280975,-1.0957595109939575,-1.920710563659668,1.8595480918884277,14.888286113739014,,0.0627656175132406,1.5858057630125175,-9.131329258282978,-1.6005921363830566,2.295738385047442,0.9428933574248901,,"Shota Imanaga",33829,684007