"last_name, first_name","player_id","team_name_alt","pitch_type","pitch_name","run_value_per_100","run_value","pitches","pitch_usage","pa","ba","slg","woba","whiff_percent","k_percent","put_away","est_ba","est_slg","est_woba","hard_hit_percent"
"Ray, Robbie",592662,"TOR","FF","4-Seam Fastball",0.9,17,"1861",59.2,"471","0.222","0.431","0.318",24,24.6,21.1,"0.239","0.46","0.327",43.2
"Manaea, Sean",640455,"ATH","SI","Sinker",0,1,"1769",59.4,"435","0.275","0.467","0.345",24.7,25.3,19,"0.263","0.475","0.341",45.4
"Gausman, Kevin",592332,"SF","FF","4-Seam Fastball",0.9,14,"1583",52.7,"421","0.257","0.416","0.335",19.5,19.2,19.5,"0.274","0.493","0.354",44.8
"Mahle, Tyler",641816,"CIN","FF","4-Seam Fastball",0.2,3,"1695",53,"389","0.237","0.435","0.338",27,34.7,21.6,"0.21","0.367","0.306",41
"Burnes, Corbin",669203,"MIL","FC","Cutter",1.9,26,"1356",52.3,"364","0.237","0.328","0.29",33.2,32.1,30.9,"0.198","0.294","0.256",32.1
"Houser, Adrian",605288,"MIL","SI","Sinker",1.8,23,"1271",54,"357","0.207","0.266","0.288",14.6,15.7,17.4,"0.232","0.322","0.305",37.2
"Hendricks, Kyle",543294,"CHC","SI","Sinker",-0.2,-2,"1196",42.6,"356","0.289","0.474","0.367",13.1,14.6,18.9,"0.272","0.44","0.336",33.9
"Richards, Garrett",572070,"BOS","FF","4-Seam Fastball",-0.8,-10,"1236",53,"355","0.304","0.487","0.389",18,14.6,15.8,"0.305","0.517","0.393",52.5
"Cease, Dylan",656302,"CWS","FF","4-Seam Fastball",0.1,1,"1388",46.9,"353","0.263","0.448","0.365",23.2,19.5,18.2,"0.267","0.506","0.384",46.8
"Senzatela, Antonio",622608,"COL","FF","4-Seam Fastball",0.6,8,"1312",54.6,"352","0.295","0.394","0.327",14.1,10.8,12.3,"0.292","0.422","0.331",41.5
"Urías, Julio",628711,"LAD","FF","4-Seam Fastball",0,-1,"1347",48.3,"350","0.274","0.479","0.352",21.1,23.7,19.8,"0.248","0.466","0.332",38.3
"Wheeler, Zack",554430,"PHI","FF","4-Seam Fastball",1.4,19,"1359",42.4,"339","0.224","0.317","0.279",25.9,33,24,"0.214","0.319","0.274",32.3
"Happ, J.A.",457918,"STL","FF","4-Seam Fastball",-0.7,-10,"1443",54,"337","0.269","0.537","0.384",20.4,22.8,17.7,"0.253","0.527","0.372",46.8
"Buehler, Walker",621111,"LAD","FF","4-Seam Fastball",1.1,15,"1408",44.7,"337","0.201","0.365","0.294",20.8,23.7,19.3,"0.233","0.426","0.329",45.6
"Pivetta, Nick",601713,"BOS","FF","4-Seam Fastball",0,0,"1423",51.8,"336","0.255","0.435","0.35",20.9,24.1,17.4,"0.229","0.417","0.324",46.3
"Márquez, Germán",608566,"COL","FF","4-Seam Fastball",0.3,4,"1268",45.5,"330","0.272","0.438","0.368",14.3,7.6,12.1,"0.315","0.512","0.401",46.2
"Matz, Steven",571927,"TOR","SI","Sinker",0.3,4,"1328",51.9,"326","0.296","0.422","0.355",18.7,21.8,19.1,"0.271","0.427","0.339",42.2
"Rogers, Trevor",669432,"MIA","FF","4-Seam Fastball",1.1,14,"1251",57.7,"325","0.222","0.344","0.306",26.9,30.5,26.1,"0.214","0.363","0.306",40.2
"Gilbert, Logan",669302,"SEA","FF","4-Seam Fastball",1.5,19,"1306",61.5,"323","0.255","0.403","0.312",21.7,22,17.7,"0.253","0.452","0.325",50.9
"McKenzie, Triston",663474,"CLE","FF","4-Seam Fastball",0.2,2,"1216",61.6,"322","0.227","0.465","0.359",19.2,19.9,18.9,"0.252","0.472","0.362",44.3
"Davies, Zach",605200,"CHC","SI","Sinker",-1.1,-15,"1336",51.8,"317","0.307","0.502","0.409",9.9,10.7,12.8,"0.32","0.563","0.429",54.8
"Morton, Charlie",450203,"ATL","CU","Curveball",2.6,28,"1097",36.7,"315","0.127","0.187","0.184",40.4,40.3,29.9,"0.173","0.251","0.231",23.5
"Cole, Gerrit",543037,"NYY","FF","4-Seam Fastball",1.3,19,"1399",47.1,"312","0.225","0.398","0.292",27.6,34,24.1,"0.215","0.418","0.292",49.5
"Peralta, Freddy",642547,"MIL","FF","4-Seam Fastball",1.8,22,"1218",51.7,"310","0.156","0.308","0.278",30.9,35.5,28.9,"0.173","0.328","0.281",41.9
"Taillon, Jameson",592791,"NYY","FF","4-Seam Fastball",1,12,"1174",49.5,"306","0.199","0.399","0.296",28.1,28.8,21.6,"0.195","0.405","0.292",46.9
"Rodón, Carlos",607074,"CWS","FF","4-Seam Fastball",2.2,29,"1302",58.7,"301","0.199","0.336","0.278",29.7,29.9,25.4,"0.202","0.369","0.281",40
"Gausman, Kevin",592332,"SF","FS","Split-Finger",1.7,18,"1065",35.5,"301","0.13","0.218","0.189",46.4,45.8,29,"0.153","0.233","0.194",34.5
"Gray, Jon",592351,"COL","FF","4-Seam Fastball",-0.6,-7,"1181",46.6,"299","0.328","0.504","0.399",17.3,15.4,15.6,"0.285","0.459","0.362",44.3
"Garcia, Luis",677651,"HOU","FF","4-Seam Fastball",0,1,"1118",44.7,"299","0.301","0.488","0.384",19.2,16.4,17.2,"0.292","0.504","0.387",50.2
"Scherzer, Max",453286,"LAD","FF","4-Seam Fastball",1.6,21,"1317",46.7,"299","0.193","0.359","0.281",30.8,31.1,26.2,"0.195","0.382","0.283",40.8
"Singer, Brady",663903,"KC","SI","Sinker",-0.8,-11,"1319",57.7,"297","0.325","0.459","0.401",22.5,20.2,18.8,"0.265","0.416","0.351",40.8
"Miley, Wade",489119,"CIN","FC","Cutter",-0.3,-3,"1206",46.5,"293","0.282","0.489","0.359",18.9,13,19.2,"0.265","0.443","0.33",35.6
"Castillo, Luis",622491,"CIN","CH","Changeup",0.7,6,"964",30.5,"293","0.208","0.309","0.279",32.7,28.3,18.8,"0.196","0.268","0.246",29.7
"Fried, Max",608331,"ATL","FF","4-Seam Fastball",1.1,11,"993",38.8,"292","0.262","0.399","0.321",17.3,14.4,16,"0.268","0.394","0.32",37.6
"Stroman, Marcus",573186,"NYM","SI","Sinker",0.5,6,"1152",42,"292","0.293","0.426","0.356",16.9,13.7,17.7,"0.3","0.481","0.365",48.7
"Gibson, Kyle",502043,"PHI","SI","Sinker",0.2,2,"981",34.1,"291","0.265","0.377","0.33",18.4,15.8,20.9,"0.261","0.395","0.329",49.5
"Wainwright, Adam",425794,"STL","CU","Curveball",1.3,13,"1047",34.1,"290","0.212","0.336","0.261",27.8,24.8,22,"0.235","0.362","0.282",27.6
"Snell, Blake",605483,"SD","FF","4-Seam Fastball",0.7,9,"1233",52.5,"289","0.213","0.406","0.328",21.4,26,23.1,"0.241","0.503","0.368",44.5
"Corbin, Patrick",571578,"WSH","SL","Slider",-0.3,-3,"1057",38.4,"288","0.21","0.404","0.298",40.6,33.3,23.4,"0.204","0.401","0.281",39.1
"Heaney, Andrew",571760,"NYY","FF","4-Seam Fastball",-0.6,-7,"1338",59.4,"287","0.271","0.537","0.371",27.8,27.5,18.9,"0.235","0.463","0.333",45
"Dunning, Dane",641540,"TEX","SI","Sinker",0.3,3,"994",52.1,"285","0.279","0.426","0.352",12.2,17.2,22.6,"0.284","0.455","0.361",50.5
"Skubal, Tarik",669373,"DET","FF","4-Seam Fastball",-1.4,-15,"1092",42.9,"284","0.291","0.611","0.421",24,24.6,19.2,"0.3","0.624","0.427",52.5
"Lyles, Jordan",543475,"TEX","FF","4-Seam Fastball",-1.3,-15,"1168",39.4,"283","0.298","0.603","0.416",20,17,15.6,"0.265","0.554","0.387",45.2
"Giolito, Lucas",608337,"CWS","CH","Changeup",1.1,10,"944",31.8,"283","0.218","0.383","0.287",35.4,31.8,26.3,"0.201","0.303","0.251",24.7
"Eovaldi, Nathan",543135,"BOS","FF","4-Seam Fastball",0,0,"1237",42.3,"282","0.312","0.468","0.36",19.4,22,18.7,"0.26","0.405","0.313",38.9
"Hill, Rich",448179,"NYM","CU","Curveball",0.4,4,"943",37.8,"282","0.228","0.305","0.294",20,17.7,15.1,"0.244","0.38","0.323",29.9
"Irvin, Cole",608344,"ATH","FF","4-Seam Fastball",0.7,8,"1090",40.6,"281","0.257","0.397","0.322",19.2,19.9,18.1,"0.262","0.446","0.334",42.2
"Berríos, José",621244,"TOR","SI","Sinker",1.6,15,"901",29.6,"279","0.235","0.35","0.313",14.6,18.3,20.8,"0.266","0.398","0.338",37.8
"Hill, Rich",448179,"NYM","FF","4-Seam Fastball",-0.3,-4,"1176",47.1,"278","0.266","0.512","0.36",22,25.5,25.8,"0.248","0.486","0.34",42.1
"Minor, Mike",501985,"KC","FF","4-Seam Fastball",0.3,3,"1123",42.8,"278","0.246","0.472","0.342",18.9,22.3,20.5,"0.221","0.45","0.316",36.3
"Kaprielian, James",621076,"ATH","FF","4-Seam Fastball",-0.6,-7,"1070",52.9,"276","0.25","0.471","0.357",27.8,25.7,20.5,"0.226","0.434","0.331",43.5
"Valdez, Framber",664285,"HOU","SI","Sinker",1,11,"1089",52.1,"276","0.263","0.356","0.325",14.5,7.6,13.2,"0.272","0.412","0.339",49.8
"Gallen, Zac",668678,"AZ","FF","4-Seam Fastball",0.9,10,"1130",53.8,"273","0.216","0.364","0.317",15.9,25.3,21.5,"0.229","0.393","0.316",47.4
"Singer, Brady",663903,"KC","SL","Slider",0,0,"873",38.2,"271","0.241","0.382","0.314",29.3,25.5,22.2,"0.242","0.393","0.304",35.2
"Javier, Cristian",664299,"HOU","FF","4-Seam Fastball",0.1,1,"1065",59.4,"271","0.226","0.421","0.353",26.4,24.4,21.3,"0.267","0.529","0.399",51
"Peacock, Matt",676840,"AZ","SI","Sinker",-0.3,-3,"901",68.2,"270","0.318","0.506","0.389",10.6,7,12.8,"0.281","0.449","0.341",50.6
"Giolito, Lucas",608337,"CWS","FF","4-Seam Fastball",-0.2,-3,"1303",43.9,"270","0.251","0.427","0.339",25.6,22.2,17.2,"0.248","0.455","0.341",42.8
"Kershaw, Clayton",477132,"LAD","SL","Slider",1.9,16,"858",47.5,"269","0.199","0.355","0.274",44.1,39.8,34.4,"0.185","0.341","0.252",42.3
"Fedde, Erick",607200,"WSH","SI","Sinker",-1.2,-12,"1017",42.2,"267","0.341","0.537","0.425",12.8,12.4,15.3,"0.299","0.478","0.374",44.4
"Allard, Kolby",663465,"TEX","FF","4-Seam Fastball",-0.2,-2,"983",47.9,"266","0.231","0.445","0.327",18.6,24.1,20.9,"0.25","0.471","0.333",42.6
"Gray, Jon",592351,"COL","SL","Slider",1.2,11,"966",38.1,"265","0.156","0.3","0.258",38.8,37.4,26.2,"0.158","0.27","0.236",34.3
"Keuchel, Dallas",572971,"CWS","SI","Sinker",-0.8,-8,"1033",37.9,"265","0.298","0.48","0.397",13.2,9.8,11.7,"0.299","0.487","0.394",44.7
"Bubic, Kris",663460,"KC","FF","4-Seam Fastball",0.5,6,"1144",52,"262","0.217","0.355","0.318",20.8,20.6,19.1,"0.24","0.411","0.346",39.8
"Gonzales, Marco",594835,"SEA","FF","4-Seam Fastball",0,0,"1168",50.3,"260","0.237","0.525","0.352",17.3,19.2,16.8,"0.251","0.536","0.362",43.3
"Yarbrough, Ryan",642232,"TB","FC","Cutter",-0.9,-9,"1007",40.5,"260","0.324","0.58","0.409",15.2,16.5,14.7,"0.283","0.495","0.356",33.8
"Woodruff, Brandon",605540,"MIL","FF","4-Seam Fastball",1,10,"946",33.7,"260","0.19","0.328","0.271",30.5,43.5,25.7,"0.209","0.349","0.282",33.6
"Flexen, Chris",623167,"SEA","FC","Cutter",-0.2,-2,"826",29.4,"259","0.308","0.446","0.351",15.7,10,11.8,"0.292","0.456","0.348",41.9
"Flexen, Chris",623167,"SEA","FF","4-Seam Fastball",0.4,5,"1124",40,"257","0.273","0.459","0.344",18.1,23,17.4,"0.239","0.468","0.333",43.1
"Davies, Zach",605200,"CHC","CH","Changeup",-0.7,-6,"838",32.5,"256","0.258","0.472","0.343",36.5,26.2,23.1,"0.244","0.395","0.303",32.7
"Greinke, Zack",425844,"HOU","FF","4-Seam Fastball",0.2,2,"1026",39.8,"255","0.267","0.492","0.345",12.1,17.3,19.8,"0.286","0.514","0.356",47.2
"Ray, Robbie",592662,"TOR","SL","Slider",0.6,6,"968",30.8,"254","0.173","0.321","0.247",45.5,48,27.9,"0.161","0.288","0.224",41.9
"DeSclafani, Anthony",543101,"SF","SL","Slider",1.5,13,"913",35.7,"253","0.224","0.367","0.29",32.8,29.2,23.9,"0.233","0.391","0.292",34.8
"Musgrove, Joe",605397,"SD","SL","Slider",1.9,15,"816",27.8,"253","0.16","0.258","0.234",37.1,36,25.1,"0.194","0.312","0.263",29.2
"Hendricks, Kyle",543294,"CHC","CH","Changeup",-1,-8,"778",27.7,"252","0.268","0.444","0.337",24.1,15.1,13.1,"0.254","0.42","0.305",24
"Keller, Mitch",656605,"PIT","FF","4-Seam Fastball",-0.9,-10,"1050",56.5,"252","0.315","0.498","0.391",18,19.8,17.7,"0.279","0.483","0.371",46.7
"Quantrill, Cal",615698,"CLE","SI","Sinker",0.7,6,"865",37.1,"251","0.241","0.393","0.319",17.4,20.7,21.6,"0.245","0.397","0.31",34.5
"Ureña, José",570632,"DET","SI","Sinker",-1.3,-10,"800",47.2,"251","0.306","0.466","0.391",17.1,10.4,15.7,"0.292","0.448","0.37",49
"Smyly, Drew",592767,"ATL","SI","Sinker",-0.8,-8,"995",46.5,"249","0.33","0.588","0.428",13.9,11.6,11.4,"0.309","0.552","0.397",48.5
"Morton, Charlie",450203,"ATL","FF","4-Seam Fastball",0.8,9,"1079",36.1,"248","0.23","0.355","0.3",23.9,27,19.3,"0.228","0.395","0.31",40.4
"Castillo, Luis",622491,"CIN","SI","Sinker",-1.2,-9,"748",23.6,"248","0.347","0.509","0.42",12.4,10.9,14.9,"0.297","0.448","0.37",45
"Anderson, Ian",666120,"ATL","FF","4-Seam Fastball",1,10,"1026",47.2,"246","0.216","0.349","0.287",21.3,21.1,19,"0.234","0.408","0.315",40.6
"Paddack, Chris",663978,"SD","FF","4-Seam Fastball",-0.2,-2,"1149",61.5,"246","0.314","0.531","0.383",21.3,18.7,13.9,"0.294","0.513","0.36",46.5
"Espino, Paolo",502179,"WSH","FF","4-Seam Fastball",-0.4,-4,"958",55.2,"243","0.289","0.524","0.369",12.3,14.4,14.2,"0.28","0.542","0.362",49.7
"Pineda, Michael",501381,"MIN","FF","4-Seam Fastball",0.6,5,"925",54.2,"243","0.284","0.493","0.364",14.6,14.8,14.6,"0.3","0.558","0.378",56.2
"Anderson, Tyler",542881,"SEA","FF","4-Seam Fastball",0.1,1,"970",37.3,"242","0.254","0.455","0.337",21.7,22.3,16.8,"0.254","0.468","0.347",36.4
"Berríos, José",621244,"TOR","SV","Slurve",0.1,1,"929",30.5,"241","0.203","0.345","0.262",34.4,40.2,26.1,"0.196","0.356","0.247",35
"Arrieta, Jake",453562,"SD","SI","Sinker",-2.8,-26,"920",52.7,"240","0.373","0.632","0.479",12.1,10,13.9,"0.302","0.54","0.402",43.3
"McCullers Jr., Lance",621121,"HOU","SI","Sinker",-0.2,-2,"948",34,"239","0.293","0.476","0.389",16.6,15.1,18.6,"0.272","0.42","0.349",52.3
"Wood, Alex",622072,"SF","SL","Slider",1.2,8,"693",31.6,"239","0.184","0.313","0.262",40.2,38.1,31.5,"0.187","0.305","0.254",37
"Suter, Brent",608718,"MIL","FF","4-Seam Fastball",0.9,8,"883",72.3,"239","0.257","0.396","0.323",20.5,23,21.2,"0.241","0.386","0.296",36.1
"Means, John",607644,"BAL","FF","4-Seam Fastball",-0.7,-8,"1116",47.9,"238","0.233","0.507","0.346",21.2,20.6,14.6,"0.256","0.567","0.368",51.2
"Shaw, Bryan",543766,"CLE","FC","Cutter",0.7,8,"1060",77.5,"238","0.239","0.354","0.326",21.9,15.5,14,"0.262","0.414","0.338",41
"Montas, Frankie",593423,"ATH","FF","4-Seam Fastball",0.8,7,"904",29.9,"236","0.209","0.395","0.304",24.5,28.4,20.7,"0.235","0.461","0.325",50.3
"Senzatela, Antonio",622608,"COL","SL","Slider",-0.7,-6,"766",31.9,"234","0.282","0.472","0.347",26.9,24.4,20.9,"0.232","0.403","0.3",46
"Lynn, Lance",458681,"CWS","FF","4-Seam Fastball",1.9,20,"1037",41.4,"234","0.181","0.274","0.246",32.8,36.3,23.9,"0.168","0.3","0.239",45.8
"Walker, Taijuan",592836,"NYM","FF","4-Seam Fastball",-0.6,-5,"904",35.5,"234","0.221","0.469","0.325",24.8,29.1,21,"0.221","0.475","0.324",47.3
"Alcantara, Sandy",645261,"MIA","CH","Changeup",0.8,6,"728",23.5,"234","0.228","0.344","0.288",30.8,28.6,23,"0.226","0.363","0.287",37.6
"Kikuchi, Yusei",579328,"SEA","FC","Cutter",-0.2,-1,"822",32.1,"234","0.28","0.477","0.397",19,9.4,14.8,"0.305","0.558","0.424",52.3
"Smyly, Drew",592767,"ATL","CU","Curveball",-0.2,-2,"897",42,"233","0.218","0.382","0.288",38.8,33.9,21.2,"0.206","0.355","0.263",24.5
"Nola, Aaron",605400,"PHI","CU","Curveball",0.4,3,"801",27,"232","0.212","0.405","0.277",36.2,39.2,29,"0.186","0.316","0.23",29.9
"Mills, Alec",621219,"CHC","SI","Sinker",0.6,5,"830",42.9,"232","0.299","0.455","0.361",10.4,11.2,13.6,"0.305","0.456","0.36",45.7
"Akin, Keegan",669211,"BAL","FF","4-Seam Fastball",0.3,3,"1011",57.2,"231","0.25","0.451","0.331",20,22.1,14.2,"0.247","0.49","0.35",43.9
"Crismatt, Nabil",622503,"SD","CH","Changeup",0.8,6,"685",51.2,"230","0.258","0.376","0.318",28.6,22.2,23.4,"0.237","0.365","0.292",34.6
"Urías, Julio",628711,"LAD","SV","Slurve",2.3,22,"954",34.2,"229","0.155","0.233","0.187",26.4,33.2,24.1,"0.173","0.277","0.207",19.9
"Montas, Frankie",593423,"ATH","SI","Sinker",0.3,3,"860",28.4,"229","0.322","0.485","0.391",16.9,10,15.6,"0.278","0.472","0.362",41.8
"Gray, Sonny",543243,"CIN","SI","Sinker",0.4,2,"649",29.1,"229","0.213","0.386","0.307",21,36.7,28.9,"0.187","0.323","0.272",40.3
"Urquidy, José",664353,"HOU","FF","4-Seam Fastball",1.3,11,"896",54.9,"227","0.237","0.423","0.298",19.8,16.7,15.7,"0.255","0.493","0.33",40.8
"Wainwright, Adam",425794,"STL","SI","Sinker",2.3,20,"863",28.1,"227","0.173","0.223","0.233",9.8,22,22.2,"0.222","0.35","0.292",46.4
"López, Jorge",605347,"BAL","SI","Sinker",-0.7,-6,"777",35.9,"226","0.287","0.456","0.372",13.6,16.4,20.3,"0.269","0.446","0.36",43.7
"Nola, Aaron",605400,"PHI","FF","4-Seam Fastball",0.2,3,"1113",37.5,"226","0.263","0.468","0.35",22.4,23.5,19.7,"0.253","0.531","0.361",45.1
"Alcantara, Sandy",645261,"MIA","SI","Sinker",1.9,16,"873",28.2,"226","0.229","0.361","0.32",18.6,11.5,18.4,"0.256","0.384","0.309",37
"Smith, Caleb",592761,"AZ","FF","4-Seam Fastball",-0.5,-5,"995",48.1,"226","0.234","0.446","0.366",22,21.2,18.1,"0.226","0.451","0.36",36.5
"Gutierrez, Vladimir",661269,"CIN","FF","4-Seam Fastball",-1.2,-10,"865",47.2,"226","0.315","0.569","0.417",14.4,13.3,14.4,"0.28","0.518","0.375",50.6
"Corbin, Patrick",571578,"WSH","SI","Sinker",-0.5,-4,"790",28.7,"225","0.313","0.554","0.408",12.7,10.7,14.3,"0.302","0.533","0.391",45.3
"Rodríguez, Richard",593144,"ATL","FF","4-Seam Fastball",1,8,"813",86.1,"222","0.221","0.399","0.281",17.9,14.9,12.9,"0.249","0.509","0.333",45
"Keuchel, Dallas",572971,"CWS","CH","Changeup",-0.2,-2,"779",28.6,"222","0.244","0.378","0.297",30.1,14.9,15.2,"0.284","0.463","0.345",30.1
"Wood, Alex",622072,"SF","SI","Sinker",1,10,"1019",46.4,"222","0.251","0.41","0.334",20.8,20.3,19.4,"0.267","0.449","0.352",44
"Odorizzi, Jake",543606,"HOU","FF","4-Seam Fastball",0.9,10,"1017",55.1,"221","0.236","0.4","0.317",23.2,24,16.4,"0.221","0.418","0.314",40.7
"Bubic, Kris",663460,"KC","CH","Changeup",-1,-7,"679",30.8,"219","0.251","0.503","0.365",28,23.7,23.3,"0.255","0.499","0.355",40.1
"Williams, Trevor",592866,"NYM","FF","4-Seam Fastball",0.2,2,"744",48.4,"219","0.274","0.442","0.362",19.5,22.8,20.8,"0.251","0.418","0.335",35.7
"Webb, Logan",657277,"SF","SI","Sinker",1.8,15,"837",37.8,"218","0.276","0.392","0.328",16,11,20.2,"0.269","0.39","0.324",42
"Plesac, Zach",668676,"CLE","FF","4-Seam Fastball",-1.6,-15,"928",42.1,"218","0.323","0.621","0.437",17.2,14.7,13.4,"0.31","0.637","0.426",54.3
"Adams, Austin",613534,"SD","SL","Slider",0.9,7,"838",87.1,"217","0.145","0.208","0.288",35.3,33.2,28.7,"0.155","0.255","0.305",23.7
"Weathers, Ryan",677960,"SD","FF","4-Seam Fastball",-1.2,-11,"875",54.1,"216","0.33","0.599","0.422",16.7,16.2,15.4,"0.297","0.536","0.379",49.7
"Alzolay, Adbert",640470,"CHC","SL","Slider",1.6,12,"779",39.8,"216","0.181","0.317","0.253",37.8,36.1,25.3,"0.184","0.335","0.256",30.9
"McGee, Jake",459429,"SF","FF","4-Seam Fastball",1.5,12,"791",90.1,"215","0.194","0.333","0.263",18.9,22.8,18.4,"0.215","0.399","0.279",49
"Anderson, Tyler",542881,"SEA","FC","Cutter",0.4,2,"681",26.2,"215","0.254","0.415","0.31",22.5,23.3,22.1,"0.239","0.375","0.282",28.7
"Means, John",607644,"BAL","CH","Changeup",0.6,3,"634",27.2,"215","0.228","0.442","0.299",30.1,21.9,22.2,"0.219","0.408","0.281",28.7
"Ryu, Hyun Jin",547943,"TOR","CH","Changeup",0.2,1,"680",25.3,"215","0.252","0.406","0.316",25.2,14.9,14.1,"0.266","0.402","0.314",31.2
"Fleming, Josh",676596,"TB","SI","Sinker",0.4,3,"745",45.7,"214","0.272","0.41","0.333",20.8,14.5,20.7,"0.284","0.422","0.34",37
"Cease, Dylan",656302,"CWS","SL","Slider",1.2,11,"894",30.2,"214","0.178","0.267","0.255",50.4,43,28,"0.15","0.238","0.223",26
"Manaea, Sean",640455,"ATH","CH","Changeup",1.3,10,"724",24.3,"213","0.239","0.328","0.271",31.3,23.5,18.1,"0.224","0.335","0.266",37.9
"Keller, Brad",641745,"KC","SL","Slider",-0.2,-2,"818",34.8,"212","0.237","0.349","0.3",30.2,30.7,20.5,"0.241","0.42","0.325",50
"Wheeler, Zack",554430,"PHI","FC","Cutter",1.6,13,"801",25,"212","0.2","0.32","0.254",30.1,30.2,26.3,"0.222","0.344","0.269",31.6
"Yarbrough, Ryan",642232,"TB","CH","Changeup",-0.9,-6,"697",28,"211","0.238","0.398","0.289",25.3,19,13.6,"0.276","0.41","0.304",21.6
"Bassitt, Chris",605135,"ATH","SI","Sinker",1.9,16,"850",35.7,"210","0.253","0.382","0.323",15.3,10.5,20,"0.279","0.432","0.351",35.4
"Bumgarner, Madison",518516,"AZ","FC","Cutter",0.2,1,"785",34.2,"210","0.263","0.468","0.345",21.3,17.1,14.8,"0.246","0.419","0.317",39.2
"Colomé, Alex",517008,"MIN","FC","Cutter",0.1,1,"777",70.5,"209","0.23","0.372","0.306",31.9,23.9,21,"0.218","0.392","0.278",37.1
"Stripling, Ross",548389,"TOR","FF","4-Seam Fastball",-0.6,-5,"859",51,"209","0.263","0.579","0.389",22.3,23.9,20.4,"0.267","0.579","0.382",48.6
"Ober, Bailey",641927,"MIN","FF","4-Seam Fastball",0,0,"856",58,"208","0.251","0.466","0.326",24.8,28.4,18.6,"0.228","0.447","0.321",48.9
"Márquez, Germán",608566,"COL","SL","Slider",-0.2,-1,"749",26.9,"207","0.245","0.448","0.329",40.1,31.9,30.3,"0.204","0.349","0.267",34.4
"Hoffman, Jeff",656546,"CIN","FF","4-Seam Fastball",-0.8,-6,"758",55.7,"207","0.272","0.509","0.407",24.2,19.3,18.6,"0.256","0.47","0.374",44.3
"Ryu, Hyun Jin",547943,"TOR","FF","4-Seam Fastball",0.1,1,"941",35,"205","0.285","0.516","0.369",18.7,19,19.1,"0.273","0.528","0.369",58
"Ross, Joe",605452,"WSH","SI","Sinker",0.2,2,"792",46.6,"204","0.266","0.412","0.363",17.4,15.2,21.2,"0.281","0.474","0.369",41.2
"Patiño, Luis",672715,"TB","FF","4-Seam Fastball",0.7,6,"827",60.6,"204","0.228","0.37","0.309",23.1,18.1,15.3,"0.256","0.481","0.34",44.7
"McClanahan, Shane",663556,"TB","FF","4-Seam Fastball",0.1,1,"799",40.9,"204","0.308","0.5","0.39",19.3,15.7,19.5,"0.312","0.574","0.408",55
"Miley, Wade",489119,"CIN","CH","Changeup",0.7,5,"707",27.3,"203","0.254","0.341","0.315",33.8,17.7,20.9,"0.241","0.339","0.291",28.5
"Harvey, Matt",518774,"BAL","FF","4-Seam Fastball",-1.9,-14,"760",34.1,"202","0.319","0.568","0.408",15.6,18.3,14.7,"0.318","0.619","0.418",50.7
"Eflin, Zach",621107,"PHI","SI","Sinker",0.2,2,"672",41.6,"202","0.254","0.386","0.313",15.5,21.8,22,"0.266","0.436","0.309",46.1
"Widener, Taylor",642203,"AZ","FF","4-Seam Fastball",-0.5,-4,"809",66.5,"202","0.259","0.494","0.388",20.7,19.8,20,"0.27","0.546","0.397",50.4
"González, Chi Chi",592346,"COL","FF","4-Seam Fastball",-1.8,-13,"761",46.6,"200","0.331","0.539","0.405",14.9,13,13.2,"0.308","0.548","0.394",45.2
"Darvish, Yu",506433,"SD","SL","Slider",-0.5,-4,"859",31,"200","0.353","0.659","0.473",26.9,14,21.1,"0.286","0.502","0.379",43
"Rodriguez, Eduardo",593958,"BOS","CH","Changeup",0,0,"628",23.1,"200","0.268","0.395","0.317",28.9,18,18.9,"0.236","0.336","0.272",26.6
"Corbin, Patrick",571578,"WSH","FF","4-Seam Fastball",-1.2,-9,"760",27.6,"200","0.331","0.531","0.402",12,10.5,12.8,"0.331","0.552","0.409",37.3
"Rasmussen, Drew",656876,"TB","FF","4-Seam Fastball",2.2,17,"778",64.7,"199","0.222","0.339","0.288",25.1,22.1,20.3,"0.262","0.405","0.324",54.7
"Alcantara, Sandy",645261,"MIA","FC","Cutter",1,7,"744",24,"199","0.19","0.337","0.269",38.2,32.2,27.8,"0.185","0.323","0.248",39.3
"Anderson, Brett",474463,"MIL","SI","Sinker",-1.4,-9,"679",45,"199","0.318","0.509","0.385",10.7,11.6,16.5,"0.314","0.526","0.396",51.9
"Green, Chad",643338,"NYY","FF","4-Seam Fastball",1.6,13,"852",65,"198","0.185","0.364","0.27",29.9,32.3,21.8,"0.216","0.417","0.289",47.2
"Lauer, Eric",641778,"MIL","FF","4-Seam Fastball",0,0,"858",43.9,"198","0.25","0.407","0.339",27,29.3,18.3,"0.213","0.396","0.306",36.4
"Megill, Tylor",656731,"NYM","FF","4-Seam Fastball",0.2,2,"895",57.6,"198","0.261","0.494","0.357",21.7,26.8,19.3,"0.228","0.441","0.328",47.2
"Hernández, Carlos",672578,"KC","FF","4-Seam Fastball",0.9,7,"800",55.8,"198","0.216","0.364","0.327",22.2,18.7,18.6,"0.235","0.415","0.355",46
"Gant, John",607231,"MIN","SI","Sinker",0.1,1,"719",36.4,"198","0.239","0.346","0.353",14,14.6,19.5,"0.297","0.463","0.394",45.1
"Anderson, Ian",666120,"ATL","CH","Changeup",1.2,8,"684",31.4,"197","0.197","0.37","0.298",34.9,25.9,22,"0.208","0.401","0.311",31.7
"Rodriguez, Eduardo",593958,"BOS","FF","4-Seam Fastball",0,0,"1087",39.9,"197","0.297","0.491","0.373",31.1,32,20.7,"0.227","0.388","0.306",33.3
"Brubaker, JT",664141,"PIT","SL","Slider",-0.3,-2,"665",34.2,"196","0.228","0.484","0.319",42.8,36.7,32.7,"0.202","0.412","0.285",39.8
"Ryu, Hyun Jin",547943,"TOR","FC","Cutter",0.1,1,"683",25.4,"196","0.243","0.397","0.296",19.3,24,19.7,"0.253","0.416","0.3",39.9
"Velasquez, Vince",592826,"SD","FF","4-Seam Fastball",-0.9,-8,"873",49.9,"196","0.217","0.56","0.385",26.8,28.1,20.8,"0.201","0.499","0.35",48.2
"Moore, Matt",519043,"PHI","FF","4-Seam Fastball",-0.7,-5,"708",56.5,"195","0.305","0.537","0.403",18.4,15.9,17.1,"0.266","0.48","0.362",41.8
"Irvin, Cole",608344,"ATH","CH","Changeup",1,6,"589",22,"195","0.258","0.339","0.282",22,12.8,16.7,"0.271","0.391","0.306",28.4
"Wheeler, Zack",554430,"PHI","SI","Sinker",1.5,9,"586",18.3,"194","0.254","0.341","0.288",18.1,13.4,22.2,"0.239","0.314","0.254",22
"Ohtani, Shohei",660271,"LAA","FF","4-Seam Fastball",-0.4,-3,"892",44,"192","0.291","0.513","0.395",20.6,17.7,21.9,"0.275","0.467","0.377",50.8
"Matz, Steven",571927,"TOR","CH","Changeup",1.7,10,"594",23.2,"192","0.209","0.341","0.274",24.6,19.3,17.4,"0.233","0.394","0.291",34.5
"Suarez, Ranger",624133,"PHI","SI","Sinker",2.5,18,"733",45.4,"192","0.21","0.25","0.246",19.3,25.5,24.1,"0.209","0.265","0.246",34.9
"Kelly, Merrill",518876,"AZ","FF","4-Seam Fastball",-0.9,-7,"775",32,"191","0.311","0.598","0.411",19.4,17.3,18.6,"0.251","0.527","0.362",43.5
"Valdez, Framber",664285,"HOU","CU","Curveball",1.3,8,"644",30.8,"191","0.125","0.196","0.21",44.4,46.6,31.6,"0.156","0.226","0.229",27.8
"Gomber, Austin",596295,"COL","FF","4-Seam Fastball",-1.5,-11,"753",40.7,"190","0.299","0.567","0.419",14.5,11.6,15.7,"0.298","0.572","0.404",40
"Clase, Emmanuel",661403,"CLE","FC","Cutter",1.4,10,"731",69.2,"189","0.236","0.292","0.282",29.9,22.2,23.3,"0.236","0.317","0.27",31.6
"Keller, Brad",641745,"KC","SI","Sinker",-1.5,-10,"682",29,"188","0.351","0.53","0.448",12,8,14.2,"0.322","0.536","0.398",47.1
"McClanahan, Shane",663556,"TB","SL","Slider",0.7,4,"669",34.2,"188","0.199","0.301","0.256",40.5,37.2,26.4,"0.22","0.358","0.276",42.5
"Matzek, Tyler",554431,"ATL","FF","4-Seam Fastball",1.8,14,"753",70.7,"188","0.192","0.288","0.287",22.6,22.3,21,"0.207","0.332","0.302",42.9
"McCullers Jr., Lance",621121,"HOU","ST","Sweeper",1.4,10,"721",25.9,"188","0.15","0.244","0.26",36.1,36.7,24.5,"0.141","0.226","0.236",25
"Holmes, Clay",605280,"NYY","SI","Sinker",1.6,11,"662",58.9,"187","0.206","0.269","0.28",22.7,23.5,27,"0.193","0.282","0.276",35
"Alvarado, José",621237,"PHI","SI","Sinker",-0.8,-6,"807",77.2,"187","0.266","0.413","0.406",25.6,19.3,19.4,"0.241","0.373","0.371",44.9
"Kuhl, Chad",641771,"PIT","SL","Slider",0.4,3,"662",46.1,"187","0.228","0.43","0.351",33.8,28.9,24.3,"0.213","0.368","0.301",32.1
"Bumgarner, Madison",518516,"AZ","FF","4-Seam Fastball",0.5,4,"760",33.1,"187","0.2","0.412","0.307",17.8,20.3,17.9,"0.246","0.496","0.351",40
"Hearn, Taylor",621368,"TEX","FF","4-Seam Fastball",0.4,3,"799",46.3,"187","0.241","0.422","0.336",23.2,26.2,20.2,"0.262","0.453","0.347",41.9
"Wainwright, Adam",425794,"STL","FC","Cutter",0.7,5,"666",21.7,"186","0.262","0.459","0.34",21,15.1,19.4,"0.289","0.457","0.345",28.1
"Luetge, Lucas",476595,"NYY","FC","Cutter",0.6,5,"771",62.1,"186","0.275","0.392","0.323",24.8,17.7,17.9,"0.271","0.39","0.315",33.1
"Finnegan, Kyle",640448,"WSH","FF","4-Seam Fastball",-0.7,-6,"827",68.4,"185","0.267","0.466","0.372",20.8,22.2,15.6,"0.229","0.395","0.321",48.8
"Cobb, Alex",502171,"LAA","SI","Sinker",0.4,3,"665",42.1,"185","0.27","0.38","0.332",14.4,26.5,23.3,"0.278","0.39","0.332",35
"Webb, Logan",657277,"SF","ST","Sweeper",1.7,10,"614",27.7,"185","0.156","0.231","0.198",47.1,47.6,31.7,"0.158","0.262","0.207",31.8
"Mize, Casey",663554,"DET","SL","Slider",1.7,11,"663",28.1,"185","0.194","0.335","0.266",28.1,21.6,19.2,"0.218","0.411","0.297",36.4
"Montgomery, Jordan",656756,"NYY","CH","Changeup",1.5,9,"626",24.4,"185","0.187","0.304","0.246",39.2,26.5,22.8,"0.22","0.39","0.286",27.2
"Keuchel, Dallas",572971,"CWS","FC","Cutter",-1,-6,"664",24.4,"184","0.329","0.518","0.386",17.4,13.6,15.7,"0.308","0.51","0.372",39.7
"Ynoa, Huascar",660623,"ATL","SL","Slider",1.6,11,"715",48.2,"183","0.208","0.335","0.256",39.5,38.3,27,"0.196","0.305","0.239",30.8
"Doolittle, Sean",448281,"SEA","FF","4-Seam Fastball",-0.7,-5,"702",81.1,"183","0.27","0.497","0.368",23.4,23.5,19,"0.222","0.425","0.319",41.7
"Wacha, Michael",608379,"TB","CH","Changeup",0.2,1,"580",29.4,"182","0.207","0.355","0.273",34.2,37.4,21.1,"0.219","0.354","0.277",37.6
"Mahle, Tyler",641816,"CIN","SL","Slider",-0.6,-5,"835",26.1,"182","0.262","0.452","0.337",27.4,18.1,15.3,"0.257","0.43","0.317",31.2
"Johnson, Pierce",572955,"SD","CU","Curveball",1.6,11,"705",67.5,"181","0.207","0.361","0.266",32.5,33.7,25.8,"0.213","0.364","0.277",37.3
"Stanek, Ryne",592773,"HOU","FF","4-Seam Fastball",0.2,1,"696",59.7,"181","0.228","0.389","0.342",26.1,19.3,18.4,"0.23","0.457","0.357",47.8
"Stammen, Craig",489334,"SD","SI","Sinker",-0.2,-1,"623",47.6,"181","0.278","0.462","0.351",13,15.5,19.4,"0.261","0.418","0.316",40.6
"Kim, Kwang Hyun",547942,"STL","SL","Slider",1,7,"671",37.6,"181","0.205","0.304","0.276",27.4,28.7,19.3,"0.211","0.38","0.299",36.4
"Woodruff, Brandon",605540,"MIL","SI","Sinker",1.9,14,"752",26.8,"181","0.242","0.342","0.309",15,7.7,10.6,"0.275","0.416","0.341",37.8
"Glasnow, Tyler",607192,"TB","FF","4-Seam Fastball",1.8,12,"691",51.6,"181","0.197","0.338","0.293",27.8,26,25.1,"0.207","0.364","0.303",50
"Keller, Brad",641745,"KC","FF","4-Seam Fastball",-1.9,-13,"695",29.6,"180","0.322","0.51","0.405",22.3,18.9,17.1,"0.29","0.567","0.417",38.1
"Kennedy, Ian",453178,"PHI","FF","4-Seam Fastball",1.1,8,"742",82.5,"179","0.207","0.372","0.282",27.1,27.4,21.2,"0.209","0.396","0.289",46.6
"Estévez, Carlos",608032,"COL","FF","4-Seam Fastball",-0.9,-6,"663",65.8,"179","0.295","0.487","0.372",23.1,24,21.3,"0.259","0.463","0.349",42.2
"McCullers Jr., Lance",621121,"HOU","CU","Curveball",1.7,12,"696",25,"179","0.149","0.214","0.244",36.6,30.7,26.8,"0.183","0.278","0.273",40
"Lynn, Lance",458681,"CWS","FC","Cutter",1.2,10,"773",30.9,"179","0.218","0.341","0.27",25.9,27.9,22.6,"0.2","0.323","0.249",31.7
"López, Pablo",641154,"MIA","CH","Changeup",0.1,0,"543",32.5,"179","0.235","0.361","0.3",31.3,34.1,25,"0.202","0.309","0.251",32.1
"Montas, Frankie",593423,"ATH","FS","Split-Finger",1.6,11,"676",22.3,"178","0.12","0.163","0.172",51.6,51.7,26.5,"0.132","0.193","0.182",21.6
"Cole, Gerrit",543037,"NYY","SL","Slider",1.3,9,"659",22.2,"178","0.177","0.287","0.235",40.4,40.4,27.5,"0.168","0.29","0.238",32.3
"Pop, Zach",647315,"MIA","SI","Sinker",0.2,1,"621",66.3,"178","0.243","0.362","0.336",24.4,20.2,24.8,"0.212","0.324","0.3",30.8
"Wisler, Matt",605538,"TB","SL","Slider",0.7,5,"715",90.9,"177","0.23","0.4","0.291",33.1,33.3,25.2,"0.191","0.302","0.238",22.9
"Pagán, Emilio",641941,"SD","FF","4-Seam Fastball",-0.4,-3,"672",61.2,"177","0.228","0.538","0.355",26.9,27.7,22.3,"0.228","0.552","0.358",55.5
"Bauer, Trevor",545333,"LAD","FF","4-Seam Fastball",1.6,12,"718",40.2,"177","0.175","0.364","0.298",25.1,27.7,24.3,"0.217","0.49","0.346",54.3
"Wacha, Michael",608379,"TB","FF","4-Seam Fastball",0.1,1,"708",35.9,"177","0.239","0.497","0.334",18.3,22,18.7,"0.3","0.619","0.405",55.6
"Sheffield, Justus",656954,"SEA","SI","Sinker",-1.8,-12,"681",46.3,"176","0.34","0.525","0.464",10.9,6.8,10,"0.338","0.605","0.461",50.4
"Brubaker, JT",664141,"PIT","SI","Sinker",-0.3,-2,"480",24.7,"176","0.265","0.444","0.368",9.3,22.2,25.7,"0.268","0.426","0.351",40.4
"Lester, Jon",452657,"STL","FF","4-Seam Fastball",-1.3,-9,"739",31.1,"176","0.338","0.556","0.421",16.6,14.2,13.8,"0.309","0.525","0.393",42.4
"Berríos, José",621244,"TOR","FF","4-Seam Fastball",-0.3,-2,"811",26.7,"176","0.269","0.531","0.375",21.6,20.5,17.1,"0.274","0.549","0.378",43.5
"Kim, Kwang Hyun",547942,"STL","FF","4-Seam Fastball",-0.2,-2,"731",41,"176","0.295","0.442","0.371",10.8,6.8,7.6,"0.292","0.483","0.369",41.5
"Rodón, Carlos",607074,"CWS","SL","Slider",2,12,"604",27.2,"175","0.107","0.126","0.16",40.6,52,28.9,"0.109","0.143","0.161",24.3
"deGrom, Jacob",594798,"NYM","FF","4-Seam Fastball",2.5,18,"704",57.4,"175","0.158","0.303","0.224",30.3,35.4,38,"0.166","0.319","0.235",40.4
"Tate, Dillon",622253,"BAL","SI","Sinker",-0.2,-1,"614",58.9,"175","0.284","0.426","0.366",11.9,9.1,14.5,"0.268","0.401","0.345",43.8
"Foltynewicz, Mike",592314,"TEX","SI","Sinker",-0.9,-4,"487",21.8,"175","0.269","0.519","0.373",7.8,10.9,15.1,"0.269","0.463","0.341",38.5
"Kopech, Michael",656629,"CWS","FF","4-Seam Fastball",0.6,5,"726",64.4,"173","0.212","0.397","0.313",31.7,34.1,29.4,"0.192","0.373","0.291",45.7
"Ross, Joe",605452,"WSH","SL","Slider",0.9,5,"532",31.3,"173","0.194","0.333","0.262",32.2,31.8,26.8,"0.202","0.338","0.246",31.3
"Maeda, Kenta",628317,"MIN","SL","Slider",0.5,3,"641",36.1,"172","0.232","0.424","0.335",33.1,23.3,19,"0.192","0.326","0.279",27.9
"Ynoa, Huascar",660623,"ATL","FF","4-Seam Fastball",-0.3,-2,"662",44.7,"172","0.25","0.533","0.365",14.6,14.5,15.2,"0.295","0.581","0.401",55.8
"Gray, Josiah",680686,"WSH","FF","4-Seam Fastball",-1.9,-12,"626",51.6,"172","0.282","0.62","0.423",17.8,14.5,15.2,"0.26","0.61","0.408",41.5
"Rogers, Trevor",669432,"MIA","CH","Changeup",1.2,7,"594",27.4,"171","0.2","0.267","0.239",34.4,28.1,20.5,"0.21","0.287","0.23",33.1
"Morgan, Eli",669212,"CLE","FF","4-Seam Fastball",-0.2,-1,"689",48.7,"171","0.288","0.523","0.378",18.5,18.7,17.7,"0.242","0.468","0.334",44.4
"Rogers, Tyler",643511,"SF","SI","Sinker",0.9,5,"604",53.5,"171","0.342","0.422","0.378",11.4,6.4,12.5,"0.302","0.376","0.323",40
"Williams, Devin",642207,"MIL","CH","Changeup",2,13,"634",63.8,"170","0.161","0.232","0.23",47.2,41.2,32.6,"0.156","0.228","0.211",24.4
"Alcantara, Sandy",645261,"MIA","FF","4-Seam Fastball",-0.2,-1,"668",21.6,"170","0.234","0.399","0.309",23.3,25.9,17.1,"0.236","0.422","0.305",44.3
"Karinchak, James",675916,"CLE","FF","4-Seam Fastball",0.5,4,"696",67.7,"170","0.194","0.403","0.321",28.7,27.6,22.1,"0.197","0.397","0.332",43.6
"Kikuchi, Yusei",579328,"SEA","FF","4-Seam Fastball",-0.2,-2,"919",35.9,"169","0.2","0.4","0.308",30.5,33.1,21.3,"0.244","0.482","0.349",51.1
"Musgrove, Joe",605397,"SD","CU","Curveball",2,14,"698",23.8,"168","0.126","0.199","0.196",37.9,37.5,28,"0.168","0.257","0.226",40.7
"Mize, Casey",663554,"DET","SI","Sinker",-1,-5,"525",22.3,"168","0.318","0.547","0.41",13.2,7.7,17.6,"0.31","0.557","0.408",40.4
"Anderson, Tyler",542881,"SEA","CH","Changeup",-0.5,-3,"641",24.6,"168","0.25","0.487","0.326",28.7,14.3,12.4,"0.248","0.434","0.302",30.7
"Peralta, Freddy",642547,"MIL","SL","Slider",1.4,9,"625",26.5,"168","0.157","0.288","0.24",43.3,39.3,28.7,"0.161","0.246","0.216",22.7
"Gallegos, Giovanny",606149,"STL","FF","4-Seam Fastball",1.3,9,"653",52.8,"168","0.201","0.315","0.264",25.2,28.6,22.2,"0.218","0.364","0.291",46.2
"Steckenrider, Drew",608716,"SEA","FF","4-Seam Fastball",1.7,12,"664",65.9,"168","0.216","0.346","0.275",18.6,19,17.7,"0.237","0.393","0.3",37.4
"Greinke, Zack",425844,"HOU","CH","Changeup",1.3,7,"573",22.2,"168","0.205","0.263","0.23",27.6,21.4,17.1,"0.204","0.273","0.239",30.1
"Jax, Griffin",643377,"MIN","FF","4-Seam Fastball",-0.9,-6,"616",44.2,"167","0.253","0.555","0.376",13,11.4,11.7,"0.264","0.617","0.404",47.3
"Paddack, Chris",663978,"SD","CH","Changeup",-0.1,0,"490",26.2,"167","0.234","0.399","0.308",28.2,20.4,17.8,"0.247","0.438","0.314",36.5
"Stephan, Trevor",663986,"CLE","FF","4-Seam Fastball",-0.8,-6,"723",59.8,"167","0.274","0.493","0.385",25.1,20.4,15.5,"0.283","0.556","0.397",48.7
"Whitlock, Garrett",676477,"BOS","SI","Sinker",0.9,6,"616",53.6,"166","0.288","0.412","0.331",22,19.3,18.6,"0.258","0.382","0.3",40.7
"Flaherty, Jack",656427,"STL","FF","4-Seam Fastball",1,7,"685",50.6,"166","0.193","0.379","0.307",17,22.9,17.3,"0.252","0.487","0.355",44.5
"Sewald, Paul",623149,"SEA","FF","4-Seam Fastball",1.5,9,"644",58.3,"165","0.18","0.32","0.262",33,38.8,28.3,"0.181","0.361","0.272",40.7
"Kikuchi, Yusei",579328,"SEA","SL","Slider",0.1,1,"522",20.4,"165","0.256","0.419","0.302",31.9,30.9,26.8,"0.229","0.386","0.275",39.4
"Robles, Hansel",570663,"BOS","FF","4-Seam Fastball",-0.2,-1,"645",54.4,"165","0.245","0.453","0.362",22.5,26.7,19.2,"0.228","0.46","0.352",60.4
"Valdez, César",491624,"BAL","CH","Changeup",-1.5,-8,"567",74.9,"165","0.31","0.487","0.365",30.5,24.2,22.2,"0.291","0.458","0.335",42
"Plesac, Zach",668676,"CLE","CH","Changeup",0.3,2,"527",23.9,"165","0.242","0.405","0.314",20.8,11.5,11.7,"0.259","0.458","0.328",40.7
"Nola, Aaron",605400,"PHI","CH","Changeup",-0.1,-1,"589",19.8,"164","0.24","0.364","0.315",32.7,26.2,20.7,"0.229","0.335","0.273",36.9
"Smith, Riley",642092,"AZ","SI","Sinker",-0.9,-6,"613",57.3,"164","0.313","0.507","0.398",11.9,11.6,11.4,"0.288","0.476","0.36",47.3
"Heuer, Codi",676051,"CHC","FF","4-Seam Fastball",-1.6,-9,"588",56.1,"163","0.336","0.566","0.421",13.4,6.7,9.4,"0.316","0.524","0.386",45.3
"Cueto, Johnny",456501,"SF","FF","4-Seam Fastball",1.4,9,"676",36,"163","0.224","0.361","0.292",28,31.9,18.1,"0.212","0.393","0.297",43.8
"Richards, Garrett",572070,"BOS","SL","Slider",-1.1,-7,"638",27.4,"163","0.282","0.47","0.356",26.6,23.9,16.7,"0.246","0.416","0.312",44.6
"Urías, Julio",628711,"LAD","CH","Changeup",1.7,8,"483",17.3,"163","0.194","0.245","0.231",29,22.1,18.8,"0.216","0.286","0.244",26.9
"Foltynewicz, Mike",592314,"TEX","FF","4-Seam Fastball",-1.6,-10,"656",29.3,"163","0.28","0.593","0.383",11.2,9.2,8.6,"0.31","0.651","0.422",51.8
"Weaver, Luke",596133,"AZ","FF","4-Seam Fastball",0.6,4,"686",61.9,"163","0.224","0.448","0.328",20.7,19.6,15.6,"0.249","0.493","0.354",40.9
"Pérez, Martín",527048,"BOS","SI","Sinker",1,5,"469",25.2,"162","0.253","0.377","0.323",8.5,19.8,24.6,"0.254","0.387","0.317",36.5
"Montgomery, Jordan",656756,"NYY","CU","Curveball",1.5,9,"608",23.7,"162","0.191","0.263","0.22",43.5,43.8,26.1,"0.176","0.281","0.219",33.7
"Diekman, Jake",518617,"ATH","FF","4-Seam Fastball",-0.1,-1,"657",58.8,"162","0.239","0.471","0.37",31.7,28.4,22.5,"0.228","0.442","0.344",45.7
"Loáisiga, Jonathan",642528,"NYY","SI","Sinker",1.9,11,"596",54.9,"162","0.252","0.286","0.29",17.5,16,17,"0.212","0.275","0.255",28.2
"Romo, Sergio",489265,"ATH","SL","Slider",0.1,0,"581",55.7,"161","0.219","0.418","0.309",32.5,28,22,"0.22","0.4","0.305",23.8
"Castillo, Diego",650895,"SEA","SL","Slider",2.8,18,"622",66.5,"161","0.13","0.233","0.202",40.1,40.4,27.2,"0.151","0.234","0.205",28.2
"Cortes, Nestor",641482,"NYY","FF","4-Seam Fastball",0.8,5,"653",42.8,"161","0.196","0.365","0.289",23.1,34.2,25.3,"0.188","0.362","0.268",42.6
"Stratton, Chris",608717,"PIT","FF","4-Seam Fastball",0.1,1,"661",48.1,"161","0.248","0.397","0.33",21.9,23,17.4,"0.234","0.45","0.336",42.9
"Alzolay, Adbert",640470,"CHC","SI","Sinker",-1.6,-8,"528",27,"161","0.31","0.538","0.39",10.8,13,21.4,"0.291","0.541","0.382",44.1
"Cobb, Alex",502171,"LAA","FS","Split-Finger",0.6,4,"584",37,"161","0.224","0.306","0.28",35.1,24.8,18.3,"0.228","0.345","0.286",35.5
"May, Trevor",543507,"NYM","FF","4-Seam Fastball",1,7,"673",60.3,"160","0.217","0.371","0.298",33.2,38.8,25.6,"0.176","0.351","0.271",42
"Melancon, Mark",453343,"SD","FC","Cutter",0.4,3,"659",62.6,"160","0.25","0.379","0.334",14.8,15.6,14.7,"0.275","0.434","0.355",37.9
"Castillo, Luis",622491,"CIN","FF","4-Seam Fastball",-0.5,-4,"902",28.5,"160","0.257","0.478","0.364",30.7,31.3,20.9,"0.199","0.36","0.294",34.1
"Alexander, Tyler",641302,"DET","FC","Cutter",0.4,3,"595",36.3,"160","0.236","0.431","0.317",19.4,19.4,19.9,"0.226","0.397","0.295",30.2
"Plesac, Zach",668676,"CLE","SL","Slider",1.8,9,"511",23.2,"159","0.191","0.303","0.239",31.5,23.9,21,"0.19","0.304","0.235",34.2
"Boxberger, Brad",502202,"MIL","FF","4-Seam Fastball",1,6,"602",56.1,"158","0.181","0.333","0.276",34.1,39.2,26.5,"0.188","0.356","0.286",46.8
"Jackson, Luke",592426,"ATL","SL","Slider",1.9,11,"544",51.6,"158","0.162","0.246","0.247",35.1,31,22.8,"0.192","0.299","0.256",29.8
"Lynn, Lance",458681,"CWS","SI","Sinker",0.4,2,"504",20.1,"158","0.25","0.436","0.349",14.2,14.6,15.9,"0.234","0.382","0.307",33.3
"Darvish, Yu",506433,"SD","ST","Sweeper",1.8,12,"630",22.8,"158","0.174","0.322","0.235",21.9,29.7,21.3,"0.2","0.373","0.265",27.2
"Márquez, Germán",608566,"COL","CU","Curveball",0.9,4,"507",18.2,"158","0.144","0.203","0.185",42.7,53.8,26.6,"0.148","0.203","0.174",32.4
"Ruiz, José",614179,"CWS","FF","4-Seam Fastball",1.4,9,"615",59.3,"158","0.217","0.406","0.312",21.9,17.7,16.8,"0.238","0.473","0.345",50.9
"Hendriks, Liam",521230,"CWS","FF","4-Seam Fastball",2.2,17,"761",68.9,"157","0.216","0.379","0.265",30.3,28,21.8,"0.211","0.438","0.283",44
"Mahle, Tyler",641816,"CIN","FS","Split-Finger",1.5,8,"506",15.8,"157","0.195","0.268","0.238",32,23.6,19.1,"0.212","0.291","0.249",27.7
"Lester, Jon",452657,"STL","FC","Cutter",-0.9,-6,"610",25.6,"157","0.293","0.536","0.386",16.7,19.7,15.6,"0.251","0.462","0.345",35.1
"Jansen, Kenley",445276,"LAD","FC","Cutter",1.9,12,"629",58.7,"157","0.171","0.24","0.266",31.8,24.2,24.7,"0.205","0.328","0.311",24.5
"Brentz, Jake",641394,"KC","FF","4-Seam Fastball",0.8,5,"647",58.6,"157","0.211","0.333","0.329",22.1,21.7,23.4,"0.22","0.361","0.338",40.2
"Scott, Tanner",656945,"BAL","SL","Slider",0.1,1,"532",51.6,"156","0.25","0.364","0.334",46,34.6,26.9,"0.217","0.327","0.303",27.8
"Fried, Max",608331,"ATL","CU","Curveball",1.2,8,"656",25.6,"156","0.161","0.255","0.213",35.3,42.9,26.3,"0.163","0.254","0.204",29.3
"Minor, Mike",501985,"KC","SL","Slider",-0.6,-3,"573",21.9,"156","0.255","0.511","0.381",26.2,19.2,20.4,"0.284","0.574","0.393",44.1
"Mize, Casey",663554,"DET","FF","4-Seam Fastball",-0.7,-5,"700",29.7,"156","0.232","0.486","0.345",25,29.5,17.8,"0.224","0.491","0.341",49.5
"Montgomery, Jordan",656756,"NYY","SI","Sinker",-1,-5,"564",21.9,"156","0.359","0.489","0.433",11.7,6.4,10.2,"0.338","0.53","0.423",42.6
"Garcia, Luis",677651,"HOU","FC","Cutter",1.1,6,"536",21.4,"155","0.173","0.307","0.221",41.5,37.4,27.9,"0.19","0.314","0.23",28
"Dobnak, Randy",677976,"MIN","SI","Sinker",0.7,3,"449",58.7,"155","0.299","0.431","0.366",8,6.5,15.6,"0.311","0.454","0.358",58.5
"Smith, Caleb",592761,"AZ","SL","Slider",0.3,2,"612",29.6,"155","0.193","0.357","0.29",30.6,31,22.3,"0.184","0.308","0.258",28.3
"Peralta, Wily",503449,"DET","SI","Sinker",-0.3,-1,"469",30.2,"154","0.328","0.511","0.405",12.6,5.8,10,"0.302","0.505","0.385",46.5
"Pérez, Martín",527048,"BOS","FC","Cutter",-2.5,-14,"538",28.9,"154","0.331","0.549","0.416",14.6,17.5,21.1,"0.316","0.546","0.418",50.5
"Kershaw, Clayton",477132,"LAD","FF","4-Seam Fastball",-0.3,-2,"664",36.8,"154","0.295","0.446","0.356",17.2,8.4,14.3,"0.296","0.478","0.36",35.7
"Giolito, Lucas",608337,"CWS","SL","Slider",1.2,8,"640",21.5,"153","0.173","0.353","0.245",38.3,28.8,18.3,"0.199","0.339","0.238",34
"Skubal, Tarik",669373,"DET","SL","Slider",1.4,8,"581",22.8,"153","0.204","0.327","0.248",29.1,33.3,22.6,"0.203","0.345","0.248",35.1
"DeSclafani, Anthony",543101,"SF","SI","Sinker",2.2,11,"478",18.7,"153","0.186","0.286","0.253",15.5,23.5,19,"0.204","0.359","0.28",34.6
"Crowe, Wil",640444,"PIT","FF","4-Seam Fastball",-1.7,-13,"759",35,"153","0.328","0.597","0.464",20.3,20.9,15.8,"0.227","0.467","0.376",40.4
"Mayza, Tim",641835,"TOR","SI","Sinker",1.6,10,"598",71.1,"152","0.196","0.283","0.256",17.6,21.1,20.5,"0.234","0.331","0.285",29
"Walker, Taijuan",592836,"NYM","SI","Sinker",0.9,5,"551",21.6,"151","0.271","0.372","0.35",16.7,14.6,15.4,"0.261","0.411","0.351",31.8
"Kinley, Tyler",641755,"COL","SL","Slider",0.6,3,"596",52.2,"151","0.207","0.357","0.277",38.5,34.4,23.3,"0.188","0.32","0.244",25.6
"Quantrill, Cal",615698,"CLE","FC","Cutter",1.5,9,"613",26.3,"151","0.201","0.324","0.28",28.6,21.2,17.9,"0.244","0.405","0.31",37
"Pivetta, Nick",601713,"BOS","CU","Curveball",0.5,3,"654",23.8,"151","0.164","0.293","0.233",26.5,39.7,22.8,"0.174","0.304","0.234",32.9
"Smith, Will",519293,"ATL","FF","4-Seam Fastball",0,0,"510",47.3,"151","0.25","0.469","0.361",18.9,21.2,22.1,"0.261","0.485","0.369",52
"McHugh, Collin",543521,"TB","ST","Sweeper",2,10,"514",52.9,"150","0.177","0.262","0.223",30.8,32.7,22.7,"0.178","0.262","0.22",23.9
"Miley, Wade",489119,"CIN","FF","4-Seam Fastball",1.1,5,"421",16.2,"150","0.246","0.333","0.289",17.6,26,17.1,"0.234","0.4","0.304",39.4
"Stroman, Marcus",573186,"NYM","SV","Slurve",0.8,5,"599",21.9,"150","0.191","0.326","0.252",37.3,34.7,23.2,"0.199","0.367","0.265",45.1
"Manoah, Alek",666201,"TOR","FF","4-Seam Fastball",0.7,4,"667",36.2,"150","0.2","0.331","0.29",32.6,32,21.7,"0.171","0.332","0.276",34.1
"Familia, Jeurys",544727,"NYM","SI","Sinker",-1,-6,"601",59.1,"150","0.283","0.543","0.4",24.2,18.7,28.3,"0.254","0.429","0.32",40.2
"Happ, J.A.",457918,"STL","SI","Sinker",0.4,2,"472",17.7,"149","0.314","0.421","0.336",15.6,10.7,14.4,"0.294","0.465","0.341",37.3
"Suarez, José",660761,"LAA","FF","4-Seam Fastball",-0.9,-6,"652",39.9,"149","0.292","0.546","0.388",18.3,16.8,13.9,"0.315","0.535","0.402",42.5
"Pivetta, Nick",601713,"BOS","SL","Slider",-0.4,-2,"581",21.2,"149","0.258","0.485","0.351",30.6,22.1,20.1,"0.225","0.399","0.308",36.3
"Irvin, Cole",608344,"ATH","SI","Sinker",-1.6,-8,"513",19.1,"149","0.331","0.492","0.422",16.3,12.8,18.4,"0.297","0.482","0.377",45.5
"Cessa, Luis",570666,"CIN","SL","Slider",0.8,4,"538",56.7,"149","0.237","0.348","0.302",31.4,22.8,20.6,"0.235","0.339","0.287",29.1
"Maeda, Kenta",628317,"MIN","FS","Split-Finger",0.4,2,"505",28.5,"149","0.229","0.34","0.274",33,30.2,22.4,"0.222","0.321","0.247",39
"DeSclafani, Anthony",543101,"SF","FF","4-Seam Fastball",0.8,6,"690",27,"148","0.252","0.435","0.329",22.8,15.5,13.1,"0.241","0.48","0.339",42.9
"Manning, Matt",666159,"DET","FF","4-Seam Fastball",0.1,0,"593",41.7,"148","0.258","0.391","0.327",18.2,16.9,14.6,"0.249","0.418","0.337",40
"Crowe, Wil",640444,"PIT","SL","Slider",-0.1,0,"536",24.7,"148","0.233","0.436","0.321",29.4,24.3,19.1,"0.243","0.439","0.327",31.3
"Hernández, Darwinzon",650382,"BOS","FF","4-Seam Fastball",0.2,1,"551",73.1,"147","0.182","0.282","0.326",30.8,27.2,25,"0.211","0.334","0.342",37
"Boyd, Matthew",571510,"DET","FF","4-Seam Fastball",0.3,2,"535",42,"147","0.268","0.402","0.333",18,14.3,13.6,"0.235","0.453","0.333",41.3
"Webb, Logan",657277,"SF","CH","Changeup",-0.1,0,"522",23.6,"147","0.263","0.365","0.322",29.3,23.1,18.9,"0.248","0.344","0.282",38.5
"Richards, Trevor",670950,"TOR","FF","4-Seam Fastball",2,12,"602",56.7,"146","0.159","0.333","0.251",23.3,23.3,20.9,"0.226","0.459","0.323",47.5
"Bassitt, Chris",605135,"ATH","FF","4-Seam Fastball",0.8,4,"459",19.3,"146","0.194","0.291","0.235",27,37,20,"0.175","0.272","0.226",32.5
"Snell, Blake",605483,"SD","SL","Slider",2,11,"567",24.2,"146","0.146","0.231","0.218",47.6,44.5,29.4,"0.164","0.278","0.244",35.8
"Soto, Gregory",642397,"DET","SI","Sinker",-0.4,-3,"618",54.6,"146","0.267","0.414","0.378",19,18.5,17.4,"0.232","0.406","0.352",34.8
"Bleier, Richard",542947,"MIA","SI","Sinker",2.5,11,"422",61.6,"145","0.283","0.333","0.283",14.6,10.3,21.1,"0.275","0.36","0.299",42.9
"Minor, Mike",501985,"KC","CH","Changeup",0,0,"511",19.5,"145","0.259","0.403","0.297",30.9,17.2,15.1,"0.259","0.41","0.3",24.3
"Kremer, Dean",665152,"BAL","FF","4-Seam Fastball",-1,-5,"538",54.6,"145","0.295","0.59","0.422",15.1,15.9,16.5,"0.276","0.541","0.389",52
"Chargois, JT",608638,"TB","SL","Slider",0.3,2,"522",59.7,"144","0.178","0.364","0.281",34.2,31.9,22.3,"0.2","0.382","0.284",37.6
"Lyles, Jordan",543475,"TEX","CU","Curveball",-2,-11,"538",18.2,"144","0.316","0.5","0.365",24.2,25,19.6,"0.275","0.443","0.326",44.6
"Kimbrel, Craig",518886,"CWS","FF","4-Seam Fastball",0.6,3,"585",59.3,"144","0.18","0.385","0.293",33.2,36.8,27.5,"0.175","0.352","0.285",48.6
"Bieber, Shane",669456,"CLE","CU","Curveball",-0.2,-1,"485",31.1,"144","0.227","0.328","0.315",42.1,38.2,29.4,"0.229","0.373","0.311",36.5
"Sborz, Josh",622250,"TEX","FF","4-Seam Fastball",0.5,3,"588",54.5,"144","0.226","0.363","0.316",27.7,22.2,18.8,"0.239","0.395","0.324",45.2
"Pineda, Michael",501381,"MIN","SL","Slider",-0.5,-3,"494",28.9,"143","0.199","0.346","0.267",37.7,35,20.2,"0.205","0.31","0.245",33.7
"Bumgarner, Madison",518516,"AZ","CU","Curveball",-0.1,-1,"497",21.7,"143","0.235","0.402","0.303",33.3,32.9,26.3,"0.213","0.393","0.282",34.5
"Hudson, Daniel",543339,"SD","FF","4-Seam Fastball",-0.2,-1,"590",68.2,"143","0.246","0.444","0.341",28.3,29.4,23,"0.229","0.478","0.329",47.7
"Oviedo, Johan",670912,"STL","FF","4-Seam Fastball",0.3,1,"557",51.3,"142","0.235","0.313","0.326",14.5,12,12.3,"0.262","0.364","0.345",39
"King, Michael",650633,"NYY","SI","Sinker",0.6,3,"535",53,"141","0.272","0.36","0.344",13.5,13.5,18.6,"0.285","0.409","0.345",44.3
"Hentges, Sam",656529,"CLE","FF","4-Seam Fastball",-2.4,-13,"520",41.3,"141","0.403","0.637","0.479",10.9,5.7,7.8,"0.34","0.67","0.454",47
"Cabrera, Génesis",650893,"STL","FF","4-Seam Fastball",1.2,7,"539",45.1,"140","0.17","0.286","0.291",26.7,32.9,25,"0.188","0.342","0.314",44.1
"Bieber, Shane",669456,"CLE","FF","4-Seam Fastball",-0.4,-2,"554",35.5,"140","0.272","0.48","0.36",22.8,33.6,29.4,"0.225","0.422","0.317",56.4
"Clay, Sam",621348,"WSH","SI","Sinker",-1.1,-6,"528",65.8,"140","0.325","0.447","0.376",17.1,12.1,13.7,"0.281","0.43","0.35",43.9
"Littell, Zack",641793,"SF","FF","4-Seam Fastball",1.4,8,"574",57.8,"140","0.167","0.333","0.273",31,35.7,24.9,"0.179","0.354","0.28",47.9
"Cishek, Steve",518553,"LAA","SI","Sinker",0.3,1,"521",41.6,"140","0.3","0.367","0.376",11,9.3,12,"0.255","0.365","0.332",31.5
"Manoah, Alek",666201,"TOR","SL","Slider",0.8,4,"512",27.8,"140","0.146","0.293","0.25",37,37.9,28,"0.149","0.275","0.242",23.6
"Bard, Daniel",453268,"COL","SL","Slider",1.1,6,"561",46.1,"140","0.165","0.315","0.259",40.8,39.3,30.1,"0.178","0.277","0.238",34.2
"Díaz, Edwin",621242,"NYM","FF","4-Seam Fastball",-0.1,-1,"615",61.6,"140","0.233","0.379","0.331",25.8,25,19.7,"0.222","0.36","0.313",28.2
"Foltynewicz, Mike",592314,"TEX","SL","Slider",-1.5,-8,"528",23.6,"139","0.214","0.484","0.328",28.2,31.7,19.2,"0.192","0.397","0.288",42.7
"Wacha, Michael",608379,"TB","FC","Cutter",-2.1,-10,"491",24.9,"139","0.375","0.586","0.454",15,8.6,14.3,"0.326","0.56","0.395",37
"Gibson, Kyle",502043,"PHI","SL","Slider",0.7,3,"443",15.4,"139","0.186","0.341","0.264",43,41,27.8,"0.16","0.245","0.212",30.6
"Kittredge, Andrew",552640,"TB","SL","Slider",1.9,9,"443",45.2,"138","0.195","0.301","0.242",40.7,41.3,27,"0.175","0.258","0.207",28.9
"Suarez, José",660761,"LAA","CH","Changeup",2.6,12,"466",28.5,"138","0.145","0.206","0.19",38.2,29,20.8,"0.201","0.305","0.241",29.3
"Strickland, Hunter",519326,"MIL","FF","4-Seam Fastball",0,0,"503",51.3,"138","0.225","0.383","0.322",23,22.5,18.5,"0.208","0.375","0.299",28.6
"Guerra, Junior",448855,"LAA","SI","Sinker",-0.6,-3,"471",38.4,"138","0.347","0.483","0.405",15.9,10.1,16.3,"0.303","0.41","0.365",41
"Scherzer, Max",453286,"LAD","SL","Slider",2.5,13,"529",18.8,"138","0.15","0.286","0.232",48.5,39.9,27.6,"0.167","0.319","0.221",29.1
"Luzardo, Jesús",666200,"MIA","FF","4-Seam Fastball",-3,-18,"579",33.5,"137","0.328","0.664","0.448",18.8,16.1,14,"0.319","0.632","0.437",50.5
"Romano, Jordan",605447,"TOR","FF","4-Seam Fastball",0.9,6,"642",62.3,"137","0.14","0.289","0.238",28.9,35,25,"0.159","0.299","0.251",33.8
"García, Jarlín",606424,"SF","FF","4-Seam Fastball",1.6,8,"490",48.9,"137","0.194","0.403","0.303",19.1,26.3,26.3,"0.222","0.403","0.304",50.6
"Musgrove, Joe",605397,"SD","FF","4-Seam Fastball",-0.4,-3,"597",20.3,"137","0.319","0.571","0.419",20.8,21.2,19.2,"0.264","0.503","0.37",46.2
"Gonzales, Marco",594835,"SEA","CH","Changeup",0.5,2,"466",20.1,"137","0.191","0.405","0.269",27.8,19.7,15.6,"0.211","0.369","0.267",24
"Cole, Gerrit",543037,"NYY","CH","Changeup",1.4,6,"421",14.2,"137","0.211","0.32","0.267",33.6,29.2,25.6,"0.177","0.265","0.225",21.6
"Buehler, Walker",621111,"LAD","ST","Sweeper",1.4,6,"438",13.9,"137","0.19","0.277","0.21",34.4,35,25.8,"0.171","0.25","0.182",30.3
"Santana, Ervin",429722,"KC","SL","Slider",2.1,11,"548",51.6,"137","0.165","0.228","0.211",34.7,28.5,20,"0.214","0.372","0.279",31.5
"Walker, Taijuan",592836,"NYM","SL","Slider",0.5,3,"537",21.1,"136","0.183","0.278","0.251",25.7,22.8,17,"0.233","0.398","0.294",38.1
"Bundy, Dylan",605164,"LAA","FF","4-Seam Fastball",-0.1,-1,"520",34.2,"136","0.237","0.474","0.368",20.5,19.1,19.7,"0.224","0.45","0.347",38.2
"Bummer, Aaron",607481,"CWS","SI","Sinker",0.2,1,"590",61.9,"136","0.274","0.336","0.366",17.5,8.1,12.1,"0.255","0.338","0.339",47.6
"Wittgren, Nick",621295,"CLE","FF","4-Seam Fastball",0.3,2,"570",56,"136","0.234","0.5","0.329",24.9,28.7,19.2,"0.258","0.514","0.346",48.9
"Holland, Greg",518813,"KC","SL","Slider",1.1,5,"482",48.3,"136","0.213","0.344","0.292",33.5,27.9,19.7,"0.228","0.4","0.312",34.9
"Hader, Josh",623352,"MIL","SI","Sinker",2.7,17,"630",65.4,"136","0.103","0.171","0.196",40.5,45.6,29.8,"0.135","0.235","0.229",37.5
"Fried, Max",608331,"ATL","SL","Slider",1.1,6,"551",21.5,"136","0.207","0.306","0.268",30.5,27.2,21.9,"0.225","0.425","0.318",26.7
"Kinley, Tyler",641755,"COL","FF","4-Seam Fastball",-0.4,-2,"492",43.1,"135","0.259","0.534","0.382",14.3,11.1,16.9,"0.286","0.497","0.38",45.1
"Voth, Austin",608723,"WSH","FF","4-Seam Fastball",-0.4,-3,"607",59.5,"135","0.292","0.531","0.389",20.8,23.7,18.8,"0.294","0.573","0.408",53.5
"Lynch IV, Daniel",663738,"KC","FF","4-Seam Fastball",-1.7,-9,"509",40.5,"135","0.385","0.581","0.434",12.2,8.9,9.1,"0.36","0.619","0.453",46.8
"Duffey, Tyler",608648,"MIN","CU","Curveball",1.1,6,"539",51.2,"134","0.172","0.246","0.243",27.9,25.4,18.2,"0.223","0.335","0.277",43.8
"Brothers, Rex",571521,"CHC","FF","4-Seam Fastball",-0.7,-5,"654",65.5,"134","0.287","0.525","0.445",20.9,16.4,22.2,"0.312","0.601","0.462",54.4
"Keller, Mitch",656605,"PIT","FC","Cutter",-0.7,-3,"450",24.2,"134","0.261","0.395","0.324",31.6,24.6,18.9,"0.235","0.364","0.302",47.1
"Bednar, David",670280,"PIT","FF","4-Seam Fastball",1.7,9,"521",55.8,"134","0.195","0.35","0.269",27.9,29.9,24.4,"0.196","0.326","0.261",32.5
"Wilson, Bryse",669060,"PIT","FF","4-Seam Fastball",-1.3,-7,"504",44.4,"134","0.317","0.558","0.399",24.1,14.9,16,"0.295","0.586","0.4",45.2
"Thielbar, Caleb",573204,"MIN","FF","4-Seam Fastball",1.1,6,"542",49,"134","0.227","0.403","0.3",22,27.6,19.7,"0.22","0.515","0.334",57
"Barlow, Scott",605130,"KC","SL","Slider",0.8,4,"567",46.4,"134","0.218","0.336","0.299",44.4,33.6,26.9,"0.198","0.336","0.275",28
"Crochet, Garrett",676979,"CWS","FF","4-Seam Fastball",0.3,2,"587",64.2,"134","0.288","0.405","0.378",19.3,13.4,16.4,"0.272","0.412","0.359",44.2
"Rogers, Tyler",643511,"SF","SL","Slider",2.4,11,"483",42.8,"134","0.126","0.22","0.162",23.9,28.4,22,"0.154","0.227","0.184",19.6
"Allard, Kolby",663465,"TEX","FC","Cutter",-0.2,-1,"491",23.9,"133","0.292","0.533","0.392",19.2,11.3,11.4,"0.286","0.529","0.374",38.7
"Heaney, Andrew",571760,"NYY","CH","Changeup",-0.5,-2,"406",18,"133","0.28","0.44","0.336",22.5,19.5,17.8,"0.247","0.44","0.316",35.4
"Sheffield, Justus",656954,"SEA","SL","Slider",-1.4,-6,"472",32.1,"133","0.228","0.472","0.308",29.6,34.6,20,"0.222","0.466","0.306",40
"Neris, Héctor",593576,"PHI","FS","Split-Finger",0.6,3,"505",40.6,"133","0.136","0.28","0.252",45.6,39.8,27.3,"0.152","0.258","0.23",32.8
"Hembree, Heath",592390,"NYM","SL","Slider",0.9,5,"515",47.2,"132","0.169","0.398","0.287",36.9,40.9,24,"0.143","0.321","0.247",31.3
"Cueto, Johnny",456501,"SF","CH","Changeup",-1.2,-5,"444",23.6,"132","0.264","0.456","0.341",29,19.7,14.9,"0.269","0.435","0.322",36.4
"Suero, Wander",593833,"WSH","FC","Cutter",-0.5,-3,"577",75.8,"132","0.254","0.525","0.375",24.2,24.2,18.4,"0.252","0.491","0.351",44.8
"Hill, Tim",657612,"SD","FF","4-Seam Fastball",0.9,4,"482",50.2,"132","0.204","0.327","0.3",25.3,30.3,19.1,"0.204","0.349","0.299",36.5
"Gray, Sonny",543243,"CIN","FF","4-Seam Fastball",0.2,1,"530",23.8,"132","0.281","0.465","0.38",17,9.1,16.4,"0.283","0.405","0.347",30.8
"Taylor, Blake",642130,"HOU","FF","4-Seam Fastball",0.8,4,"542",72.5,"132","0.216","0.288","0.311",25.4,25,24.1,"0.183","0.259","0.265",23.8
"de Geus, Brett",676969,"AZ","SI","Sinker",-1.9,-9,"502",55.1,"132","0.366","0.509","0.421",11.7,15.9,18.8,"0.312","0.443","0.379",41.9
"Mayers, Mike",594577,"LAA","FF","4-Seam Fastball",-0.2,-1,"475",38.4,"132","0.221","0.459","0.317",29.7,35.6,27.5,"0.18","0.388","0.273",40
"Sandoval, Patrick",663776,"LAA","CH","Changeup",1.7,7,"427",29.6,"131","0.14","0.211","0.224",51.6,42.7,31.1,"0.147","0.214","0.222",32.2
"Howard, Spencer",675921,"TEX","FF","4-Seam Fastball",0.5,3,"559",59.7,"131","0.243","0.405","0.344",24.5,22.1,17.7,"0.229","0.386","0.328",42.7
"Buehler, Walker",621111,"LAD","FC","Cutter",1.1,6,"505",16,"131","0.231","0.405","0.31",29.2,16,19.1,"0.239","0.351","0.289",18
"Funkhouser, Kyle",608335,"DET","SI","Sinker",-0.4,-2,"479",40.3,"131","0.296","0.463","0.404",13.1,11.5,15,"0.288","0.438","0.38",36.2
"Gilbert, Logan",669302,"SEA","SL","Slider",-1.9,-9,"493",23.2,"131","0.197","0.459","0.305",39.1,35.9,18.2,"0.222","0.461","0.315",40.3
"Graveman, Kendall",608665,"HOU","SI","Sinker",1.9,10,"549",63,"131","0.177","0.221","0.261",15.7,16.8,18.8,"0.227","0.287","0.29",28.6
"Ohtani, Shohei",660271,"LAA","ST","Sweeper",2,9,"444",21.9,"130","0.2","0.342","0.267",30.8,30.8,25.8,"0.178","0.315","0.248",30
"Ottavino, Adam",493603,"BOS","ST","Sweeper",-0.3,-2,"548",47.8,"130","0.241","0.429","0.344",28.1,20.8,19.4,"0.199","0.33","0.289",19.8
"Bowden, Ben",641386,"COL","FF","4-Seam Fastball",-1.8,-9,"478",70.9,"130","0.318","0.573","0.437",24.3,23.1,23.3,"0.258","0.476","0.364",42.7
"Gomber, Austin",596295,"COL","SL","Slider",1,5,"449",24.3,"130","0.198","0.339","0.276",35,32.3,28,"0.179","0.309","0.242",29.1
"Petit, Yusmeiro",433589,"ATH","FF","4-Seam Fastball",0.5,3,"496",45.9,"130","0.266","0.427","0.312",11,5.4,5.8,"0.287","0.481","0.336",38.7
"Rodriguez, Eduardo",593958,"BOS","FC","Cutter",-1.1,-5,"482",17.7,"129","0.301","0.487","0.389",18.4,30.2,26,"0.224","0.37","0.302",36.8
"Gilbreath, Lucas",656458,"COL","FF","4-Seam Fastball",1.4,6,"461",63.1,"129","0.187","0.29","0.291",26,20.9,21.1,"0.197","0.312","0.296",21
"Winkler, Dan",595465,"CHC","FC","Cutter",0,0,"524",66.6,"129","0.216","0.382","0.357",26.4,17.1,17.6,"0.232","0.353","0.346",20
"Santana, Ervin",429722,"KC","FF","4-Seam Fastball",-2.4,-11,"480",45.2,"128","0.342","0.623","0.439",14.5,10.2,11.5,"0.314","0.653","0.431",52.9
"Alvarez, Jose",501625,"SF","SI","Sinker",3.2,14,"442",45.6,"128","0.191","0.252","0.249",14.4,14.8,15.6,"0.251","0.332","0.298",39.2
"Weathers, Ryan",677960,"SD","SL","Slider",-0.4,-2,"494",30.6,"128","0.217","0.348","0.291",25,24.2,17.3,"0.223","0.333","0.277",31
"Manoah, Alek",666201,"TOR","SI","Sinker",1.4,7,"496",26.9,"128","0.211","0.266","0.289",23.2,16.4,19.4,"0.255","0.328","0.32",34.1
"Maton, Phil",664208,"HOU","FF","4-Seam Fastball",0,0,"563",48,"128","0.21","0.42","0.343",38.5,33.6,25,"0.196","0.358","0.325",31.7
"Gallegos, Giovanny",606149,"STL","SL","Slider",2,11,"526",42.6,"128","0.16","0.294","0.213",45.6,36.7,25.7,"0.171","0.311","0.23",32
"Luzardo, Jesús",666200,"MIA","SL","Slider",0.8,4,"498",28.8,"128","0.195","0.356","0.27",43.2,43,28.5,"0.162","0.282","0.228",33.3
"Civale, Aaron",650644,"CLE","FC","Cutter",2.9,14,"489",25.6,"128","0.193","0.294","0.239",20.1,24.2,25.8,"0.227","0.377","0.288",38.2
"Darvish, Yu",506433,"SD","FF","4-Seam Fastball",0.1,1,"612",22.1,"127","0.144","0.381","0.257",35,43.3,26.1,"0.143","0.342","0.235",41.3
"Kelly, Merrill",518876,"AZ","CU","Curveball",0.6,3,"438",18.1,"127","0.213","0.352","0.274",26.2,26.8,23.8,"0.242","0.392","0.289",42
"Bickford, Phil",641360,"LAD","FF","4-Seam Fastball",1,5,"498",64.2,"127","0.193","0.377","0.279",27.5,29.9,26.6,"0.221","0.416","0.304",44.9
"Jax, Griffin",643377,"MIN","ST","Sweeper",-1,-4,"434",31.1,"126","0.226","0.47","0.336",36.5,33.3,26.6,"0.188","0.374","0.273",29.7
"Kelly, Merrill",518876,"AZ","SI","Sinker",-0.3,-1,"447",18.4,"126","0.291","0.41","0.327",13.4,15.1,18.1,"0.304","0.444","0.343",48
"Fulmer, Michael",605242,"DET","FC","Cutter",1.4,6,"471",39.8,"125","0.243","0.27","0.255",33.2,28.8,20.3,"0.21","0.298","0.251",27.2
"Smith, Burch",572143,"ATH","FF","4-Seam Fastball",0.1,0,"467",68.9,"125","0.291","0.444","0.341",21.4,16,16.4,"0.286","0.497","0.354",41.2
"Stroman, Marcus",573186,"NYM","FS","Split-Finger",0.4,2,"441",16.1,"124","0.209","0.33","0.25",34.4,25,21.2,"0.225","0.371","0.278",36
"Houck, Tanner",656557,"BOS","FF","4-Seam Fastball",1.1,5,"443",38.6,"124","0.257","0.321","0.307",20.7,24.2,22.9,"0.235","0.406","0.316",39.5
"Greinke, Zack",425844,"HOU","CU","Curveball",-0.6,-2,"428",16.6,"124","0.256","0.504","0.338",25.6,13.7,17.2,"0.276","0.461","0.336",23.5
"López, Reynaldo",625643,"CWS","FF","4-Seam Fastball",1.3,7,"543",57.9,"124","0.196","0.42","0.283",22.8,26.6,18.8,"0.222","0.415","0.295",39
"Wood, Alex",622072,"SF","CH","Changeup",-1.3,-6,"483",22,"123","0.308","0.419","0.355",20.2,13,10.3,"0.274","0.396","0.314",39.6
"Stroman, Marcus",573186,"NYM","FC","Cutter",1.3,6,"422",15.4,"123","0.245","0.345","0.293",28.9,17.9,20.2,"0.277","0.396","0.325",28.9
"Flexen, Chris",623167,"SEA","CH","Changeup",1.5,6,"431",15.3,"123","0.16","0.269","0.204",26.5,21.1,16.5,"0.197","0.311","0.226",16.8
"Pérez, Martín",527048,"BOS","CH","Changeup",-0.6,-3,"452",24.3,"123","0.314","0.5","0.373",32.4,17.9,17.9,"0.27","0.474","0.332",40.2
"Bender, Anthony",669622,"MIA","SI","Sinker",0.6,3,"504",51.8,"122","0.243","0.383","0.336",15.3,15.6,16.8,"0.255","0.375","0.325",38.2
"López, Pablo",641154,"MIA","FF","4-Seam Fastball",0.8,4,"558",33.4,"122","0.216","0.44","0.295",23,32.8,19,"0.21","0.437","0.289",39
"Gutierrez, Vladimir",661269,"CIN","SL","Slider",0.3,1,"417",22.8,"122","0.243","0.369","0.298",38.1,25.4,24.2,"0.217","0.32","0.267",23.5
"Eovaldi, Nathan",543135,"BOS","CU","Curveball",1.5,8,"549",18.8,"122","0.171","0.231","0.206",39.9,36.1,25.4,"0.199","0.293","0.228",28.4
"Fedde, Erick",607200,"WSH","CU","Curveball",0.9,4,"496",20.6,"122","0.196","0.313","0.256",39,38.5,23.4,"0.215","0.372","0.28",31.3
"Steele, Justin",657006,"CHC","FF","4-Seam Fastball",-0.2,-1,"436",45.2,"121","0.229","0.448","0.384",29.8,24,25.9,"0.191","0.311","0.312",19.1
"Barnes, Matt",598264,"BOS","FF","4-Seam Fastball",-0.8,-3,"458",49.8,"121","0.24","0.481","0.361",26,27.3,21.7,"0.185","0.407","0.307",40.3
"Harvey, Matt",518774,"BAL","SL","Slider",-1.6,-7,"431",19.3,"121","0.291","0.418","0.373",28,24.8,18.3,"0.252","0.407","0.32",31.3
"Scherzer, Max",453286,"LAD","CH","Changeup",1.6,7,"421",14.9,"121","0.15","0.212","0.195",28.8,28.1,15.5,"0.166","0.255","0.217",20.3
"Harvey, Matt",518774,"BAL","SI","Sinker",0,0,"464",20.8,"120","0.333","0.477","0.383",12.8,10,13,"0.3","0.442","0.344",41
"Lester, Jon",452657,"STL","CH","Changeup",0.5,2,"432",18.2,"120","0.209","0.3","0.278",28,11.7,12.2,"0.276","0.434","0.336",33
"Quintana, Jose",500779,"SF","FF","4-Seam Fastball",-0.8,-4,"506",40.8,"120","0.296","0.519","0.383",24.9,30.8,22.3,"0.251","0.448","0.336",46.5
"Espino, Paolo",502179,"WSH","CU","Curveball",1.4,6,"420",24.2,"120","0.175","0.289","0.224",33.3,32.5,23.1,"0.234","0.381","0.285",32
"Helsley, Ryan",664854,"STL","FF","4-Seam Fastball",0.1,1,"435",54,"119","0.279","0.413","0.341",15.7,13.4,17.6,"0.294","0.513","0.384",51.6
"Duffy, Danny",518633,"KC","FF","4-Seam Fastball",1.6,7,"432",42.8,"119","0.212","0.298","0.297",26.2,25.2,22.2,"0.229","0.379","0.313",35.1
"Tepera, Ryan",572193,"CWS","SL","Slider",2.5,11,"426",44.9,"119","0.132","0.264","0.228",50.6,44.5,31.5,"0.142","0.253","0.228",33.9
"Yarbrough, Ryan",642232,"TB","ST","Sweeper",1.9,8,"448",18,"119","0.173","0.318","0.235",33.5,26.1,21.5,"0.173","0.283","0.224",16
"Fedde, Erick",607200,"WSH","FC","Cutter",-0.1,-1,"552",22.9,"118","0.232","0.464","0.315",23.8,28,19.2,"0.234","0.511","0.325",40
"Norris, Daniel",596057,"MIL","FF","4-Seam Fastball",0.4,2,"469",47.5,"118","0.242","0.4","0.355",18.8,18.6,17.1,"0.221","0.401","0.346",47.3
"Wells, Tyler",669330,"BAL","FF","4-Seam Fastball",1.3,7,"524",58.6,"118","0.196","0.383","0.285",26.6,28,21.2,"0.243","0.501","0.339",50
"Freeland, Kyle",607536,"COL","FF","4-Seam Fastball",0.5,2,"480",25.5,"118","0.283","0.453","0.349",15.1,6.8,10.3,"0.26","0.463","0.342",30
"Price, David",456034,"LAD","SI","Sinker",-0.7,-3,"406",34.5,"118","0.304","0.5","0.392",14.2,9.3,10.6,"0.276","0.449","0.352",34
"Lyles, Jordan",543475,"TEX","ST","Sweeper",-0.4,-2,"420",14.2,"118","0.196","0.429","0.278",32.5,25.4,17.8,"0.211","0.414","0.283",33.7
"Woodford, Jake",663765,"STL","SI","Sinker",1.1,5,"428",37,"118","0.24","0.39","0.346",15.4,11,15.5,"0.28","0.437","0.35",41.8
"Gonsolin, Tony",664062,"LAD","FF","4-Seam Fastball",-1.2,-5,"431",43.5,"118","0.298","0.564","0.43",15.2,13.6,16,"0.252","0.447","0.376",39.2
"deGrom, Jacob",594798,"NYM","SL","Slider",3.9,16,"409",33.4,"117","0.096","0.175","0.132",58.1,59,39.9,"0.101","0.16","0.126",28.3
"Bass, Anthony",542914,"MIA","SL","Slider",0.6,3,"479",49.9,"117","0.182","0.345","0.257",39.7,35.9,26.1,"0.174","0.356","0.243",28.6
"Staumont, Josh",622251,"KC","FF","4-Seam Fastball",1.3,6,"482",44,"117","0.204","0.296","0.298",21.1,19.7,20.2,"0.236","0.381","0.335",44
"Jiménez, Joe",641729,"DET","FF","4-Seam Fastball",0.3,2,"468",54,"117","0.19","0.369","0.361",25.5,23.1,20,"0.165","0.358","0.348",36.2
"Plutko, Adam",592644,"BAL","FF","4-Seam Fastball",-1.5,-7,"506",49.9,"116","0.296","0.561","0.4",22.1,15.5,15,"0.277","0.532","0.382",39.8
"Arrieta, Jake",453562,"SD","SL","Slider",-1.9,-8,"415",23.8,"116","0.26","0.54","0.387",21.6,25,21.8,"0.271","0.524","0.374",44.6
"Musgrove, Joe",605397,"SD","FC","Cutter",0.3,2,"535",18.2,"116","0.294","0.523","0.358",21.9,10.3,18.5,"0.328","0.56","0.392",39.8
"Vesia, Alex",681911,"LAD","FF","4-Seam Fastball",0.9,4,"471",72.4,"116","0.163","0.398","0.299",38.6,36.2,27.8,"0.152","0.363","0.283",36.8
"Chapman, Aroldis",547973,"NYY","FF","4-Seam Fastball",-1.2,-7,"568",56.6,"115","0.306","0.6","0.457",29.4,23.5,27,"0.252","0.554","0.426",46.7
"Smith, Will",519293,"ATL","SL","Slider",0.1,1,"444",41.1,"115","0.124","0.314","0.232",49.4,47,30.2,"0.091","0.183","0.173",21.6
"Castro, Miguel",612434,"NYM","SI","Sinker",0,0,"525",42.8,"115","0.256","0.407","0.405",24.3,9.6,19.3,"0.288","0.524","0.434",46.7
"Germán, Domingo",593334,"NYY","CU","Curveball",1.5,8,"536",34,"114","0.144","0.231","0.223",42,34.2,25.8,"0.179","0.309","0.251",30.8
"Hand, Brad",543272,"NYM","FF","4-Seam Fastball",-0.5,-2,"444",41.3,"114","0.253","0.462","0.371",17.3,21.9,17.7,"0.255","0.481","0.37",43.7
"Kelly, Merrill",518876,"AZ","CH","Changeup",0.4,2,"422",17.4,"114","0.257","0.367","0.291",27.4,16.7,15.1,"0.287","0.425","0.32",36.3
"Thompson, Zach",605507,"MIA","FC","Cutter",2.9,12,"419",35.1,"113","0.186","0.284","0.236",21.3,17.7,21.1,"0.208","0.339","0.268",31.4
"Nola, Aaron",605400,"PHI","SI","Sinker",0.2,1,"422",14.2,"113","0.243","0.359","0.296",16.4,31.9,21.4,"0.21","0.304","0.261",38.2
"De Los Santos, Enyel",660853,"PIT","FF","4-Seam Fastball",-2.4,-11,"477",68.4,"113","0.333","0.625","0.463",30.3,27.4,21.2,"0.256","0.506","0.368",47.1
"Cisnero, José",542585,"DET","FF","4-Seam Fastball",0.8,3,"436",40.9,"113","0.198","0.341","0.329",29.4,32.7,20.8,"0.188","0.343","0.317",37
"López, Jorge",605347,"BAL","FF","4-Seam Fastball",-1.9,-9,"456",21.1,"113","0.287","0.596","0.417",22.4,23,20,"0.246","0.48","0.364",47.1
"Fry, Paul",643316,"BAL","FF","4-Seam Fastball",0.1,1,"475",54.5,"113","0.244","0.289","0.348",20.3,23.9,23.7,"0.231","0.32","0.327",32.3
"Ponce de Leon, Daniel",594965,"STL","FF","4-Seam Fastball",-1.4,-7,"481",73.7,"112","0.298","0.548","0.426",24.1,17,13.5,"0.264","0.547","0.421",37.7
"Woodruff, Brandon",605540,"MIL","CU","Curveball",1.6,7,"472",16.8,"112","0.139","0.204","0.179",31.8,41.1,23.7,"0.178","0.275","0.204",28.1
"Zimmermann, Bruce",669145,"BAL","FF","4-Seam Fastball",-2.8,-13,"466",42.2,"111","0.392","0.711","0.496",13.4,8.1,8.3,"0.361","0.687","0.474",48.3
"Underwood Jr., Duane",621249,"PIT","FF","4-Seam Fastball",0.5,2,"425",36.1,"110","0.25","0.38","0.346",16.6,13.6,13,"0.271","0.471","0.367",40
"Castro, Miguel",612434,"NYM","SL","Slider",1.7,7,"432",35.2,"110","0.131","0.222","0.208",41.5,43.6,28.7,"0.166","0.25","0.232",25.5
"Hembree, Heath",592390,"NYM","FF","4-Seam Fastball",-0.3,-2,"570",52.3,"110","0.253","0.444","0.345",18.8,26.4,14.6,"0.235","0.392","0.31",50
"Fleming, Josh",676596,"TB","FC","Cutter",0.3,2,"440",27,"110","0.267","0.446","0.34",15.5,12.7,11.5,"0.26","0.477","0.332",28.9
"Germán, Domingo",593334,"NYY","FF","4-Seam Fastball",-2.1,-10,"453",28.7,"110","0.29","0.65","0.429",22.4,18.2,16,"0.273","0.605","0.395",55
"Kittredge, Andrew",552640,"TB","SI","Sinker",1.1,5,"432",44,"110","0.228","0.366","0.293",23.4,11.8,20.3,"0.25","0.409","0.315",43.8
"Loup, Aaron",571901,"NYM","SI","Sinker",2.6,11,"432",51.9,"109","0.188","0.26","0.253",20.9,27.5,26.3,"0.213","0.31","0.274",35.3
"Watkins, Spenser",657093,"BAL","FF","4-Seam Fastball",-2.5,-11,"447",46.6,"109","0.347","0.643","0.443",13.1,15.6,16.8,"0.31","0.601","0.412",41
"Mejía, J.C.",650496,"CLE","SI","Sinker",-1.7,-7,"414",42.2,"109","0.358","0.611","0.456",14.6,9.2,13.5,"0.351","0.581","0.434",54.7
"Gant, John",607231,"MIN","CH","Changeup",-1.4,-6,"444",22.5,"109","0.217","0.413","0.335",37.5,21.1,15,"0.232","0.336","0.316",32.9
"Hand, Brad",543272,"NYM","ST","Sweeper",1.2,6,"458",42.6,"109","0.184","0.286","0.237",27.9,29.4,23,"0.19","0.313","0.251",24.6
"Hernández, Elieser",622694,"MIA","FF","4-Seam Fastball",-2.2,-9,"421",51.5,"109","0.354","0.697","0.466",15.6,15.6,12.6,"0.299","0.599","0.397",53.6
"Duffey, Tyler",608648,"MIN","FF","4-Seam Fastball",0.7,3,"469",44.5,"109","0.253","0.374","0.339",19.7,22,17.5,"0.22","0.401","0.332",45.6
"Dunn, Justin",643290,"SEA","FF","4-Seam Fastball",-0.5,-2,"450",51.7,"108","0.232","0.476","0.394",21.1,12,15.3,"0.262","0.544","0.425",46.4
"Feyereisen, J.P.",656420,"TB","FF","4-Seam Fastball",1.8,9,"508",51.5,"108","0.167","0.286","0.307",28.3,17.6,14.8,"0.187","0.401","0.338",44.8
"Bender, Anthony",669622,"MIA","SL","Slider",0.8,3,"415",42.7,"108","0.165","0.299","0.27",44.3,43.5,32,"0.142","0.226","0.199",22.6
"Guerra, Deolis",500610,"ATH","FF","4-Seam Fastball",0.4,2,"409",37.7,"107","0.281","0.469","0.357",15.2,18.7,18.5,"0.221","0.418","0.308",42.9
"Taillon, Jameson",592791,"NYY","CU","Curveball",-1.1,-5,"452",19.1,"107","0.26","0.375","0.321",30.1,30.8,20,"0.232","0.323","0.29",45.3
"Lamet, Dinelson",659275,"SD","SL","Slider",1.3,5,"421",50.6,"106","0.158","0.297","0.219",42.5,41.5,27.8,"0.149","0.286","0.209",31.6
"Sawamura, Hirokazu",617228,"BOS","FF","4-Seam Fastball",-0.9,-4,"429",45.4,"106","0.247","0.584","0.403",19.3,16,20.5,"0.259","0.547","0.395",47.9
"Heaney, Andrew",571760,"NYY","CU","Curveball",-0.3,-1,"469",20.8,"106","0.194","0.378","0.284",34.5,33,19.7,"0.233","0.41","0.306",38.1
"Freeland, Kyle",607536,"COL","FC","Cutter",-0.7,-3,"430",22.8,"106","0.289","0.515","0.362",22.7,18.9,16,"0.217","0.368","0.276",29.1
"Garrett, Amir",607237,"CIN","SL","Slider",0.1,1,"423",51.1,"106","0.212","0.343","0.277",47.8,45.3,32,"0.172","0.298","0.232",41.2
"Burnes, Corbin",669203,"MIL","CU","Curveball",2.6,12,"472",18.2,"105","0.071","0.121","0.124",50,49.5,32.3,"0.111","0.155","0.155",17
"Givens, Mychal",571710,"CIN","FF","4-Seam Fastball",-0.6,-3,"408",46.8,"105","0.293","0.489","0.373",29.7,33.3,25.2,"0.22","0.369","0.3",29.3
"Neris, Héctor",593576,"PHI","FF","4-Seam Fastball",-0.4,-2,"451",36.3,"105","0.233","0.478","0.364",32.8,36.2,24.7,"0.188","0.419","0.317",53.8
"Javier, Cristian",664299,"HOU","ST","Sweeper",2.1,10,"464",25.9,"105","0.091","0.202","0.165",49.2,52.4,31.4,"0.094","0.176","0.141",17.8
"Bradley, Archie",605151,"PHI","FF","4-Seam Fastball",0.1,0,"433",47,"104","0.242","0.484","0.363",18.1,26.9,18.5,"0.213","0.425","0.322",46
"Soto, Gregory",642397,"DET","SL","Slider",2.4,10,"425",37.6,"104","0.138","0.223","0.216",43,33.7,24.3,"0.174","0.276","0.244",37.3
"Barlow, Scott",605130,"KC","FF","4-Seam Fastball",0.4,2,"405",33.1,"103","0.275","0.396","0.338",16.8,11.7,15.8,"0.277","0.492","0.371",49.4
"Thompson, Keegan",624522,"CHC","FF","4-Seam Fastball",-0.6,-3,"449",46.5,"103","0.272","0.457","0.397",17.2,15.5,16.5,"0.275","0.492","0.4",43.3
"Odorizzi, Jake",543606,"HOU","FS","Split-Finger",-1.3,-5,"406",22,"103","0.266","0.457","0.351",20.9,16.5,11.2,"0.274","0.438","0.34",40.3
"Zimmer, Kyle",622092,"KC","FF","4-Seam Fastball",-0.4,-2,"471",50.4,"103","0.3","0.412","0.388",16.6,12.6,12.3,"0.25","0.379","0.368",40.6
"López, Jorge",605347,"BAL","CU","Curveball",-0.9,-5,"513",23.7,"103","0.302","0.49","0.357",22.5,20.4,14.7,"0.281","0.45","0.336",47.4
"Maeda, Kenta",628317,"MIN","FF","4-Seam Fastball",-1.6,-7,"460",25.9,"103","0.297","0.549","0.396",23.2,27.2,23.3,"0.264","0.544","0.376",48.4
"Dunning, Dane",641540,"TEX","SL","Slider",-1.3,-5,"413",21.6,"103","0.24","0.42","0.302",38,43.7,22.4,"0.19","0.343","0.242",36.4
"Cueto, Johnny",456501,"SF","SL","Slider",-1.3,-5,"408",21.7,"102","0.303","0.539","0.386",14.4,14.7,15.3,"0.308","0.528","0.385",32.9
"Chafin, Andrew",605177,"ATH","SI","Sinker",1.4,6,"414",43.7,"102","0.261","0.315","0.3",15.4,8.8,14.8,"0.248","0.344","0.302",26.2
"Gray, Sonny",543243,"CIN","CU","Curveball",0.2,1,"516",23.2,"102","0.258","0.412","0.307",30.2,26.5,24.1,"0.236","0.337","0.269",37.1
"Canning, Griffin",656288,"LAA","FF","4-Seam Fastball",-1.4,-6,"435",40.4,"102","0.247","0.541","0.403",20.8,17.6,17,"0.265","0.537","0.397",52.2
"Flexen, Chris",623167,"SEA","CU","Curveball",-0.3,-1,"430",15.3,"102","0.29","0.41","0.312",22.9,13.7,13,"0.292","0.443","0.325",41.9
"Foster, Matt",641582,"CWS","FF","4-Seam Fastball",0.9,4,"463",63.5,"102","0.233","0.326","0.327",22.9,23.5,19.7,"0.27","0.478","0.371",54.7
"Rainey, Tanner",663432,"WSH","FF","4-Seam Fastball",-1.7,-7,"430",64.7,"101","0.253","0.57","0.413",28.1,20.8,15.3,"0.242","0.58","0.411",55.9
"Buehler, Walker",621111,"LAD","CU","Curveball",0.3,1,"415",13.2,"100","0.175","0.299","0.218",35.4,43,28.5,"0.187","0.313","0.229",45.5
"Manaea, Sean",640455,"ATH","SL","Slider",-0.3,-1,"444",14.9,"99","0.209","0.385","0.306",28.1,30.3,19.2,"0.22","0.389","0.295",31.1
"Cease, Dylan",656302,"CWS","CU","Curveball",0.2,1,"449",15.2,"98","0.2","0.326","0.24",40.5,48,28.5,"0.149","0.259","0.199",38.8
"Sulser, Cole",642121,"BAL","FF","4-Seam Fastball",0.2,1,"547",51.1,"98","0.279","0.5","0.376",28.7,26.5,18.2,"0.217","0.449","0.329",58.3
"Civale, Aaron",650644,"CLE","FF","4-Seam Fastball",-1.6,-7,"428",22.4,"98","0.278","0.6","0.394",15.3,14.3,10.8,"0.311","0.613","0.416",48.7
"Castillo, Luis",622491,"CIN","SL","Slider",1.1,6,"550",17.4,"98","0.17","0.309","0.242",42.2,32.7,24.8,"0.208","0.316","0.246",37.1
"Howard, Sam",607572,"PIT","SL","Slider",0.7,3,"465",55,"97","0.19","0.274","0.256",41,25.8,18.5,"0.184","0.266","0.255",21.3
"Barnes, Matt",598264,"BOS","CU","Curveball",1.8,8,"445",48.4,"96","0.174","0.228","0.198",41.5,51,32.2,"0.167","0.245","0.199",44.2
"Hendricks, Kyle",543294,"CHC","FF","4-Seam Fastball",-1.5,-8,"506",18,"94","0.321","0.654","0.449",30.3,24.5,23.2,"0.278","0.588","0.414",56.1
"Sewald, Paul",623149,"SEA","ST","Sweeper",0.5,2,"459",41.6,"94","0.169","0.371","0.27",43.2,42.6,25.5,"0.173","0.378","0.255",38.8
"Brubaker, JT",664141,"PIT","FF","4-Seam Fastball",-0.6,-3,"474",24.4,"94","0.241","0.506","0.357",18.3,11.7,10.9,"0.251","0.49","0.344",38.7
"Cishek, Steve",518553,"LAA","SL","Slider",-0.6,-3,"484",38.6,"94","0.244","0.346","0.336",21.5,23.4,14.6,"0.174","0.293","0.281",32.8
"Houck, Tanner",656557,"BOS","SL","Slider",1.2,5,"426",37.1,"90","0.159","0.232","0.216",42.4,45.6,25.3,"0.141","0.191","0.193",19.5
"Brogdon, Connor",641401,"PHI","FF","4-Seam Fastball",-0.9,-4,"414",44.9,"90","0.3","0.512","0.383",26.1,22.2,17.9,"0.256","0.471","0.346",44.3
"Cole, Gerrit",543037,"NYY","CU","Curveball",-0.4,-2,"465",15.7,"90","0.299","0.483","0.358",32.1,25.6,18.7,"0.276","0.492","0.34",40.6
"Minor, Mike",501985,"KC","CU","Curveball",-1,-4,"411",15.7,"89","0.256","0.349","0.291",29.8,36,18.7,"0.202","0.306","0.236",42.6
"Scott, Tanner",656945,"BAL","FF","4-Seam Fastball",-0.4,-2,"469",45.4,"88","0.206","0.338","0.334",23.3,18.2,19.5,"0.24","0.419","0.371",44.4
"Bassitt, Chris",605135,"ATH","FC","Cutter",0.3,1,"430",18.1,"86","0.296","0.494","0.37",23.8,14,23.1,"0.287","0.548","0.373",42
"Fairbanks, Pete",664126,"TB","FF","4-Seam Fastball",0.9,4,"446",57.6,"86","0.2","0.28","0.284",31.3,27.9,19.5,"0.182","0.312","0.27",30.8
"Anderson, Ian",666120,"ATL","CU","Curveball",-0.8,-4,"438",20.1,"84","0.244","0.397","0.333",34.8,25,17.9,"0.258","0.426","0.313",50
"Montgomery, Jordan",656756,"NYY","FF","4-Seam Fastball",-1,-4,"417",16.2,"84","0.247","0.455","0.331",19,25,13.1,"0.249","0.47","0.336",50
"Matz, Steven",571927,"TOR","CU","Curveball",-0.5,-2,"425",16.6,"83","0.256","0.41","0.313",31.4,33.7,21.4,"0.22","0.324","0.259",35.3
"Pagán, Emilio",641941,"SD","FC","Cutter",-0.1,-1,"412",37.5,"83","0.235","0.469","0.305",34.3,21.7,12.9,"0.21","0.38","0.262",27
"Gibson, Kyle",502043,"PHI","FC","Cutter",1.5,7,"431",15,"79","0.222","0.333","0.276",26,17.7,22.6,"0.214","0.411","0.298",25.4
"Glasnow, Tyler",607192,"TB","SL","Slider",0.8,4,"433",32.3,"69","0.197","0.424","0.279",46.3,27.5,23.8,"0.224","0.48","0.314",44.7