Name,Team,FB%,FBv,SL%,SLv,CT%,CTv,CB%,CBv,CH%,CHv,SF%,SFv,KN%,KNv,XX%,NameASCII,PlayerId,MLBAMID
"Kyle Finnegan","- - -",0.69111969,96.60538344,0.10600211,87.59437086,,,,,,,0.2028782,88.33188908,,,0.01398601,"Kyle Finnegan",15009,640448
"Luke Jackson","- - -",0.34395539,95.23045744,0.53316072,87.39798206,0.00398327,90.45,0.11850229,84.01848739,0.00039833,85.5,,,,,0.01172263,"Luke Jackson",11752,592426
"Dylan Floro","- - -",0.63168356,92.52350899,0.05446233,83.37591241,0.17332538,86.08986175,,,0.14052872,85.70579915,,,,,0.01072706,"Dylan Floro",13394,571670
"Will Smith","- - -",0.41969759,92.43448612,0.454434,81.51708633,,,0.0950143,77.12473118,0.03085411,86.18543046,,,,,0.01061875,"Will Smith",8048,519293
"Génesis Cabrera","- - -",0.52587646,96.44777699,0.15989612,89.50232019,,,0.19180115,80.30174081,0.10517529,89.28218695,0.01725097,85.13978495,,,0.01055947,"Genesis Cabrera",17490,650893
"Ryan Helsley","- - -",0.51790307,98.91825821,,,0.39327399,88.92857143,0.0785361,80.7884131,0.01028684,88.13461538,,,,,0.0100691,"Ryan Helsley",18138,664854
"Tim Hill","- - -",0.8830874,89.94921791,0.10026485,81.86792453,0.01645857,88.24137931,,,0.00018918,86,,,,,0.01001512,"Tim Hill",16814,657612
"Yimi García","- - -",0.5095301,95.31085587,0.27080581,83.78745645,0.1487073,89.51649746,,,0.0698245,88.13783784,0.00113229,90.66666667,,,0.00999811,"Yimi Garcia",12095,554340
"Carlos Estévez","- - -",0.64570575,97.15567893,0.2407767,87.8560794,,,0.00029873,83,0.11321882,88.77836412,,,,,0.00955795,"Carlos Estevez",14542,608032
"Aaron Bummer","- - -",0.58786909,94.32384988,0.26360726,82.51082544,0.08199929,87.87201735,0.06118819,81.18023256,0.00533618,86.83333333,,,,,0.00942725,"Aaron Bummer",16258,607481
"David Bednar","- - -",0.53300267,96.76476907,,,,,0.26516597,77.4942446,,,0.20183136,90.96975425,,,0.00895921,"David Bednar",19569,670280
"Raisel Iglesias","- - -",0.50047664,95.41492063,0.23403241,84.48369565,,,,,0.26549094,89.19509276,,,,,0.00857551,"Raisel Iglesias",17130,628452
"Kenley Jansen","- - -",0.29806085,92.77010193,0.11718489,82.25321888,0.58475426,92.67781589,,,,,,,,,0.00801737,"Kenley Jansen",3096,445276
"Emmanuel Clase","- - -",0.70533643,99.50548246,0.29466357,91.07555848,,,,,,,,,,,0.00772499,"Emmanuel Clase",21032,661403
"Chris Martin","- - -",0.5058698,95.12447257,0.08303095,84.27648579,0.28900747,91.69867061,,,,,0.12209178,88.24475524,,,0.00767591,"Chris Martin",11847,455119
"Tanner Scott","- - -",0.50148554,96.7592015,0.49835809,88.96391591,,,,,0.00015637,92,,,,,0.00766104,"Tanner Scott",17586,656945
"Luis García","- - -",0.53152826,97.39261286,0.30837725,83.2209782,0.00363438,87.9,,,,,0.15646011,87.86875726,,,0.00762527,"Luis Garcia",6984,472610
"Scott Barlow","- - -",0.33717617,93.50172877,0.43873057,83.36817242,,,0.2238342,78.37673611,0.00025907,87.5,,,,,0.00750712,"Scott Barlow",14993,605130
"Wandy Peralta","- - -",0.42412451,95.37833115,0.18862331,87.93418468,,,,,0.38706689,88.44683908,0.00018529,87,,,0.00739645,"Wandy Peralta",14295,593974
"Chad Green","- - -",0.66210317,95.783638,0.05575397,87.70462633,0.00119048,91.66666667,0.2765873,86.38809182,,,0.00436508,88.22727273,,,0.0073369,"Chad Green",15552,643338
"Buck Farmer","- - -",0.45976591,94.00677291,,,,,0.29791514,82.68243243,0.24231895,87.82641509,,,,,0.00730727,"Buck Farmer",14814,571656
"Taylor Rogers","- - -",0.47785235,94.0088308,0.51191275,80.61123891,0.00285235,88.47058824,0.00738255,78.59090909,,,,,,,0.00721234,"Taylor Rogers",13449,573124
"Austin Voth","- - -",0.46898966,93.27550658,0.12387462,84.7025572,0.13087696,89.2611465,0.25891964,77.75338055,0.01583861,86.10526316,0.0015005,87.77777778,,,0.00716189,"Austin Voth",15047,608723
"Tyler Kinley","- - -",0.356829,95.63160595,0.59318931,89.09382716,,,0.02673014,83.58219178,0.02325156,87.48031496,,,,,0.0069508,"Tyler Kinley",18297,641755
"Jason Adam","- - -",0.36071574,94.81905299,0.3253355,81.65228268,,,0.03334689,78.1402439,0.28060187,89.30624093,,,,,0.00690496,"Jason Adam",11861,592094
"Jack Flaherty","- - -",0.50960849,93.3237653,0.26573928,84.60080972,0.01771117,88.65182186,0.18327836,77.34976526,0.0236627,85.70121951,,,,,0.00663102,"Jack Flaherty",17479,656427
"Adam Ottavino","- - -",0.44513781,93.73676012,0.41272318,80.61948761,0.09013694,87.85576923,,,0.03882822,87.59821429,0.01317386,88.96052632,,,0.00657895,"Adam Ottavino",1247,493603
"Kevin Gausman","- - -",0.53224509,94.51128632,0.0859869,83.375,,,0.00017243,75,0.02322106,83.97277228,0.35837453,85.02213667,,,0.00657481,"Kevin Gausman",14107,592332
"Griffin Jax","- - -",0.37280778,95.34373544,0.42038548,86.64147047,0.01354402,93.02564103,0.04254211,82.37142857,0.15072061,90.27764977,,,,,0.00607639,"Griffin Jax",20253,643377
"Jorge López","- - -",0.55357143,95.37892179,0.09258806,87.31571995,,,0.24156067,82.31677648,0.11227984,88.41721133,,,,,0.00599022,"Jorge Lopez",14527,605347
"Jeff Hoffman","- - -",0.50328036,95.08632677,0.24158041,85.63126132,,,0.0852894,77.32991453,0.16984983,88.03004292,,,,,0.00538966,"Jeff Hoffman",17432,656546
"Jaime Barria","LAA",0.40618633,92.37802098,0.46027042,85.04949698,,,,,0.13354325,84.36061026,,,,,0.00536838,"Jaime Barria",18356,642545
"Trevor Richards","- - -",0.46639959,92.0895481,0.06241923,84.26086957,0.03217886,85.22580645,0.02106487,78.94478528,0.41793745,82.53572533,,,,,0.00516596,"Trevor Richards",19309,670950
"Phil Maton","- - -",0.46133333,90.51020408,0.20454902,82.28911043,0.01694118,88.05555556,0.31717647,75.46290801,,,,,,,0.00501489,"Phil Maton",18064,664208
"Ryne Stanek","- - -",0.58769755,97.94516214,0.21382089,88.14949202,,,,,,,0.19848156,88.65027322,,,0.0049574,"Ryne Stanek",15947,592773
"Gregory Soto","- - -",0.6590977,97.45784225,0.3289513,87.05676658,,,,,0.011951,88.8625,,,,,0.00492684,"Gregory Soto",19677,642397
"Reid Detmers","LAA",0.45115385,94.09008241,0.28051282,87.44789762,,,0.18769231,74.16188525,0.08064103,84.57074722,,,,,0.00474055,"Reid Detmers",27468,672282
"Héctor Neris","- - -",0.54355943,93.73640527,0.03189172,86.89705882,,,,,0.00388923,88.84,0.42065961,84.71412722,,,0.00466273,"Hector Neris",11804,593576
"Hoby Milner","- - -",0.50328358,88.4729142,0.34109453,79.09509918,,,,,0.15562189,81.21994885,,,,,0.00457438,"Hoby Milner",13346,571948
"Aroldis Chapman","- - -",0.65530047,98.67825863,0.25624578,86.32476943,,,,,0.0001688,88,0.08828494,90.07265774,,,0.00438153,"Aroldis Chapman",10233,547973
"Matt Strahm","- - -",0.53795171,92.93575829,0.25280101,84.51872659,0.06832886,87.66050808,0.08142654,81.03100775,0.05949187,85.25994695,,,,,0.004258,"Matt Strahm",13799,621381
"Jon Gray","- - -",0.47692567,95.4559448,0.37501055,87.1598739,,,0.06664979,77.93037975,0.08141399,88.1761658,,,,,0.00412701,"Jon Gray",14916,592351
"Keegan Akin","BAL",0.55532459,93.09619816,0.2532779,85.14520202,,,0.02094659,76.81679389,0.17045091,83.98592871,,,,,0.00399553,"Keegan Akin",19362,669211
"Dakota Hudson","- - -",0.56961147,92.26492083,0.26630435,86.68796176,0.0003469,91,0.12118409,81.07442748,0.04255319,85.4076087,,,,,0.00393018,"Dakota Hudson",19206,641712
"Emilio Pagán","- - -",0.58315064,95.3990333,0.28953962,86.90481341,,,0.01362355,80.95402299,0.00187911,86.91666667,0.11180708,86.08123249,,,0.00391175,"Emilio Pagan",14771,641941
"Andrew Chafin","- - -",0.63994841,92.05557155,0.35710337,82.81714876,,,,,0.00294822,85.4375,,,,,0.00386883,"Andrew Chafin",12988,605177
"Edwin Díaz","NYM",0.55876968,97.96885246,0.44049799,89.95051975,,,,,0.00073233,94,,,,,0.00384334,"Edwin Diaz",14710,621242
"Josh Hader","- - -",0.70498849,96.10052562,0.26876439,83.88406625,,,,,0.02624712,88.30994152,,,,,0.00383436,"Josh Hader",14212,623352
"Johan Oviedo","- - -",0.46872461,95.56360485,0.33842405,87.11233797,0.00016247,95,0.13631194,79.43384982,0.05637693,87.70028818,,,,,0.00372892,"Johan Oviedo",22487,670912
"Giovanny Gallegos","STL",0.5100451,93.94453376,0.45469455,85.26239856,,,,,0.03526035,87.14534884,,,,,0.00368777,"Giovanny Gallegos",14986,606149
"Jalen Beeks","- - -",0.47958501,93.88582402,0.00468541,83.25,0.08818608,85.40607211,0.06174699,75.3902439,0.36579652,88.85590119,,,,,0.00368016,"Jalen Beeks",17192,656222
"Erick Fedde","- - -",0.40286299,93.09624365,0.23451943,80.7816533,0.2600409,89.5608682,,,0.04106339,86.83665339,0.06151329,87.6875,,,0.00367827,"Erick Fedde",17425,607200
"Adam Wainwright","STL",0.38398915,88.73205213,,,0.22879919,84.4892513,0.34023066,73.43270189,0.04520014,82.34709193,0.00178087,85.42857143,,,0.00364438,"Adam Wainwright",2233,425794
"Taylor Clarke","- - -",0.44184028,94.64701258,0.32013889,87.35791757,,,0.07517361,81.53810624,0.16284722,88.79850746,,,,,0.00364394,"Taylor Clarke",17611,664199
"José Suarez","- - -",0.46178344,92.46180446,0.12217719,81.84952607,0.00535611,87.05405405,0.13752171,77.54968288,0.27316155,82.36165693,,,,,0.0036169,"Jose Suarez",19911,660761
"Griffin Canning","- - -",0.38446095,93.83179784,0.27102991,88.23114264,0.00532022,89.69811321,0.12818711,82.37223975,0.21100181,89.1708134,,,,,0.00360288,"Griffin Canning",19867,656288
"Vince Velasquez","- - -",0.57311029,93.57285753,0.20508055,85.11102719,0.00061958,89.5,0.13429368,82.34948097,0.08689591,88.64171123,,,,,0.00356092,"Vince Velasquez",11189,592826
"Noah Syndergaard","- - -",0.52346736,95.59217061,0.15532793,86.8257874,0.02706008,89.62146893,0.10885186,78.53230337,0.18468124,89.27152318,0.00061153,87.75,,,0.00350824,"Noah Syndergaard",11762,592789
"Chris Stratton","- - -",0.49979006,92.61997187,0.19748076,86.00213675,,,0.20881735,79.98592493,0.09391183,86.03012048,,,,,0.0034965,"Chris Stratton",13761,608717
"Matthew Liberatore","STL",0.47121379,94.25603113,0.20113678,86.84320875,0.07609094,90.80722892,0.15621562,76.77816901,0.09534287,87.91346154,,,,,0.00348177,"Matthew Liberatore",22294,669461
"José Soriano","LAA",0.58342923,97.63564356,0.05715382,90.02020202,,,0.28174147,85.92112483,,,0.07767549,92.39753086,,,0.00325733,"Jose Soriano",22100,667755
"Matthew Boyd","- - -",0.50492923,92.2300406,0.25134212,80.12194175,,,0.07369449,73.48344371,0.17003416,79.47990815,,,,,0.00321543,"Matthew Boyd",15440,571510
"Garrett Whitlock","BOS",0.54050279,95.25064599,0.22905028,82.8510453,0.01237031,86.67741935,,,0.21807662,83.76007326,,,,,0.00319234,"Garrett Whitlock",20191,676477
"Tanner Houck","BOS",0.42448709,93.91269099,0.39192588,83.83485309,0.02991396,90.66814159,,,,,0.15367306,88.22652885,,,0.00317502,"Tanner Houck",19879,656557
"Clay Holmes","- - -",0.58518706,95.45626221,0.28159757,85.23052679,0.02906977,89.93043478,0.04828109,81.99191375,0.05586451,88.08863636,,,,,0.00315736,"Clay Holmes",13649,605280
"Luis Ortiz","- - -",0.52211896,95.93164827,0.28736059,85.9003881,0.11133829,91.02170284,,,0.07918216,89.6314554,,,,,0.00315692,"Luis Ortiz",27646,682847
"Trent Thornton","- - -",0.41763479,93.58487874,0.2077748,81.36487455,0.16800715,89.11524823,0.15192136,80.27941176,0.0546619,83.96730245,,,,,0.00312547,"Trent Thornton",17948,663423
"Tyler Alexander","- - -",0.41336406,90.32162765,0.16785714,80.24090597,0.25645161,85.95238095,,,0.16232719,83.14194464,,,,,0.00311024,"Tyler Alexander",17735,641302
"Kolby Allard","- - -",0.47218676,91.29084589,,,0.24968083,86.22279036,0.10724056,74.63945578,0.17089185,82.56350053,,,,,0.00309993,"Kolby Allard",18694,663465
"José Ureña","- - -",0.56158615,95.41354167,0.27067493,86.4178911,,,,,0.16399579,89.22681883,0.00374313,85.03125,,,0.00304058,"Jose Urena",11589,570632
"Joe Jiménez","- - -",0.59096946,95.08606294,0.34016316,84.80591188,,,,,0.06886739,89.80165289,,,,,0.00303318,"Joe Jimenez",15761,641729
"Anthony DeSclafani","- - -",0.47404388,94.16666667,0.328258,88.03799781,,,0.10838029,82.84845133,0.07397195,87.80551053,0.01534588,83.6640625,,,0.00299616,"Anthony DeSclafani",13050,543101
"Ryan Yarbrough","- - -",0.26047904,87.04238506,0.20247006,71.6155268,0.30323728,83.04689911,,,0.23381362,78.59743898,,,,,0.00299261,"Ryan Yarbrough",16502,642232
"Josiah Gray","- - -",0.40709136,94.07809111,0.2721789,85.41189189,0.09003972,88.54411765,0.20567898,82.80686695,0.01677211,88.42982456,0.00823893,87.92857143,,,0.00294118,"Josiah Gray",24580,680686
"Antonio Senzatela","COL",0.58733999,94.37120302,0.24513658,85.97450658,,,0.09162383,79.23542354,0.07005342,86.64604317,0.00584618,88.0862069,,,0.00292221,"Antonio Senzatela",15488,622608
"Joey Wentz","- - -",0.42740768,93.36425244,0.02317161,84.109375,0.26810282,85.73531398,0.15296886,78.48994083,0.12834902,85.28913963,,,,,0.00289488,"Joey Wentz",19962,666214
"Reynaldo López","- - -",0.57630321,96.04803241,0.26842281,85.58799172,,,0.0662443,77.75671141,0.08902968,84.74656679,,,,,0.00288536,"Reynaldo Lopez",16400,625643
"Brandon Pfaadt","ARI",0.52054608,93.61211644,0.23686007,84.61613833,0.03508532,89.90661479,0.07331058,81.2122905,0.13269625,87.2973251,0.00150171,89.81818182,,,0.00286338,"Brandon Pfaadt",27782,694297
"Merrill Kelly","- - -",0.43492104,92.13369454,0.03158431,85.64314516,0.18804126,90.63968845,0.14372134,81.49003101,0.20173204,88.04861111,,,,,0.00286278,"Merrill Kelly",11156,518876
"Seth Lugo","- - -",0.47163121,93.08052091,0.17851583,83.31782946,0.04731015,89.59780622,0.22876665,79.46686861,0.06261892,86.97925311,0.01115724,85.5503876,,,0.00285368,"Seth Lugo",12447,607625
"Michael King","- - -",0.56062291,93.86438809,0.11506612,82.72932331,0.03732542,85.24834437,0.1029539,81.74309724,0.18403164,86.67897918,,,,,0.00284231,"Michael King",19853,650633
"Drew Smyly","- - -",0.43247846,92.09969859,,,0.14025245,88.00071429,0.41664997,78.77542169,0.01061911,82.36792453,,,,,0.00280336,"Drew Smyly",11760,592767
"Madison Bumgarner","- - -",0.3802212,90.82278123,0.34671964,86.69321351,,,0.19692902,78.30387343,0.07613014,84.67559944,,,,,0.0027918,"Madison Bumgarner",5524,518516
"Tyler Rogers","- - -",0.60346802,82.90997831,0.39653198,72.66831888,,,,,,,,,,,0.0027805,"Tyler Rogers",15541,643511
"Shawn Armstrong","- - -",0.57380797,94.12293682,0.05225343,85.11875,0.3130307,90.58789776,0.0609079,84.06970509,,,,,,,0.0027737,"Shawn Armstrong",12857,542888
"Chase Anderson","- - -",0.3966725,92.95311923,0.04582604,80.95541401,0.21584939,89.04338983,0.08231173,77.67736185,0.25934034,83.07562077,,,,,0.0027713,"Chase Anderson",6895,502624
"Dustin May","- - -",0.54345307,96.38628287,,,0.16898416,92.34514286,0.26303592,85.50734214,0.02452684,89.92125984,,,,,0.0027027,"Dustin May",19716,669160
"Brent Suter","- - -",0.69042351,86.99908173,0.09371049,78.50940171,,,0.01596081,74.73267327,0.19990518,77.54782609,,,,,0.00268605,"Brent Suter",13942,608718
"Chris Bassitt","- - -",0.51371656,92.62034161,0.11479795,78.735455,0.15896414,88.66237021,0.12652248,71.09770374,0.06556631,84.77150304,0.02043256,83.56267409,,,0.00267061,"Chris Bassitt",12304,605135
"Jordan Hicks","- - -",0.63964566,97.94249869,0.27193716,83.94283958,,,,,,,0.08841718,86.08143939,,,0.00267023,"Jordan Hicks",19618,663855
"Zach Eflin","- - -",0.46375763,92.81164443,0.13106718,84.59104844,0.16931855,88.65923113,0.15863067,78.6514691,0.07722597,86.33610822,,,,,0.00257111,"Zach Eflin",13774,621107
"Caleb Smith","- - -",0.50168566,91.6496,0.30133248,84.35588705,,,0.03483705,78.08294931,0.16214481,82.72376238,,,,,0.00256863,"Caleb Smith",14875,592761
"Steven Matz","- - -",0.53469582,94.136,0.07119772,89.2376502,,,0.1595057,78.35399285,0.23460076,84.48338736,,,,,0.00256605,"Steven Matz",13361,571927
"Cole Irvin","- - -",0.54832652,90.97622885,0.09908318,81.66889632,0.04959682,85.91982183,0.1096874,76.8489426,0.19330609,83.94685714,,,,,0.00253975,"Cole Irvin",19244,608344
"Joe Musgrove","- - -",0.34240863,92.8199188,0.23023465,83.19105114,0.15722345,89.94849116,0.19074483,81.67795883,0.07938844,86.45314109,,,,,0.00253227,"Joe Musgrove",12970,605397
"Eric Lauer","- - -",0.46872478,92.28343743,0.11975383,85.21566976,0.208636,88.51692456,0.14719532,77.38930775,0.05569007,86.17241379,,,,,0.00252042,"Eric Lauer",19316,641778
"Spencer Turnbull","- - -",0.60720841,93.6433086,0.24011347,85.26268242,,,0.09377607,79.83451957,0.05890205,87.24362606,,,,,0.0025,"Spencer Turnbull",16207,605513
"Patrick Sandoval","LAA",0.3856188,93.23734973,0.25237171,86.3071337,,,0.09551531,77.64221219,0.26649418,83.59466019,,,,,0.00247765,"Patrick Sandoval",19447,663776
"Rafael Montero","- - -",0.60676312,95.72594082,0.12131776,86.74712644,,,,,0.18284818,90.65204957,0.08907094,87.95107632,,,0.00243987,"Rafael Montero",12760,606160
"Ranger Suarez","PHI",0.53124472,92.21157209,0.05252491,83.56752412,0.09238304,87.58318099,0.1229522,74.98626374,0.20089512,82.81715006,,,,,0.00236367,"Ranger Suarez",17277,624133
"Chad Kuhl","- - -",0.41200567,93.54608031,0.40617615,86.72808379,0.01638569,91.40384615,0.10162281,80.07906977,0.06380967,87.76296296,,,,,0.00236183,"Chad Kuhl",14975,641771
"Germán Márquez","COL",0.53442348,95.16902072,0.1972327,87.43622449,,,0.23890985,85.58581959,0.02943396,87.47863248,,,,,0.00234722,"German Marquez",15038,608566
"Luke Weaver","- - -",0.52496484,94.46104041,0.00961088,83.25609756,0.14756212,89.13343924,0.06094702,81.26923077,0.25691514,86.46578467,,,,,0.00234357,"Luke Weaver",16918,596133
"Jesse Chavez","- - -",0.35604438,91.00218818,0.02491727,82.6796875,0.4767374,88.62229481,0.0264746,75.84558824,0.11582636,85.14789916,,,,,0.00233418,"Jesse Chavez",5448,445926
"Alex Wood","- - -",0.46098378,91.62765363,0.28058202,83.60302891,,,0.02897244,82.59111111,0.22946176,85.15937149,,,,,0.0023172,"Alex Wood",13781,622072
"Mike Minor","- - -",0.441548,91.44693028,0.21382637,85.88876948,,,0.1190859,80.33654773,0.2254249,85.48063201,,,0.00011484,64,0.00229674,"Mike Minor",10021,501985
"Braxton Garrett","MIA",0.43916857,90.62266609,0.26697178,83.28142857,0.09363082,87.42566191,0.1006865,77.86931818,0.09954233,84.56130268,,,,,0.00228484,"Braxton Garrett",21844,666129
"Kris Bubic","KCR",0.49570815,91.67702496,0.1042666,83.94067797,,,0.13418329,79.04985889,0.26584196,81.45726496,,,,,0.00227187,"Kris Bubic",21455,663460
"Charlie Morton","- - -",0.44406514,94.58389008,,,0.08898092,87.60125786,0.39011696,80.92640941,0.07683698,86.27021122,,,,,0.00223614,"Charlie Morton",4676,450203
"Sandy Alcantara","MIA",0.50588909,97.22353682,0.21468135,89.00385642,,,0.05685363,84.10862262,0.22257592,91.11870709,,,,,0.00222717,"Sandy Alcantara",18684,645261
"Bryse Wilson","- - -",0.53988741,93.03840285,0.06178772,84.53333333,0.16202115,88.83474576,0.12604696,78.98801743,0.10915831,86.07421384,0.00109845,87,,,0.0021969,"Bryse Wilson",19990,669060
"Tyler Anderson","- - -",0.44390621,89.96346671,0.00772255,80.56363636,0.21882898,84.98812961,0.00793316,73.08849558,0.3216091,79.58240559,,,,,0.0021759,"Tyler Anderson",12880,542881
"Kyle Hendricks","- - -",0.5633176,87.11895065,,,,,0.10182063,72.8250497,0.33486177,79.97482377,,,,,0.00215677,"Kyle Hendricks",12049,543294
"Lucas Giolito","- - -",0.47436149,93.53036772,0.22124241,84.89016829,,,0.02834934,79.27880184,0.27604677,81.32489352,,,,,0.00215377,"Lucas Giolito",15474,608337
"Bryan Abreu","HOU",0.45461006,96.94490035,0.45514301,87.27868852,,,0.08722686,85.9694501,0.00302007,90.23529412,,,,,0.00212728,"Bryan Abreu",16609,650556
"Michael Pineda","- - -",0.5501161,91.5059034,0.29005418,82.52849389,,,,,0.15982972,86.18136646,,,,,0.00212725,"Michael Pineda",5372,501381
"Clarke Schmidt","NYY",0.24704097,93.96553846,0.26707132,85.67159091,0.27177542,91.99218314,0.19241275,83.93454259,0.02169954,89.04195804,,,,,0.0021225,"Clarke Schmidt",19899,657376
"Ryan Feltner","COL",0.50491918,94.31036882,0.27406887,86.40128205,0.00017569,91,0.09662684,78.85636364,0.12420942,84.72701556,,,,,0.00210379,"Ryan Feltner",21446,663372
"Daniel Lynch IV","KCR",0.46438334,93.67001385,0.27994854,86.14244687,,,0.05965589,81.08355795,0.19601222,84.88679245,,,,,0.00209003,"Daniel Lynch IV",21537,663738
"Frankie Montas","- - -",0.54338639,95.97467726,0.2498876,88.24469234,,,,,,,0.20672601,86.71552849,,,0.00206704,"Frankie Montas",14309,593423
"Joey Lucchesi","- - -",0.54909534,90.68520578,0.00040659,83,0.12461882,90.49346405,0.00203293,75.3,0.32181338,78.61480076,0.00203293,81.5,,,0.00203046,"Joey Lucchesi",19320,664192
"Michael Kopech","- - -",0.65485075,96.28605875,0.23421355,84.89877301,0.02109644,91.32653061,0.05597015,79.31794872,0.03386912,88.47457627,,,,,0.00200746,"Michael Kopech",17282,656629
"Julio Urías","LAD",0.50411566,93.8090852,0.04759392,85.76496674,,,0.28303081,80.6256525,0.1652596,85.75734355,,,,,0.00200422,"Julio Urias",14765,628711
"Zack Littell","- - -",0.42801729,93.12266598,0.04167128,79.81016043,0.33614097,87.41085015,0.00066497,74.16666667,0.0007758,86.42857143,0.19272969,83.67721519,,,0.0019938,"Zack Littell",15823,641793
"Andre Pallante","STL",0.63895111,95.00953961,0.21900119,87.36523319,,,0.14191593,77.9283054,0.00013177,83,,,,,0.00197472,"Andre Pallante",26108,669467
"Michael Soroka","- - -",0.58322684,92.89580477,0.29968051,82.03096636,,,0.00015974,77,0.11693291,82.18878249,,,,,0.00191571,"Michael Soroka",18383,647336
"Jakob Junis","- - -",0.40019752,91.77640604,0.482717,82.73481919,0.01832547,89.36526946,,,0.09876001,85.66777778,,,,,0.00186424,"Jakob Junis",13619,596001
"Pablo López","- - -",0.48566715,94.22802548,0.10744483,84.54702495,0.03959579,90.09201389,0.11053826,81.36714375,0.25675397,87.71700134,,,,,0.00185554,"Pablo Lopez",17085,641154
"Paul Blackburn","- - -",0.40745322,91.67552182,0.14860059,82.3673257,0.18153703,88.63202726,0.13468378,79.19862227,0.1258698,85.91277641,0.00185557,82.83333333,,,0.001855,"Paul Blackburn",14739,621112
"Zack Wheeler","- - -",0.60363577,96.1146571,0.16658551,88.60214355,0.06725099,91.29444891,0.10593518,81.27477017,0.02326462,89.34883721,0.03332792,87.54220779,,,0.00183903,"Zack Wheeler",10310,554430
"Nick Pivetta","- - -",0.50654425,94.14616275,0.21091359,84.70855202,0.02435371,89.44385027,0.24536042,79.00079639,0.01250244,87.203125,0.00032558,87.4,,,0.00182304,"Nick Pivetta",15454,601713
"Dallas Keuchel","- - -",0.44538472,87.86524408,0.08475459,77.85560676,0.22418956,85.30331203,,,0.24567114,79.5718071,,,,,0.00182268,"Dallas Keuchel",9434,572971
"Aaron Nola","PHI",0.49029126,92.44535945,,,0.04821643,86.86877828,0.30380713,78.92800718,0.15768518,85.56451055,,,,,0.00179886,"Aaron Nola",16149,605400
"Johnny Cueto","- - -",0.47405413,91.625,0.1468521,83.75560081,0.13159862,86.23977273,0.02467474,78.8,0.2228204,82.80067114,,,,,0.00179399,"Johnny Cueto",6893,456501
"Framber Valdez","HOU",0.51068281,93.91780482,,,0.05648894,84.62514029,0.30051354,79.44367089,0.13231472,89.4295302,,,,,0.00177249,"Framber Valdez",17295,664285
"Eduardo Rodriguez","- - -",0.54185379,92.3958504,0.05955974,83.16457286,0.18140322,88.71259682,0.00625782,78.6,0.21092542,86.34373904,,,,,0.00176523,"Eduardo Rodriguez",13164,593958
"Trevor Williams","- - -",0.58620086,90.15714713,0.23237895,80.92197512,,,0.04255319,77.39300412,0.138867,83.53278689,,,,,0.00175055,"Trevor Williams",16977,592866
"Carlos Carrasco","- - -",0.44447869,92.62459547,0.24180791,84.87935429,0.0009245,89.77777778,0.06995378,81.20117474,0.24283513,87.19754653,,,,,0.00174538,"Carlos Carrasco",6632,471911
"Ryne Nelson","ARI",0.57941176,95.14651592,0.16096257,84.41777409,0.09906417,90.95276653,0.07566845,78.52473498,0.08489305,83.59685039,,,,,0.00173681,"Ryne Nelson",26253,669194
"Colin Rea","- - -",0.50677111,93.07678149,0.15347849,83.13194444,0.17206585,87.36736272,0.07660648,79.63604853,0.0196495,85.76870748,0.07142857,87.03159851,,,0.00172391,"Colin Rea",12317,607067
"Jon Lester","- - -",0.42046338,89.33555309,,,0.31270409,87.40278468,0.12408646,73.9160401,0.14274607,82.83877996,,,,,0.00171046,"Jon Lester",4930,452657
"Kyle Freeland","COL",0.44088429,90.78352642,0.19105919,85.21530575,0.0660417,86.97775424,0.17566811,81.52966945,0.12634672,85.47785161,,,,,0.00167844,"Kyle Freeland",16256,607536
"Mike Clevinger","- - -",0.49777283,94.45131505,0.25,80.19988864,0.07739421,86.2676311,0.06110802,77.60820046,0.11372494,86.51652387,,,,,0.00166852,"Mike Clevinger",12808,605182
"Austin Gomber","- - -",0.41552467,90.87915194,0.20653876,84.52037915,,,0.19244323,76.75991862,0.18118637,81.84440843,0.00430697,81.11363636,,,0.00166341,"Austin Gomber",16561,596295
"Robbie Ray","- - -",0.55835648,93.63372019,0.30698569,86.9767712,,,0.09748629,81.97512802,0.03717154,85.60727969,,,,,0.00163736,"Robbie Ray",11486,592662
"JP Sears","- - -",0.49329262,92.36634977,0.34104046,79.97185801,,,,,0.16566692,83.75246873,,,,,0.00163541,"JP Sears",23429,676664
"Ryan Pressly","- - -",0.35474506,94.6056266,0.33133733,89.8118486,,,0.26637634,82.09536785,0.04754128,89.5648855,,,,,0.0016328,"Ryan Pressly",7005,519151
"Brett Anderson","- - -",0.47012195,90.15477735,0.14268293,81.8988604,0.11666667,87.88675958,0.08414634,75.93478261,0.18638211,82.44274809,,,,,0.00162602,"Brett Anderson",8223,474463
"Sonny Gray","- - -",0.46342836,92.63429192,0.18579645,84.16300304,0.09002251,86.93125,0.20642661,80.15567766,0.05432608,88,,,,,0.00162358,"Sonny Gray",12768,543243
"Chris Flexen","- - -",0.40289138,92.10505194,0.06867034,81.25900277,0.2824805,88.11178451,0.09796462,74.63786408,0.14799315,81.69215938,,,,,0.00161689,"Chris Flexen",13896,623167
"Michael Wacha","- - -",0.42611998,93.12543324,0.03755538,84.49906191,0.16330262,88.6042205,0.08200295,75.04631218,0.29101906,83.13049783,,,,,0.00161687,"Michael Wacha",14078,608379
"Tyler Glasnow","- - -",0.53750718,96.55420141,0.23009765,89.46630055,,,0.2190695,83.22653382,0.01332567,91.74137931,,,,,0.00160569,"Tyler Glasnow",14374,607192
"Ross Stripling","- - -",0.42467,91.51369495,0.19902139,86.74141876,0.02378243,87.59808612,0.15065999,78.05593348,0.20186618,83.14850367,,,,,0.00159199,"Ross Stripling",13273,548389
"Martín Pérez","- - -",0.41479997,92.33437014,0.00443713,84.09677419,0.26207686,88.82349727,0.06848923,78.30198537,0.25019681,84.24334383,,,,,0.00157345,"Martin Perez",6902,527048
"Marcus Stroman","- - -",0.44346799,91.59333333,0.2100288,84.73178458,0.16150949,89.93040293,0.08418876,84.10964912,0.10080496,85.62271062,,,,,0.00154982,"Marcus Stroman",13431,573186
"Bryce Elder","ATL",0.52549296,90.76896274,0.33619718,83.42228739,0.01619718,90.07826087,,,0.12211268,85.62629758,,,,,0.00154864,"Bryce Elder",27779,693821
"Patrick Corbin","- - -",0.50915206,91.97693557,0.34976293,80.66456494,0.07001875,86.57165354,0.01008932,67.34972678,0.06097695,81.48191682,,,,,0.00154338,"Patrick Corbin",9323,571578
"Drew Rasmussen","- - -",0.52886354,96.13943699,0.16413966,85.29601357,0.25372096,89.98245614,0.04353874,80.34824281,0.0097371,89.91428571,,,,,0.00152863,"Drew Rasmussen",25385,656876
"Logan Gilbert","SEA",0.45259824,95.85935677,0.28916208,87.38158581,0.02375745,92.38095238,0.10815295,80.85345429,0.03062071,83.63054187,0.09570858,84.00866824,,,0.00150807,"Logan Gilbert",22250,669302
"Dylan Cease","- - -",0.4481687,96.66679049,0.37924528,87.11428153,0.00127636,91.52173913,0.13157603,80.8211725,0.03973363,79.03910615,,,,,0.00149809,"Dylan Cease",18525,656302
"Nick Lodolo","CIN",0.5404966,94.00768176,0.29485664,81.5065261,0.0001478,92,,,0.16449897,87.98918919,,,,,0.00147689,"Nick Lodolo",26378,666157
"Rich Hill","- - -",0.43803709,88.35297158,0.07790592,70.12046444,0.08695161,83.65539662,0.37822252,72.22242152,0.00056536,81.6,0.0183175,81.66049383,,,0.00146909,"Rich Hill",4806,448179
"David Peterson","NYM",0.53653828,92.39978409,0.220195,84.19289785,,,0.07790327,78.64188352,0.16536345,84.81903094,,,,,0.00144704,"David Peterson",20302,656849
"Andrew Heaney","- - -",0.56843636,91.86882519,0.24923636,81.18359603,0.00007273,87,0.0232,75.29153605,0.15905455,83.6431839,,,,,0.00138091,"Andrew Heaney",15423,571760
"Max Fried","- - -",0.51706102,93.91136802,0.17054795,84.49799197,,,0.22011208,74.6114884,0.09227895,85.79082321,,,,,0.00136944,"Max Fried",13743,608331
"Justin Steele","CHC",0.64628984,91.98246966,0.29071215,82.98372591,,,0.04307769,79.39595376,0.01992032,86.9375,,,,,0.0013685,"Justin Steele",17312,657006
"Jordan Montgomery","- - -",0.47997811,92.80444698,0.00319256,84.14285714,0.0498951,87.71794872,0.24099243,80.09810606,0.2259418,82.91518578,,,,,0.00136712,"Jordan Montgomery",16511,656756
"Luis Castillo","- - -",0.58413449,96.25756484,0.19816128,85.84411453,,,,,0.21770423,87.97559207,,,,,0.00136576,"Luis Castillo",15689,622491
"Cal Quantrill","- - -",0.46148872,94.01653666,0.26433396,87.91228548,,,0.07565742,80.71699905,0.08938066,85.16935484,0.10913924,86.58788677,,,0.00136416,"Cal Quantrill",19312,615698
"Trevor Rogers","- - -",0.56190154,93.47413793,0.18046637,81.40387016,,,,,0.25763208,85.50109314,,,,,0.00135181,"Trevor Rogers",22286,669432
"Hunter Brown","HOU",0.53277027,96.03381949,0.03761261,89.0748503,0.15022523,92.21214393,0.18367117,83.15818516,0.04087838,88.25895317,0.05484234,88.33675565,,,0.00135014,"Hunter Brown",25880,686613
"Tony Gonsolin","LAD",0.41812734,93.44301075,0.19865169,87.33031674,,,0.11865169,80.92424242,,,0.26456929,83.92921857,,,0.00134771,"Tony Gonsolin",19388,664062
"Nick Martinez","- - -",0.38561292,92.81821066,0.04697822,84.92447917,0.19317348,89.06844106,0.13995596,81.12237762,0.23427942,79.80992167,,,,,0.00134524,"Nick Martinez",12730,607259
"Max Scherzer","- - -",0.46758059,94.20031696,0.17806595,85.23179359,0.10855873,88.77064846,0.10322342,76.45656856,0.14257132,84.43087318,,,,,0.00133314,"Max Scherzer",3137,453286
"Brayan Bello","BOS",0.50975393,95.53088299,0.21669253,85.98465473,0.05120816,88.3982684,0.00044336,80,0.22190202,87.55344655,,,,,0.0013289,"Brayan Bello",23920,678394
"Yu Darvish","- - -",0.33284641,94.46645768,0.16423205,82.25550847,0.32561213,86.94294872,0.10002782,75.73435327,0.01057318,87.51315789,0.0667084,89.12004175,,,0.00132091,"Yu Darvish",13074,506433
"Jeffrey Springs","- - -",0.43466807,91.38909091,0.25289779,83.24635417,0.01817703,87.02898551,,,0.29425711,80.59982095,,,,,0.00131666,"Jeffrey Springs",17677,605488
"Luis Severino","- - -",0.52252252,96.1159601,0.24552263,85.21087533,0.11299251,92.45052834,0.00010854,80,0.11885379,87.33607306,,,,,0.00130194,"Luis Severino",15890,622663
"Jesús Luzardo","- - -",0.48296732,96.11045471,0.30598305,84.8629169,0.00138337,90.6875,0.00527408,82.63934426,0.20439218,87.49492386,,,,,0.00129634,"Jesus Luzardo",19959,666200
"James Kaprielian","OAK",0.56435826,93.3072644,0.22437673,83.98930041,,,0.09492151,78.5233463,0.11634349,84.2952381,,,,,0.00129199,"James Kaprielian",18331,621076
"Jose Quintana","- - -",0.56119742,91.03975494,0.06578249,78.29147465,,,0.19954528,77.75095785,0.1734748,86.08552632,,,,,0.0012872,"Jose Quintana",11423,500779
"Adrian Houser","- - -",0.65263782,93.70343933,0.1299856,85.19869707,,,0.11846896,80.56008584,0.09890761,85.78082192,,,,,0.00126968,"Adrian Houser",12718,605288
"Nathan Eovaldi","- - -",0.37744406,95.9935001,0.06572002,85.77262443,0.16288752,91.49612049,0.16801725,77.72876106,,,0.22593116,88.02336295,,,0.00126338,"Nathan Eovaldi",9132,543135
"Shota Imanaga","CHC",0.50503567,91.3456585,0.11896769,80.84832451,0.00251783,89.66666667,0.02517835,72.30833333,0.01699538,88.60493827,0.33130508,82.89677011,,,0.00125733,"Shota Imanaga",33829,684007
"Yusei Kikuchi","- - -",0.43279217,94.67564192,0.27121881,86.66482301,0.07878716,91.49090909,0.113167,80.29135539,0.04172138,86.1602289,0.06231348,86.79386385,,,0.00125276,"Yusei Kikuchi",20633,579328
"JT Brubaker","- - -",0.48678099,93.26165138,0.3179707,86.99437886,,,0.13254734,80.11185984,0.06270096,87.5042735,,,,,0.00125022,"JT Brubaker",17578,664141
"Luis Garcia","HOU",0.42931755,93.56447689,0.108461,79.71910112,0.26619081,85.5971223,0.09592618,76.49727768,0.10010446,84.04,,,,,0.00121803,"Luis Garcia",23735,677651
"Trevor Bauer","- - -",0.44253653,94.21681416,0.15619822,80.27579556,0.18406387,84.99180999,0.16764573,79.36567835,0.04955566,86.34042553,,,,,0.001205,"Trevor Bauer",12703,545333
"Marco Gonzales","- - -",0.41528639,88.67218988,,,0.1852503,85.57020202,0.15526973,76.50180505,0.24419358,80.11800533,,,,,0.00120281,"Marco Gonzales",15467,594835
"José Berríos","- - -",0.53398796,93.54587016,,,0.01350838,90.32931727,0.29165084,82.65978423,0.16085282,84.37875211,,,,,0.00119325,"Jose Berrios",14168,621244
"Blake Snell","- - -",0.49880775,95.54571258,0.15678092,87.95009506,,,0.1914307,80.86376022,0.15298063,86.67316123,,,,,0.0011919,"Blake Snell",13543,605483
"Brad Keller","- - -",0.5826087,93.98145529,0.3415103,85.85205039,,,0.01601831,84.65142857,0.05629291,90.45853659,0.00356979,88.38461538,,,0.0011895,"Brad Keller",15734,641745
"Alek Manoah","TOR",0.60636906,93.36051811,0.28137269,81.19121447,,,,,0.11225825,86.64248705,,,,,0.00116262,"Alek Manoah",26410,666201
"Dane Dunning","- - -",0.42467294,90.32394705,0.23528209,80.36967854,0.15014309,88.06875425,0.03546607,77.4610951,0.15443581,84.86092715,,,,,0.00112394,"Dane Dunning",19409,641540
"Jake Irvin","WSN",0.56998894,93.45321259,0.01437876,84.00854701,0.03994101,88.96307692,0.30699275,79.96717374,0.06869854,87.72987478,,,,,0.00110538,"Jake Irvin",21504,663623
"Bryce Miller","SEA",0.61259004,95.02684735,0.16332603,85.38638543,0.01096148,91.85714286,0.07594738,82.83298969,0.01832133,85.1025641,0.11885374,84.25955204,,,0.00109563,"Bryce Miller",29837,682243
"Freddy Peralta","MIL",0.56332907,94.02486254,0.17412969,81.53557618,,,0.12840886,77.42265338,0.13413238,88.26455823,,,,,0.00107679,"Freddy Peralta",18679,642547
"Cristian Javier","HOU",0.57663371,93.15377446,0.27676268,79.69359223,,,0.07534394,76.39229672,0.07125967,84.16767372,,,,,0.00107411,"Cristian Javier",17606,664299
"Jordan Lyles","- - -",0.48108064,92.01771419,0.20587517,82.1290578,0.02677191,86.43161094,0.19472699,80.03046974,0.09154528,86.0205174,,,,,0.00105743,"Jordan Lyles",7593,543475
"Shohei Ohtani","- - -",0.38665436,96.59242838,0.33324542,84.32568263,0.10760913,89.28676471,0.06066201,77.10217391,,,0.11182909,88.65330189,,,0.00105457,"Shohei Ohtani",19755,660271
"Hyun Jin Ryu","- - -",0.38286894,89.9386172,0.02670279,85.39613527,0.19491744,86.33487756,0.13441692,72.46257198,0.26109391,79.77272727,,,,,0.00103199,"Hyun Jin Ryu",14444,547943
"Chris Sale","- - -",0.46644261,94.1212055,0.40034627,78.71417664,,,,,0.13321112,86.26605505,,,,,0.00101781,"Chris Sale",10603,519242
"Michael Lorenzen","- - -",0.43121717,94.47863248,0.19727264,84.42410089,0.1178476,91.72456964,0.05823275,82.31329114,0.19542984,85.18151815,,,,,0.00101308,"Michael Lorenzen",14843,547179
"Domingo Germán","- - -",0.42115135,93.02433173,,,,,0.36820084,81.81764706,0.21064781,86.32054795,,,,,0.00100908,"Domingo German",17149,593334
"Kenta Maeda","- - -",0.32383908,91.20472441,0.34412058,82.36521739,0.00410063,86.81081081,0.04189294,76.8968254,0.28604677,84.3789229,,,,,0.00099701,"Kenta Maeda",18498,628317
"Miles Mikolas","STL",0.49685576,93.13590939,0.25451777,86.8319896,,,0.18567551,76.56506239,0.03309724,84.432,0.02978752,86.51111111,0.00006619,75,0.00099246,"Miles Mikolas",9803,571945
"Dean Kremer","BAL",0.47942128,93.30265887,0.00970525,82.92079208,0.23553199,87.72411158,0.12122574,77.24235645,0.06640906,84.47496617,0.08770669,82.81282316,,,0.00098752,"Dean Kremer",19350,665152
"Walker Buehler","- - -",0.50564516,95.56466205,0.14327957,85.31582239,0.17007168,91.62644889,0.13924731,79.45846748,0.04175627,90.55579399,,,,,0.0009854,"Walker Buehler",19374,621111
"Zac Gallen","- - -",0.48493518,93.60926321,0.0556942,87.35081967,0.09197151,89.24950364,0.21462049,81.26715825,0.15277862,86.21434263,,,,,0.00097353,"Zac Gallen",19291,668678
"Jameson Taillon","- - -",0.46447658,93.50186188,0.17620245,83.90722569,0.14036467,87.81914894,0.15498271,80.51318458,0.063895,86.48831488,0.00007859,93,,,0.0009428,"Jameson Taillon",11674,592791
"Graham Ashcraft","CIN",0.12567714,96.44581281,0.34824331,88.16133333,0.51663829,96.40982624,,,0.00944126,90.75409836,,,,,0.00092836,"Graham Ashcraft",27552,668933
"Cole Ragans","- - -",0.42980428,95.30297598,0.11064879,85.94707521,0.11188165,90.75310345,0.10849129,80.66193182,0.23917399,84.81056701,,,,,0.0009245,"Cole Ragans",21846,666142
"Logan Webb","SFG",0.42172968,92.54096247,0.24966783,83.42501209,0.02723759,91.12416851,,,0.3013649,86.75190381,,,,,0.00090569,"Logan Webb",17995,657277
"Zach Davies","- - -",0.51737452,88.79513689,0.00970201,79.53061224,0.0993961,87.15039841,0.05247005,75.11132075,0.32105732,79.58605799,,,,,0.00089065,"Zach Davies",13183,605200
"Mitch Keller","PIT",0.53479179,94.34005689,0.19075854,84.02228613,0.12117495,88.92575928,0.11190622,78.53175592,0.0413685,90.2074199,,,,,0.0008855,"Mitch Keller",17594,656605
"Lance Lynn","- - -",0.6370886,93.1232466,0.13590593,87.79237713,0.11705075,88.49018476,0.06548625,81.69510926,0.03250659,85,0.01196188,87.50568182,,,0.00087832,"Lance Lynn",2520,458681
"Garrett Crochet","- - -",0.55922784,96.7737379,0.15925709,83.89348026,0.22711319,91.20025757,,,0.05440187,90.01612903,,,,,0.00087745,"Garrett Crochet",27463,676979
"Tanner Bibee","CLE",0.44421259,94.62807405,0.25125813,85.79237909,,,0.13894685,81.24116608,0.16558242,82.65455893,,,,,0.0008589,"Tanner Bibee",30134,676440
"Bryan Woo","SEA",0.72643756,95.27775176,0.16927526,85.55879397,0.03657707,87.71627907,,,0.06771011,89.63819095,,,,,0.00085005,"Bryan Woo",30279,693433
"Chris Paddack","- - -",0.53845351,94.00949612,0.06167171,86.18274112,0.01773975,89.39411765,0.11676928,77.7077748,0.26536575,84.28195045,,,,,0.00083455,"Chris Paddack",20099,663978
"Nestor Cortes","- - -",0.47267075,91.23742839,0.20379099,79.99162974,0.20529536,87.10258915,0.03680674,77.15258856,0.08143616,83.01847291,,,,,0.00080201,"Nestor Cortes",17874,641482
"Zach Plesac","- - -",0.43884797,92.77667866,0.23724356,85.73029967,,,0.09889532,79.61170213,0.22501315,85.72807018,,,,,0.00078854,"Zach Plesac",19979,668676
"Clayton Kershaw","LAD",0.39137991,90.45297419,0.42361835,86.70837642,,,0.16744873,73.35315597,0.00356274,85.3902439,0.01399027,83.54037267,,,0.00078173,"Clayton Kershaw",2036,477132
"Gerrit Cole","- - -",0.51334571,97.1680798,0.21647571,88.86863905,0.04384561,92.09635036,0.14261025,82.98652896,0.08372272,89.34097859,,,,,0.00076771,"Gerrit Cole",13125,543037
"Cristopher Sánchez","PHI",0.48193372,94.25239204,0.1766758,84.53314528,0.00049838,87,,,0.3408921,85.00986842,,,,,0.00074738,"Cristopher Sanchez",20778,650911
"Taijuan Walker","- - -",0.4302818,93.09066818,0.13886626,85.06631455,0.11589835,87.40477864,0.07696693,75.18875928,0.00032579,88.5,0.23766086,88.16552433,,,0.00073278,"Taijuan Walker",11836,592836
"Zack Greinke","- - -",0.4449782,89.2595038,0.15861578,82.56453423,0.0331821,85.69168901,0.16422027,71.2751896,0.19900365,86.66115333,,,,,0.00071155,"Zack Greinke",1943,425844
"Jacob deGrom","- - -",0.48881204,97.90010537,0.35079333,91.74394867,,,0.03325875,82.73684211,0.12713588,90.62703583,,,,,0.00071153,"Jacob deGrom",10954,594798
"Triston McKenzie","CLE",0.57401898,92.23346496,0.20498654,86.56530753,,,0.20923644,79.07447529,0.01175804,86.61445783,,,,,0.00070791,"Triston McKenzie",18000,663474
"Brady Singer","- - -",0.53580003,92.7875593,0.40728711,83.8387656,0.01871205,87.56603774,,,0.03820082,87.56746765,,,,,0.00070582,"Brady Singer",25377,663903
"Kyle Gibson","- - -",0.43641841,92.18196505,0.198372,82.645766,0.13799513,89.30901487,0.08915524,79.32877698,0.13805922,85.0812442,,,,,0.00070486,"Kyle Gibson",10123,502043
"Hunter Greene","CIN",0.54466155,98.55374732,0.37694813,87.89372876,,,0.00546639,81.19148936,0.02628518,90.64888889,0.04663875,87.680798,,,0.00069735,"Hunter Greene",22182,668881
"Casey Mize","DET",0.48536957,94.4226922,0.26293163,85.9878628,0.01719595,89.18548387,0.05075579,80.66939891,,,0.18374705,87.15396226,,,0.00069329,"Casey Mize",20492,663554
"Kyle Bradish","BAL",0.47335748,94.80437158,0.30591481,87.66741826,,,0.15416451,84.23713647,0.0665632,90.44559585,,,,,0.0006893,"Kyle Bradish",24586,680694
"Joe Ryan","MIN",0.59054587,92.88292842,0.20256089,82.4006654,,,0.029845,76.20645161,0.0320593,84.50750751,0.14489265,86.15747508,0.00009627,74,0.00067347,"Joe Ryan",21390,657746
"Edward Cabrera","MIA",0.35591182,96.45683183,0.12812291,88.23774765,,,0.22338009,84.32236842,0.29258517,93.21278539,,,,,0.00066756,"Edward Cabrera",21690,665795
"Aaron Civale","- - -",0.32684145,92.04330107,0.10195589,82.12,0.3201831,87.88920676,0.19467333,76.98204361,0.01664586,84.985,0.03970037,85.61844864,,,0.00066567,"Aaron Civale",19479,650644
"Spencer Strider","ATL",0.59127499,97.1779978,0.32472085,85.38997996,,,0.02713581,78.59808612,0.05686835,87.2283105,,,,,0.00064901,"Spencer Strider",27498,675911
"Logan Allen","CLE",0.46573448,91.05282271,0.21788568,78.45204513,0.12369392,85.59875776,,,,,0.19268593,82.40829346,,,0.00061463,"Logan Allen",27589,671106
"Daniel Norris","- - -",0.48052456,91.32885086,0.23409669,83.39046823,,,0.03347035,75.85380117,0.2519084,86.25641026,,,,,0.00058708,"Daniel Norris",13475,596057
"Tylor Megill","NYM",0.57487115,95.12381875,0.19139156,84.8915575,0.02423736,90.25862069,0.06714027,78.6846473,0.12745508,87.26120219,0.01490458,84.72897196,,,0.00055687,"Tylor Megill",21318,656731
"Bailey Falter","- - -",0.60868363,91.68218991,,,0.19081858,85.08695652,0.15417588,77.26995516,0.02004978,83.85517241,0.02627212,85.31052632,,,0.00055279,"Bailey Falter",20070,663559
"Javier Assad","CHC",0.51262489,92.14103473,0.11807448,80.57846154,0.23978202,88.49545455,0.0808356,76.68764045,0.04868302,84.76492537,,,,,0.00054476,"Javier Assad",21741,665871
"Justin Verlander","- - -",0.49078805,94.41191422,0.272488,86.89704617,,,0.18145224,78.70081791,0.05527171,85.24929178,,,,,0.00054175,"Justin Verlander",8700,434378
"Dylan Bundy","- - -",0.48226194,90.41509956,0.23072819,80.14566474,,,0.1114964,73.74162679,0.17551347,82.54787234,,,,,0.00053333,"Dylan Bundy",12917,605164
"Gavin Williams","CLE",0.48582497,96.34554025,0.15460468,86.02277904,0.12924811,91.09128065,0.2044374,80.3126615,0.02588484,88.9047619,,,,,0.00052817,"Gavin Williams",30122,668909
"Alex Cobb","- - -",0.43226221,93.9405116,0.01876607,86.21917808,,,0.15694087,83.31122031,0.39203085,88.88852459,,,,,0.00051387,"Alex Cobb",6562,502171
"Sean Manaea","- - -",0.58797916,92.025417,0.2034834,80.53996176,0.02029391,87.90038314,0.00435425,77.125,0.18388928,84.72927242,,,,,0.00046645,"Sean Manaea",15873,640455
"Taj Bradley","- - -",0.44504812,96.27857897,,,0.23222602,89.89420485,0.13210183,80.17417062,0.03849736,89.31048387,0.15212667,91.09297521,,,0.00046548,"Taj Bradley",22543,671737
"José Urquidy","- - -",0.51879584,93.20530191,0.161522,80.28287606,0.0207824,87.53676471,0.11476161,78.31424767,0.18413814,85.29792531,,,,,0.00045823,"Jose Urquidy",18413,664353
"Carlos Rodón","- - -",0.55118694,94.8851797,0.28724036,85.79359339,0.00793769,91.8317757,0.04948071,80.24137931,0.1041543,85.18803419,,,,,0.00044504,"Carlos Rodon",16137,607074
"Andrew Abbott","CIN",0.50115841,92.82548396,0.16203301,82.94191242,0.01665219,88.73043478,0.14393281,80.92152918,0.17622357,85.29498767,,,,,0.00043428,"Andrew Abbott",29911,671096
"George Kirby","SEA",0.58134403,95.92510785,0.22738215,87.00044111,0.00110331,92.27272727,0.11033099,82.56818182,0.02467402,86.41869919,0.05486459,85.72394881,0.0003009,74.66666667,0.00040108,"George Kirby",25436,669923
"Tyler Wells","BAL",0.42480682,93.56856343,0.14701803,85.08894879,0.18050327,88.22722283,0.07390529,75.86595174,0.17376659,86.30444698,,,,,0.00039612,"Tyler Wells",20000,669330
"Mitchell Parker","WSN",0.52299863,92.77994012,0.10863183,84.80720721,,,0.22293991,80.90079017,,,0.14542963,85.53835801,,,0.00039131,"Mitchell Parker",27636,680730
"Paul Skenes","PIT",0.4509957,98.37662338,0.19250293,84.97768763,,,0.07301835,83.36631016,0.08609918,88.42857143,0.19738383,93.90999011,,,0.00039032,"Paul Skenes",33677,694973
"Wade Miley","- - -",0.21099105,90.26556474,0.03462298,79.53020134,0.45858023,86.53245436,0.05414198,75.40128755,0.24166376,82.19240019,,,,,0.00034843,"Wade Miley",8779,489119
"Shane Bieber","- - -",0.38355,92.4787472,0.24037726,85.08817204,0.11521795,87.21386431,0.20418047,82.78903307,0.05667431,87.87022901,,,,,0.00033979,"Shane Bieber",19427,669456
"Corbin Burnes","- - -",0.13280409,95.99745418,0.11611948,87.46806039,0.47631862,94.85466102,0.17565931,80.75277884,0.09667653,89.70981211,0.00242196,90.77142857,,,0.00033629,"Corbin Burnes",19361,669203
"Shane McClanahan","TBR",0.39067009,96.69470661,0.21449182,89.29147982,,,0.19365181,82.55877483,,,0.20118628,87.63665339,,,0.00032056,"Shane McClanahan",21483,663556
"Ryan Pepiot","- - -",0.49975958,94.83611289,0.17518833,88.77584629,0.0456804,91.72280702,0.02356147,80.7755102,0.25581023,86.45927318,,,,,0.00032046,"Ryan Pepiot",26221,686752
"Kutter Crawford","BOS",0.3663745,93.43584167,0.13832669,81.75921659,0.30565737,88.14702815,0.10900398,78.91959064,0.0412749,84.00772201,0.03936255,82.41700405,,,0.00031867,"Kutter Crawford",20531,676710
"James Paxton","- - -",0.59102902,94.62674022,,,0.14372187,87.06155508,0.21806612,81.03133903,0.04718299,83.63815789,,,,,0.00031032,"James Paxton",11828,572020
"Jake Odorizzi","- - -",0.54758004,92.52559913,0.11422189,84.09399478,0.10022338,87.71875,0.05376024,74.2299169,0.18257632,85.00570962,0.00163812,85.27272727,,,0.00029784,"Jake Odorizzi",6397,543606
"Tarik Skubal","DET",0.52957864,95.86753083,0.19065499,88.34632224,,,0.05189821,76.85990338,0.22252816,85.81722452,0.00534001,85.078125,,,0.00025025,"Tarik Skubal",22267,669373
"MacKenzie Gore","- - -",0.55318926,95.38516973,0.15117499,88.75086745,0.01405791,90.31343284,0.20667226,82.33654822,0.07490558,86.03501401,,,,,0.00020978,"MacKenzie Gore",22201,669022
"Tyler Mahle","- - -",0.53238379,93.36568931,0.175729,85.8652793,0.05658743,86.74740484,0.04946588,80.48594378,,,0.18583389,85.80467532,,,0.00019244,"Tyler Mahle",16358,641816
"J.A. Happ","- - -",0.6889719,90.91749175,0.15445834,84.19052632,,,0.02143901,80.08333333,0.06285529,85.96124031,0.07227546,86.23820225,,,0.00016242,"J.A. Happ",7410,457918
"Bailey Ober","MIN",0.44154908,91.46302776,0.1962097,81.4656168,0.05417654,86.21863118,0.0557215,76.21441774,0.25234319,83.6444898,,,,,0.00010299,"Bailey Ober",21224,641927
"Brandon Woodruff","MIL",0.6188715,95.95402299,0.11133239,87.68313458,0.01431958,89.54966887,0.09587482,83.53610287,0.15960171,86.17171717,,,,,0.00009482,"Brandon Woodruff",16162,605540
"Corey Kluber","- - -",0.30123822,89.63636364,,,0.3071521,86.79671333,0.27240806,81.26137135,0.11920163,83.43410853,,,,,,"Corey Kluber",2429,446372
"Lance McCullers Jr.","HOU",0.33327357,93.40989779,0.22086769,84.91152597,0.0376479,88.76666667,0.2518824,83.58647687,0.15632843,86.33715596,,,,,,"Lance McCullers Jr.",14120,621121
"John Means","BAL",0.48640806,92.36075353,0.12186927,84.82957393,,,0.11072083,77.77624309,0.28100183,82.29619565,,,,,,"John Means",16269,607644