Name,Team,W,L,ERA,G,GS,QS,CG,ShO,SV,HLD,BS,IP,TBF,H,R,ER,HR,BB,IBB,HBP,WP,BK,SO,NameASCII,PlayerId,MLBAMID
"Zack Wheeler","- - -",80,45,3.0808969961756723,188,188,124,4,2,0,0,0,1174.1,4731,971,435,402,113,270,8,49,23,1,1289,"Zack Wheeler",10310,554430
"Aaron Nola","PHI",68,61,4.06569776458957,192,192,95,6,4,0,0,0,1146.2,4714,1029,546,518,161,294,7,39,11,1,1279,"Aaron Nola",16149,605400
"Gerrit Cole","- - -",79,33,2.9835278358999844,158,158,105,6,4,0,0,0,971.1,3835,735,345,322,131,233,1,22,17,7,1241,"Gerrit Cole",13125,543037
"Dylan Cease","- - -",65,58,3.8824688893522965,188,188,69,3,3,0,0,0,1015.1,4304,854,482,438,121,430,9,35,56,3,1231,"Dylan Cease",18525,656302
"Luis Castillo","- - -",71,65,3.477568725596675,197,197,116,1,0,0,0,0,1151.2,4757,986,487,445,135,372,6,40,13,5,1230,"Luis Castillo",15689,622491
"Kevin Gausman","- - -",68,59,3.5828992060500786,201,185,99,3,2,0,2,0,1087.2,4490,984,472,433,118,287,6,18,22,9,1213,"Kevin Gausman",14107,592332
"Charlie Morton","- - -",72,53,4.012252660415895,199,193,80,0,0,0,0,0,1061,4515,938,503,473,123,408,6,95,24,6,1202,"Charlie Morton",4676,450203
"Sonny Gray","- - -",66,50,3.5121233076481584,184,184,84,1,1,0,0,0,1017.1,4184,861,427,397,105,312,2,35,41,4,1136,"Sonny Gray",12768,543243
"José Berríos","- - -",79,56,3.951219554942446,203,202,109,3,0,0,0,0,1175.1,4913,1110,555,516,167,329,6,67,25,3,1091,"Jose Berrios",14168,621244
"Corbin Burnes","- - -",56,38,3.1741936655669796,180,149,91,0,0,1,4,0,930,3762,729,363,328,100,269,1,35,40,6,1079,"Corbin Burnes",19361,669203
"Zac Gallen","- - -",66,52,3.5827266891687857,176,176,88,2,2,0,0,0,1007.1,4142,843,425,401,117,324,3,36,33,1,1060,"Zac Gallen",19291,668678
"Freddy Peralta","MIL",64,38,3.5254106530572877,195,148,60,1,0,1,8,3,852.2,3532,645,355,334,110,320,2,44,28,5,1057,"Freddy Peralta",18679,642547
"Chris Bassitt","- - -",79,51,3.600551800285092,192,188,94,3,2,0,0,0,1087.1,4575,997,469,435,129,333,5,80,25,10,1042,"Chris Bassitt",12304,605135
"Max Scherzer","- - -",62,35,3.215299776436321,145,145,80,2,0,0,0,0,845.1,3402,694,315,302,118,194,3,36,15,0,1040,"Max Scherzer",3137,453286
"Lucas Giolito","- - -",58,49,3.997097278341856,161,161,80,5,3,0,0,0,918.2,3818,794,438,408,141,327,5,22,33,0,1028,"Lucas Giolito",15474,608337
"Framber Valdez","HOU",77,51,3.4062600825133664,180,161,105,9,3,0,0,0,1043.2,4329,890,434,395,84,365,1,54,56,7,1019,"Framber Valdez",17295,664285
"Yusei Kikuchi","- - -",48,58,4.463562882291051,199,187,64,1,1,1,0,0,988,4243,986,535,490,165,356,3,29,36,1,1011,"Yusei Kikuchi",20633,579328
"Yu Darvish","- - -",58,48,3.8060362081305756,158,158,77,0,0,0,0,0,905.2,3681,750,395,383,132,235,3,50,34,2,1005,"Yu Darvish",13074,506433
"Blake Snell","- - -",49,42,3.2490119393543937,148,148,63,1,1,0,0,0,759,3143,573,290,274,75,347,3,10,59,4,1002,"Blake Snell",13543,605483
"Nick Pivetta","- - -",54,52,4.194748531746987,195,151,57,2,0,3,4,1,914,3829,800,449,426,148,319,7,25,34,3,1001,"Nick Pivetta",15454,601713
"Robbie Ray","- - -",53,43,3.8633792141998238,149,148,70,1,0,0,0,0,824.2,3449,688,375,354,136,336,6,27,35,1,995,"Robbie Ray",11486,592662
"Logan Webb","SFG",70,53,3.380295003860536,180,177,102,3,2,0,1,0,1062.1,4350,1020,440,399,74,250,4,36,22,1,994,"Logan Webb",17995,657277
"Max Fried","- - -",90,36,3.017647149109101,177,174,101,6,4,0,0,0,1020,4152,891,378,342,84,265,5,39,45,3,986,"Max Fried",13743,608331
"Patrick Corbin","- - -",54,88,5.01451926456123,201,200,82,3,1,0,0,0,1102,4811,1235,655,614,177,359,8,23,22,1,963,"Patrick Corbin",9323,571578
"Pablo López","- - -",57,49,3.793306431818354,162,162,79,1,1,0,0,0,906.1,3748,827,405,382,107,233,7,49,24,4,948,"Pablo Lopez",17085,641154
"Carlos Rodón","- - -",67,43,3.5649597695317814,145,143,65,2,1,0,0,1,787.2,3248,618,333,312,98,266,1,36,39,2,936,"Carlos Rodon",16137,607074
"Lance Lynn","- - -",61,42,3.9633028216458737,150,150,74,2,1,0,0,0,872,3691,803,431,384,131,259,3,39,35,0,935,"Lance Lynn",2520,458681
"Jack Flaherty","- - -",55,45,3.8162932671625227,156,151,66,0,0,0,1,0,818.1,3411,705,366,347,111,282,6,42,29,0,928,"Jack Flaherty",17479,656427
"Merrill Kelly","- - -",65,53,3.7666116177470514,172,172,88,0,0,0,0,0,1008.1,4143,907,448,422,130,300,10,17,15,9,911,"Merrill Kelly",11156,518876
"Sandy Alcantara","MIA",50,64,3.650532537662548,163,163,92,12,4,0,0,0,1033,4240,900,466,419,108,301,8,42,26,6,891,"Sandy Alcantara",18684,645261
"Tarik Skubal","DET",54,37,3.0756522682846184,137,134,68,1,1,0,0,0,766.2,3056,614,287,262,90,172,0,26,11,2,889,"Tarik Skubal",22267,669373
"Logan Gilbert","SEA",47,36,3.5770153160680187,146,146,70,2,1,0,0,0,835.1,3377,703,352,332,111,181,6,25,41,0,884,"Logan Gilbert",22250,669302
"Shane Bieber","- - -",55,29,3.044232432084638,123,122,85,5,2,0,0,0,768.2,3089,656,279,260,89,172,1,17,29,3,877,"Shane Bieber",19427,669456
"Jacob deGrom","- - -",41,24,2.439252401670627,109,109,66,1,1,0,0,0,642,2463,433,186,174,70,123,1,12,10,0,851,"Jacob deGrom",10954,594798
"Justin Verlander","- - -",62,35,3.093981931259877,136,136,80,2,1,0,0,0,808.2,3261,648,304,278,99,196,1,29,16,1,847,"Justin Verlander",8700,434378
"Nathan Eovaldi","- - -",58,31,3.621822583263167,160,149,68,5,3,0,4,1,852.1,3494,774,363,343,108,207,3,35,27,0,847,"Nathan Eovaldi",9132,543135
"Andrew Heaney","- - -",40,52,4.681360274607569,169,149,39,0,0,0,2,2,794,3426,777,442,413,143,250,3,55,17,0,844,"Andrew Heaney",15423,571760
"Mitch Keller","PIT",42,65,4.510250623364934,165,163,66,2,1,0,0,0,878,3818,914,472,440,103,299,2,58,19,4,837,"Mitch Keller",17594,656605
"Kyle Gibson","- - -",58,50,4.7223975236974685,175,169,77,1,1,0,2,1,951,4081,970,534,499,129,328,4,40,29,1,835,"Kyle Gibson",10123,502043
"Sean Manaea","- - -",48,38,4.171575051691928,162,130,54,2,2,1,1,0,781,3256,707,391,362,112,223,1,39,16,1,812,"Sean Manaea",15873,640455
"Brady Singer","- - -",50,56,4.231579126726125,159,156,64,1,0,0,0,0,855,3650,845,427,402,101,274,1,56,19,3,808,"Brady Singer",25377,663903
"Eduardo Rodriguez","- - -",62,41,4.227441425073998,148,147,59,0,0,0,0,0,809,3464,816,406,380,103,283,5,16,11,2,803,"Eduardo Rodriguez",13164,593958
"Joe Musgrove","- - -",49,41,3.5095321377995816,138,136,76,2,2,0,1,0,769.1,3181,681,329,300,94,195,6,62,12,1,797,"Joe Musgrove",12970,605397
"Brandon Woodruff","MIL",48,25,2.960586200277878,115,115,64,2,1,0,0,0,659.2,2624,501,228,217,75,162,0,27,7,1,792,"Brandon Woodruff",16162,605540
"Chris Sale","- - -",42,26,3.3058172094478997,106,105,49,1,1,0,0,0,601.2,2457,503,240,221,65,150,1,45,12,1,790,"Chris Sale",10603,519242
"Clayton Kershaw","LAD",70,27,2.9288538211819604,137,135,69,0,0,0,0,0,759,3027,623,272,247,90,177,1,15,27,7,777,"Clayton Kershaw",2036,477132
"Jesús Luzardo","- - -",41,41,4.191662832674144,137,121,56,0,0,2,3,0,695.2,2904,628,343,324,87,237,3,21,30,3,775,"Jesus Luzardo",19959,666200
"Michael Wacha","- - -",58,43,3.990598017824313,173,161,57,1,1,0,1,0,886.1,3715,865,407,393,123,257,5,25,21,1,761,"Michael Wacha",14078,608379
"Tyler Glasnow","- - -",39,20,3.1669659212235626,100,100,47,0,0,0,0,0,557,2207,383,204,196,64,180,0,4,46,3,736,"Tyler Glasnow",14374,607192
"Zach Eflin","- - -",53,49,4.026894779845579,154,142,68,3,2,1,2,0,818,3401,830,394,366,118,155,9,23,7,0,733,"Zach Eflin",13774,621107
"Seth Lugo","- - -",49,36,3.506654697217137,270,92,52,1,0,13,50,13,726.1,2992,645,301,283,93,202,10,29,17,0,721,"Seth Lugo",12447,607625
"Joe Ryan","MIN",46,36,3.7889813528365086,115,114,53,1,1,0,0,0,641.1,2603,534,283,270,101,148,0,33,8,3,719,"Joe Ryan",21390,657746
"Kyle Hendricks","- - -",53,58,4.377615185036545,174,169,76,3,2,0,0,0,956,4026,978,498,465,134,221,8,38,4,0,705,"Kyle Hendricks",12049,543294
"Jon Gray","- - -",43,46,4.382326320508689,145,134,54,1,0,0,0,2,739.1,3134,708,386,360,101,252,8,29,25,3,703,"Jon Gray",14916,592351
"Tyler Anderson","- - -",44,51,4.292673695914062,163,157,57,1,0,0,0,0,882.2,3769,845,449,421,126,302,9,31,22,8,701,"Tyler Anderson",12880,542881
"Marcus Stroman","- - -",49,53,3.687224827328034,156,153,71,1,1,1,0,1,832.1,3498,798,384,341,85,266,3,25,22,2,694,"Marcus Stroman",13431,573186
"Ranger Suarez","PHI",52,36,3.3373496574932044,183,116,56,2,2,4,6,4,747,3128,707,300,277,67,234,6,22,11,5,694,"Ranger Suarez",17277,624133
"Frankie Montas","- - -",41,41,4.07749636114613,126,123,54,0,0,0,0,0,671,2857,632,339,304,88,227,5,25,29,0,693,"Frankie Montas",14309,593423
"Martín Pérez","- - -",48,44,4.219073162836213,184,151,62,1,1,0,3,0,870.1,3755,894,446,408,110,320,4,32,17,8,691,"Martin Perez",6902,527048
"Miles Mikolas","STL",50,65,4.432835950023741,172,171,77,2,1,0,0,0,960.1,4004,995,498,473,139,183,2,36,12,4,687,"Miles Mikolas",9803,571945
"Jameson Taillon","- - -",55,39,3.9971135781186766,149,148,62,1,0,1,0,0,808.1,3338,752,392,359,126,185,2,19,15,2,684,"Jameson Taillon",11674,592791
"Walker Buehler","- - -",48,24,3.636363681401385,125,123,58,3,1,0,0,0,693,2882,612,311,280,92,206,2,32,17,0,683,"Walker Buehler",19374,621111
"Germán Márquez","COL",42,53,4.947459900557748,135,135,61,4,2,0,0,0,767.2,3291,794,458,422,114,242,6,19,47,4,677,"German Marquez",15038,608566
"Jose Quintana","- - -",43,42,4.023708869261224,165,142,51,0,0,0,2,0,787.1,3354,774,387,352,86,268,2,23,30,2,670,"Jose Quintana",11423,500779
"Aaron Civale","- - -",43,44,4.144469597335878,140,135,45,1,0,1,0,0,738.1,3072,690,359,340,109,203,2,33,12,4,665,"Aaron Civale",19479,650644
"Kyle Freeland","COL",37,72,4.998891563960732,170,170,74,0,0,0,0,0,902,3934,1043,548,501,146,259,6,33,14,0,664,"Kyle Freeland",16256,607536
"Matthew Boyd","- - -",38,42,4.213375847365456,123,113,45,1,0,0,1,0,628,2636,582,317,294,97,183,4,34,19,5,651,"Matthew Boyd",15440,571510
"Tyler Mahle","- - -",31,35,3.940298720901058,115,114,41,0,0,0,0,0,603,2523,537,281,264,82,200,0,23,12,4,629,"Tyler Mahle",16358,641816
"Spencer Strider","ATL",39,24,3.738461718684227,90,77,39,0,0,0,2,1,455,1881,368,198,189,52,160,2,20,13,3,626,"Spencer Strider",27498,675911
"Cal Quantrill","- - -",47,46,4.345816948135595,187,149,54,0,0,1,4,1,836.2,3577,847,429,404,112,269,3,48,24,1,622,"Cal Quantrill",19312,615698
"Jordan Montgomery","- - -",35,34,4.073501025352318,131,126,50,1,1,1,0,0,689.1,2906,690,333,312,80,188,3,18,32,1,621,"Jordan Montgomery",16511,656756
"George Kirby","SEA",45,34,3.584945169578591,112,112,63,1,0,0,0,0,637.2,2601,616,270,254,72,93,1,25,13,1,621,"George Kirby",25436,669923
"Josh Hader","- - -",26,27,2.7469567700413315,378,0,0,0,0,215,6,24,383.1,1525,221,130,117,52,146,5,19,19,4,618,"Josh Hader",14212,623352
"Hunter Greene","CIN",25,29,3.649630202675101,91,91,40,2,2,0,0,0,495.2,2060,386,211,201,70,179,0,39,21,1,617,"Hunter Greene",22182,668881
"David Peterson","NYM",37,30,4.119379139070781,131,115,44,2,1,0,2,1,622.2,2671,593,306,285,62,262,2,35,23,2,614,"David Peterson",20302,656849
"Taijuan Walker","- - -",46,40,4.340142209868159,155,137,45,0,0,1,2,2,750.2,3184,714,387,362,114,269,2,29,10,1,611,"Taijuan Walker",11836,592836
"Julio Urías","LAD",55,21,3.0114254937096754,132,102,48,0,0,4,5,1,612.2,2466,494,227,205,78,148,4,23,8,4,608,"Julio Urias",14765,628711
"Shohei Ohtani","- - -",35,18,2.9622641620480947,90,90,43,1,1,0,0,0,477,1928,350,165,157,50,160,2,23,47,2,607,"Shohei Ohtani",19755,660271
"Bailey Ober","MIN",31,30,4.079870648283555,115,115,42,2,0,0,0,0,617.2,2516,560,290,280,103,133,0,21,4,3,604,"Bailey Ober",21224,641927
"Nestor Cortes","- - -",35,25,3.915226159222767,139,94,35,1,1,0,1,1,597.2,2464,527,268,260,100,176,1,16,6,2,601,"Nestor Cortes",17874,641482
"Cristian Javier","HOU",35,22,3.663568773234201,124,90,33,0,0,2,5,2,538,2217,397,229,219,76,219,1,23,23,3,598,"Cristian Javier",17606,664299
"Jordan Lyles","- - -",41,55,5.166591714133198,140,130,41,4,0,0,0,0,740.1,3175,766,449,425,140,233,2,24,31,1,595,"Jordan Lyles",7593,543475
"MacKenzie Gore","- - -",26,41,4.192861820843594,105,102,36,0,0,0,1,0,532.1,2302,523,274,248,69,223,0,21,38,0,589,"MacKenzie Gore",22201,669022
"Hunter Brown","HOU",36,31,3.4893351085676128,100,92,53,1,0,0,1,0,531.1,2186,461,222,206,61,179,1,21,8,2,585,"Hunter Brown",25880,686613
"Kenta Maeda","- - -",31,29,4.50544134909707,126,95,30,0,0,3,4,0,551.1,2281,487,288,276,87,158,2,22,13,0,583,"Kenta Maeda",18498,628317
"Adam Wainwright","STL",52,43,4.0946131025955665,126,126,63,6,1,0,0,0,736.1,3122,746,349,335,88,224,11,27,12,1,579,"Adam Wainwright",2233,425794
"Dean Kremer","BAL",41,40,4.261042393359432,126,123,43,1,1,0,0,0,671.2,2836,645,344,318,95,222,0,16,25,2,578,"Dean Kremer",19350,665152
"Steven Matz","- - -",40,36,4.327016990358115,175,101,31,1,1,2,16,3,615.2,2635,643,321,296,93,173,8,22,17,3,577,"Steven Matz",13361,571927
"Trevor Williams","- - -",31,45,4.824284367631931,150,121,24,0,0,1,1,1,675.1,2957,755,393,362,113,211,5,25,5,3,571,"Trevor Williams",16977,592866
"Carlos Carrasco","- - -",33,43,5.175379742923805,128,115,32,1,1,1,0,1,593,2579,655,355,341,102,190,3,23,23,1,569,"Carlos Carrasco",6632,471911
"Eric Lauer","- - -",39,32,4.092760193965535,125,104,37,0,0,0,1,0,589.1,2499,548,293,268,96,210,6,13,12,3,569,"Eric Lauer",19316,641778
"Adrian Houser","- - -",40,44,4.08635119203611,164,125,33,1,1,1,2,0,718,3070,702,370,326,73,273,3,33,23,4,568,"Adrian Houser",12718,605288
"Drew Smyly","- - -",37,39,4.654091981308874,174,94,21,0,0,1,11,5,574.1,2501,584,327,297,113,212,6,18,30,2,567,"Drew Smyly",11760,592767
"Michael Lorenzen","- - -",36,39,4.024427096752031,218,95,37,1,1,12,34,5,668.2,2792,593,313,299,87,249,2,22,31,2,561,"Michael Lorenzen",14843,547179
"Michael King","- - -",31,29,3.2385446533776614,161,64,18,1,1,7,26,6,494.2,2069,418,205,178,53,172,6,24,12,1,559,"Michael King",19853,650633
"Griffin Canning","- - -",32,37,4.651454780759038,115,110,30,0,0,0,0,0,584.1,2502,564,318,302,97,218,2,21,30,5,553,"Griffin Canning",19867,656288
"Garrett Crochet","- - -",27,24,2.948154114984905,136,64,33,1,1,0,12,2,424.1,1725,345,151,139,45,119,2,11,15,4,549,"Garrett Crochet",27463,676979
"Zack Greinke","- - -",38,38,3.8801652433832983,131,127,55,1,0,0,1,0,726,2958,721,332,313,96,125,2,14,17,2,544,"Zack Greinke",1943,425844
"Reynaldo López","- - -",32,38,3.800000275152721,217,77,30,1,0,6,32,11,540,2252,491,251,228,74,182,3,13,17,4,543,"Reynaldo Lopez",16400,625643
"Edwin Díaz","NYM",24,22,2.9329952589445942,332,0,0,0,0,144,9,29,328.1,1330,226,115,107,34,118,5,28,21,1,538,"Edwin Diaz",14710,621242
"Dane Dunning","- - -",28,32,4.444382139149529,136,102,29,0,0,2,2,0,593.1,2562,593,308,293,79,220,2,39,28,0,538,"Dane Dunning",19409,641540
"Aroldis Chapman","- - -",30,24,2.9153698986272687,373,0,0,0,0,131,42,23,342.2,1425,213,127,111,30,185,4,9,38,5,533,"Aroldis Chapman",10233,547973
"Patrick Sandoval","LAA",19,45,4.0130599656802834,107,100,28,1,1,1,0,0,536,2334,510,280,239,55,236,4,17,26,3,529,"Patrick Sandoval",19447,663776
"Chris Paddack","- - -",32,36,4.641833785519784,118,110,32,0,0,1,0,0,581.2,2441,581,319,300,98,126,2,14,13,1,529,"Chris Paddack",20099,663978
"Erick Fedde","- - -",32,50,4.799151492598349,151,129,36,1,1,0,1,1,707,3068,722,394,377,104,280,11,17,15,2,528,"Erick Fedde",17425,607200
"Ryan Yarbrough","- - -",40,35,4.285297283929041,177,70,24,1,0,4,2,4,684.2,2844,650,343,326,94,146,8,58,7,2,526,"Ryan Yarbrough",16502,642232
"Jakob Junis","- - -",28,31,4.360933167708289,199,70,18,0,0,2,9,3,571.2,2425,593,295,277,83,148,5,29,15,1,524,"Jakob Junis",13619,596001
"Scott Barlow","- - -",28,23,3.597275441072899,434,1,0,0,0,59,83,17,440.1,1874,359,191,176,41,206,15,25,23,1,521,"Scott Barlow",14993,605130
"Trevor Rogers","- - -",24,37,3.8250001122401343,102,102,31,1,0,0,0,0,520,2221,481,241,221,48,195,4,21,10,4,521,"Trevor Rogers",22286,669432
"Brad Keller","- - -",33,53,4.363776549632105,193,97,40,1,1,5,26,3,649.2,2833,639,343,315,68,290,4,31,37,1,517,"Brad Keller",15734,641745
"Justin Steele","CHC",32,22,3.303947503163054,102,91,41,1,0,0,1,0,506.2,2123,460,219,186,51,155,2,20,14,2,517,"Justin Steele",17312,657006
"Raisel Iglesias","- - -",31,38,2.845535436983299,416,0,0,0,0,189,22,30,414.1,1645,316,154,131,48,96,13,12,9,2,510,"Raisel Iglesias",17130,628452
"Cristopher Sánchez","PHI",30,21,3.242688364219277,104,85,47,3,1,1,1,0,535.2,2193,495,211,193,45,128,1,13,16,2,509,"Cristopher Sanchez",20778,650911
"Luke Weaver","- - -",23,32,4.720408778808337,218,63,12,0,0,12,43,4,490,2101,481,270,257,77,151,5,17,7,0,508,"Luke Weaver",16918,596133
"Luis Severino","- - -",32,30,4.3050542701984025,105,100,37,1,1,0,1,0,554,2358,521,291,265,76,181,2,38,11,5,501,"Luis Severino",15890,622663
"Rich Hill","- - -",29,35,4.188504417673274,117,107,27,0,0,0,0,1,539.1,2303,513,277,251,75,196,2,33,6,4,500,"Rich Hill",4806,448179
"Reid Detmers","LAA",21,31,4.7670625708554235,136,75,21,1,1,3,13,5,449.1,1941,433,250,238,61,180,8,27,16,0,498,"Reid Detmers",27468,672282
"Trevor Bauer","- - -",24,22,3.4521591425268685,62,62,42,4,3,0,0,0,393.2,1621,296,171,151,62,136,2,25,16,0,490,"Trevor Bauer",12703,545333
"Tanner Bibee","CLE",34,23,3.614457942072794,87,87,35,2,1,0,0,0,498,2057,442,212,200,62,143,1,23,12,3,490,"Tanner Bibee",30134,676440
"Mike Minor","- - -",27,40,4.709904124653581,91,90,29,3,2,0,0,0,521.2,2226,516,286,273,91,169,5,20,8,0,487,"Mike Minor",10021,501985
"Trevor Richards","- - -",20,19,4.568285859191924,270,36,8,0,0,2,33,11,439.1,1883,386,236,223,66,196,11,10,38,0,486,"Trevor Richards",19309,670950
"Zack Littell","- - -",34,27,3.8019464383781356,226,77,31,1,0,3,11,5,582.1,2413,572,260,246,95,124,4,20,12,2,482,"Zack Littell",15823,641793
"Madison Bumgarner","- - -",24,41,4.744308373802891,103,103,36,1,1,0,0,0,571,2435,576,329,301,96,159,7,37,7,1,479,"Madison Bumgarner",5524,518516
"Marco Gonzales","- - -",48,38,4.047363386793225,119,119,62,2,0,0,0,0,682.2,2877,686,343,307,100,184,5,22,4,1,479,"Marco Gonzales",15467,594835
"Edward Cabrera","MIA",25,29,4.065637251268122,89,87,19,0,0,0,0,0,431.2,1844,349,212,195,59,216,0,32,15,4,478,"Edward Cabrera",21690,665795
"Anthony DeSclafani","- - -",28,30,4.248731044168196,108,96,35,2,2,2,1,0,525.1,2212,509,268,248,85,143,8,19,13,1,476,"Anthony DeSclafani",13050,543101
"Austin Gomber","- - -",29,45,5.151691407229407,139,113,43,0,0,0,1,0,630.2,2707,682,378,361,113,188,4,12,18,0,472,"Austin Gomber",16561,596295
"Héctor Neris","- - -",34,29,3.521739588955685,404,0,0,0,0,68,87,28,383.1,1608,298,174,150,46,161,9,22,24,10,469,"Hector Neris",11804,593576
"Clay Holmes","- - -",35,27,3.4741262271654247,333,31,8,0,0,74,26,24,476.2,2039,406,214,184,32,196,6,41,29,3,468,"Clay Holmes",13649,605280
"Tanner Scott","- - -",29,25,3.447842335748605,389,0,0,0,0,78,70,27,370.2,1587,295,165,142,33,190,13,24,22,0,468,"Tanner Scott",17586,656945
"Jeffrey Springs","- - -",33,22,3.658321381521276,159,65,23,0,0,2,12,3,452.2,1892,408,207,184,66,144,2,6,6,4,466,"Jeffrey Springs",17677,605488
"JP Sears","- - -",31,41,4.526849801708058,108,102,30,0,0,0,0,0,558.2,2364,547,293,281,100,161,3,38,3,1,466,"JP Sears",23429,676664
"Brayan Bello","BOS",39,36,4.0914111746031026,100,97,43,2,0,0,0,0,543.1,2338,544,266,247,60,195,1,32,14,1,464,"Brayan Bello",23920,678394
"Emilio Pagán","- - -",23,23,3.6060867912513457,388,2,0,0,0,65,55,37,394.1,1592,301,173,158,65,120,5,7,9,2,462,"Emilio Pagan",14771,641941
"Triston McKenzie","CLE",21,29,4.072398356993422,88,80,32,0,0,0,0,0,442,1806,331,205,200,73,180,1,10,19,2,462,"Triston McKenzie",18000,663474
"Cole Ragans","- - -",21,20,3.6562501452863274,83,66,30,1,0,0,3,0,384,1585,312,168,156,35,144,2,10,22,0,461,"Cole Ragans",21846,666142
"Ross Stripling","- - -",24,34,4.516363851720647,144,92,20,0,0,2,4,0,550,2319,569,300,276,86,126,2,10,9,2,457,"Ross Stripling",13273,548389
"Shane McClanahan","TBR",33,16,3.0247117729051713,74,74,36,0,0,0,0,0,404.2,1627,331,143,136,48,116,1,5,19,0,456,"Shane McClanahan",21483,663556
"Nick Lodolo","CIN",24,22,4.0642801168169,76,75,31,2,1,0,0,0,409.2,1742,379,190,185,58,117,2,57,11,1,456,"Nick Lodolo",26378,666157
"Kenley Jansen","- - -",29,22,3.1135566098672296,390,0,0,0,0,208,0,31,378.2,1543,266,144,131,40,139,12,15,10,13,455,"Kenley Jansen",3096,445276
"Jeff Hoffman","- - -",26,24,4.36731287546711,290,27,1,0,0,45,35,13,395.2,1711,350,207,192,65,173,10,23,29,0,454,"Jeff Hoffman",17432,656546
"Zach Davies","- - -",27,33,4.608646788140163,120,120,26,0,0,0,0,0,593.2,2563,592,331,304,85,236,2,11,7,0,453,"Zach Davies",13183,605200
"Chris Flexen","- - -",32,42,4.521193302455454,156,101,36,0,0,3,0,0,637,2752,683,341,320,93,217,6,12,23,2,449,"Chris Flexen",13896,623167
"Tanner Houck","BOS",24,32,3.9655658763449986,113,80,29,1,1,9,2,1,474.1,2004,429,233,209,43,158,5,40,12,0,449,"Tanner Houck",19879,656557
"Bryan Abreu","HOU",16,12,2.648129712210538,317,0,0,0,0,16,102,20,329.2,1369,239,107,97,25,148,0,22,20,1,448,"Bryan Abreu",16609,650556
"Matt Strahm","- - -",27,27,3.4933227070117514,309,27,6,0,0,15,72,22,399.1,1643,339,167,155,50,96,8,28,12,3,446,"Matt Strahm",13799,621381
"Tyler Alexander","- - -",22,42,4.6262196709161625,195,57,10,0,0,1,8,2,546.2,2324,582,299,281,91,128,7,20,4,2,445,"Tyler Alexander",17735,641302
"Kris Bubic","KCR",19,36,4.140636332634012,117,80,30,0,0,1,7,3,471.2,2030,472,240,217,57,190,5,17,7,2,444,"Kris Bubic",21455,663460
"Michael Kopech","- - -",20,32,4.106722932621208,180,56,13,0,0,15,28,6,396.2,1702,304,190,181,62,219,3,20,23,5,442,"Michael Kopech",17282,656629
"Domingo Germán","- - -",29,22,4.3882618982502555,91,77,29,1,1,0,1,0,443,1846,387,232,216,82,132,1,19,12,3,441,"Domingo German",17149,593334
"Taylor Rogers","- - -",20,30,3.4129219883065254,368,0,0,0,0,81,51,23,356,1495,318,164,135,41,112,11,26,10,0,438,"Taylor Rogers",13449,573124
"Phil Maton","- - -",20,16,3.9109954478720255,387,1,0,0,0,9,75,15,382,1624,322,186,166,40,146,8,45,7,0,438,"Phil Maton",18064,664208
"Jorge López","- - -",27,37,5.341463912258515,288,49,11,0,0,32,28,16,492,2164,519,314,292,78,189,12,43,34,4,437,"Jorge Lopez",14527,605347
"Alex Cobb","- - -",26,26,3.995091335091882,90,90,28,2,1,0,0,0,475.1,2018,487,237,211,51,136,0,14,16,6,436,"Alex Cobb",6562,502171
"Alex Wood","- - -",25,28,4.65175986904065,106,82,18,0,0,0,2,0,454.2,1973,464,256,235,59,145,4,45,15,3,435,"Alex Wood",13781,622072
"Tylor Megill","NYM",26,26,4.459723514968932,88,81,15,1,0,0,0,0,409.2,1788,405,225,203,58,163,0,20,17,0,435,"Tylor Megill",21318,656731
"Cole Irvin","- - -",28,40,4.537942657120204,134,93,37,0,0,2,2,0,593,2540,635,329,299,85,142,5,32,11,0,434,"Cole Irvin",19244,608344
"Nick Martinez","- - -",31,29,3.670902311345284,192,61,21,1,0,9,34,7,524.2,2162,481,231,214,62,141,2,18,17,0,433,"Nick Martinez",12730,607259
"Hyun Jin Ryu","- - -",38,20,3.3636971163404024,89,89,44,2,2,0,0,0,497.2,2036,475,202,186,61,96,2,8,4,0,432,"Hyun Jin Ryu",14444,547943
"Mike Clevinger","- - -",32,27,3.7034483002198866,88,79,33,3,1,0,2,0,435,1804,380,182,179,56,143,1,21,14,0,428,"Mike Clevinger",12808,605182
"Drew Rasmussen","- - -",30,17,2.891461737576384,130,81,20,0,0,2,4,0,460.2,1840,372,158,148,41,119,3,9,20,0,428,"Drew Rasmussen",25385,656876
"Brandon Pfaadt","ARI",27,28,5.13059459323304,84,83,28,0,0,0,0,0,454.1,1948,490,273,259,72,105,3,19,4,0,426,"Brandon Pfaadt",27782,694297
"Ryne Stanek","- - -",19,20,3.8951620492430545,386,27,0,0,0,14,76,20,372,1598,300,182,161,47,193,11,9,25,1,421,"Ryne Stanek",15947,592773
"Dylan Bundy","- - -",23,34,4.853711557939342,93,89,24,1,0,0,0,0,458,1959,452,265,247,78,137,1,19,13,1,412,"Dylan Bundy",12917,605164
"Alek Manoah","TOR",29,20,3.3428572946665307,75,75,42,0,0,0,0,0,420,1763,331,176,156,48,158,1,44,9,4,412,"Alek Manoah",26410,666201
"Gregory Soto","- - -",15,34,4.258150480999291,391,7,0,0,0,56,72,12,378.1,1686,350,209,179,34,193,8,31,41,2,410,"Gregory Soto",19677,642397
"Taj Bradley","- - -",19,27,4.8581316001090915,75,73,24,0,0,0,0,0,385.1,1643,359,225,208,64,142,0,8,17,1,410,"Taj Bradley",22543,671737
"Ryan Pressly","- - -",19,23,3.128205383187105,360,0,0,0,0,114,64,31,351,1428,295,143,122,34,96,2,6,17,0,407,"Ryan Pressly",7005,519151
"Griffin Jax","- - -",23,31,4.037383616581855,299,16,2,0,0,15,93,25,356.2,1483,307,173,160,46,104,9,15,13,0,405,"Griffin Jax",20253,643377
"Carlos Estévez","- - -",23,29,3.6633170569221485,407,0,0,0,0,113,47,30,398,1691,366,188,162,50,141,17,17,20,2,404,"Carlos Estevez",14542,608032
"Chris Stratton","- - -",26,13,4.646104561453782,326,6,0,0,0,15,32,17,410.2,1790,415,234,212,46,172,6,8,16,0,401,"Chris Stratton",13761,608717
"Adam Ottavino","- - -",24,23,3.22914656236673,361,0,0,0,0,29,97,24,331.2,1417,265,128,119,31,156,11,30,25,4,398,"Adam Ottavino",1247,493603
"Wade Miley","- - -",38,23,3.679462491155266,104,100,40,1,1,0,0,0,521,2211,496,235,213,64,182,0,17,9,4,393,"Wade Miley",8779,489119
"Joe Jiménez","- - -",15,21,4.015086594756451,333,0,0,0,0,20,75,15,309.1,1314,260,153,138,41,114,3,23,8,1,393,"Joe Jimenez",15761,641729
"Bryan Woo","SEA",28,15,3.2072453001561736,70,70,35,0,0,0,0,0,395.2,1574,308,149,141,53,80,1,14,4,0,392,"Bryan Woo",30279,693433
"David Bednar","- - -",18,23,3.1481095969058632,315,0,0,0,0,111,26,19,317.1,1317,256,128,111,29,110,13,9,11,1,389,"David Bednar",19569,670280
"Kutter Crawford","BOS",18,31,4.5649959664436075,86,69,23,0,0,0,2,0,392.1,1633,348,210,199,64,118,1,16,12,1,389,"Kutter Crawford",20531,676710
"Ryan Pepiot","- - -",24,21,3.5425532993119817,74,67,25,0,0,0,0,0,376,1537,289,160,148,56,141,0,19,10,0,389,"Ryan Pepiot",26221,686752
"James Paxton","- - -",32,15,4.320976365183235,75,75,29,0,0,0,0,0,368.2,1576,349,193,177,57,146,0,6,19,1,388,"James Paxton",11828,572020
"Colin Rea","- - -",30,20,4.331448953004562,100,78,19,0,0,2,2,0,471.2,1979,456,235,227,77,127,1,20,6,1,387,"Colin Rea",12317,607067
"Tony Gonsolin","LAD",37,13,3.344939315165754,86,78,20,0,0,1,0,0,411.2,1668,297,162,153,53,149,2,16,17,0,387,"Tony Gonsolin",19388,664062
"Paul Skenes","PIT",21,13,1.964657026981886,55,55,35,1,0,0,0,0,320.2,1247,230,76,70,21,74,0,12,4,1,386,"Paul Skenes",33677,694973
"Clarke Schmidt","NYY",23,24,3.8211866481716172,97,67,14,0,0,2,4,1,393.1,1670,360,187,167,47,139,3,26,16,4,384,"Clarke Schmidt",19899,657376
"Vince Velasquez","- - -",18,25,5.199070021118209,102,68,10,0,0,0,3,0,358.1,1568,350,216,207,69,148,5,19,10,1,383,"Vince Velasquez",11189,592826
"Andrew Abbott","CIN",28,23,3.4157937987443625,75,75,29,1,1,0,0,0,413.2,1729,375,167,157,60,139,1,6,10,1,383,"Andrew Abbott",29911,671096
"Josiah Gray","- - -",17,27,4.8413794735354045,74,73,25,0,0,0,0,0,386.2,1698,366,213,208,81,184,5,19,23,0,382,"Josiah Gray",24580,680686
"Shawn Armstrong","- - -",14,10,3.9633034969639787,317,18,0,0,0,16,39,13,363.1,1548,333,175,160,39,120,3,23,13,2,381,"Shawn Armstrong",12857,542888
"Andrew Chafin","- - -",15,19,3.2487369867536047,394,0,0,0,0,18,97,18,329.2,1392,282,137,119,30,139,6,9,26,0,381,"Andrew Chafin",12988,605177
"Trent Thornton","- - -",14,19,4.376558936563539,235,36,9,0,0,1,20,3,401,1714,399,215,195,62,136,4,19,14,0,379,"Trent Thornton",17948,663423
"Jake Irvin","WSN",22,34,4.935880125241772,90,90,33,0,0,0,0,0,488.2,2086,486,283,268,87,168,1,18,10,3,379,"Jake Irvin",21504,663623
"Kyle Bradish","BAL",19,15,3.4725071996193693,67,67,29,0,0,0,0,0,357.2,1469,301,143,138,36,115,0,19,18,0,379,"Kyle Bradish",24586,680694
"Aaron Bummer","- - -",20,16,3.7042692081605013,320,2,0,0,0,5,80,18,328,1405,285,153,135,18,139,14,27,18,0,377,"Aaron Bummer",16258,607481
"Ryan Helsley","- - -",31,18,2.956204835229173,297,0,0,0,0,105,23,27,319.2,1314,243,118,105,30,132,13,3,21,2,377,"Ryan Helsley",18138,664854
"Keegan Akin","BAL",16,22,4.475544197361729,231,28,2,0,0,11,28,9,368,1565,350,203,183,51,129,6,7,14,2,377,"Keegan Akin",19362,669211
"Caleb Smith","- - -",15,23,4.461538461538462,122,46,13,0,0,0,6,2,351,1508,284,185,174,70,174,6,13,9,1,372,"Caleb Smith",14875,592761
"Luis Garcia","HOU",29,19,3.6033366439578014,71,65,22,0,0,0,0,0,359.2,1468,299,151,144,48,113,1,7,18,3,371,"Luis Garcia",23735,677651
"Ryne Nelson","ARI",26,18,4.182013018769953,93,78,32,0,0,2,0,1,467,1937,447,226,217,60,127,3,10,11,1,370,"Ryne Nelson",26253,669194
"Jake Odorizzi","- - -",27,21,4.058210339379222,80,79,16,0,0,0,0,0,383.2,1612,358,184,173,50,125,2,11,6,0,367,"Jake Odorizzi",6397,543606
"Casey Mize","DET",23,25,4.193181899978112,89,87,27,1,0,0,0,0,440,1869,446,220,205,64,121,1,21,13,1,365,"Casey Mize",20492,663554
"Zach Plesac","- - -",27,28,4.305710406489268,87,86,36,1,1,0,0,0,478.2,2006,462,250,229,76,130,1,16,10,1,364,"Zach Plesac",19979,668676
"Bryce Miller","SEA",24,21,4.00746283867918,74,74,28,0,0,0,0,0,402,1633,348,183,179,56,105,1,13,6,0,364,"Bryce Miller",29837,682243
"Giovanny Gallegos","STL",18,20,3.375000539971112,289,0,0,0,0,44,78,23,304,1204,224,119,114,39,80,5,9,14,3,362,"Giovanny Gallegos",14986,606149
"José Suarez","- - -",22,29,5.295454813264961,106,62,6,1,0,2,1,0,396,1759,416,246,233,67,164,6,24,14,2,362,"Jose Suarez",19911,660761
"Antonio Senzatela","COL",27,48,5.412060604098848,119,112,40,1,0,0,0,0,597,2670,757,385,359,77,187,8,28,15,7,360,"Antonio Senzatela",15488,622608
"Michael Soroka","- - -",18,25,3.876923076923077,86,64,25,0,0,0,3,1,390,1629,338,184,168,48,133,2,30,10,3,358,"Michael Soroka",18383,647336
"Yimi García","- - -",19,24,3.5776404085032105,335,0,0,0,0,28,72,21,322,1316,249,148,128,45,92,15,20,5,3,356,"Yimi Garcia",12095,554340
"Noah Syndergaard","- - -",22,25,4.659574552127028,77,76,30,2,1,0,0,0,423,1789,439,230,219,61,100,2,20,5,0,355,"Noah Syndergaard",11762,592789
"Jason Adam","- - -",27,12,2.319383491336965,310,0,0,0,0,24,98,17,302.2,1210,190,93,78,25,109,10,30,10,3,353,"Jason Adam",11861,592094
"Lance McCullers Jr.","HOU",22,15,3.736732540573354,63,60,28,0,0,0,0,0,320.1,1380,264,145,133,32,157,0,22,9,0,352,"Lance McCullers Jr.",14120,621121
"Bryce Elder","ATL",24,24,4.575920462926349,79,78,36,1,1,0,0,0,434.2,1864,435,230,221,55,154,2,19,16,1,352,"Bryce Elder",27779,693821
"Will Smith","- - -",13,23,4.045603070856504,322,0,0,0,0,99,37,20,307,1275,253,152,138,49,110,13,10,9,3,350,"Will Smith",8048,519293
"Emmanuel Clase","- - -",21,26,1.8750000099341075,366,1,0,0,0,182,11,29,360,1417,267,111,75,15,70,10,9,19,2,349,"Emmanuel Clase",21032,661403
"JT Brubaker","- - -",9,28,4.8877058784775835,80,62,16,0,0,0,1,0,344.1,1506,351,199,187,51,121,2,22,15,3,346,"JT Brubaker",17578,664141
"Bailey Falter","- - -",25,30,4.577253406232146,114,83,24,0,0,0,2,0,466,1942,466,255,237,74,134,0,9,9,0,346,"Bailey Falter",20070,663559
"Dakota Hudson","- - -",36,31,4.294301857416235,106,97,36,0,0,1,1,0,532.1,2296,519,278,254,56,247,9,31,18,0,345,"Dakota Hudson",19206,641712
"Kyle Finnegan","- - -",26,30,3.549904375103626,347,0,0,0,0,112,42,28,347.1,1457,311,165,137,44,135,16,5,18,1,343,"Kyle Finnegan",15009,640448
"Garrett Whitlock","BOS",25,14,3.127524183323056,165,23,5,0,0,10,45,10,313.2,1281,279,122,109,32,76,4,13,10,1,343,"Garrett Whitlock",20191,676477
"Chad Green","- - -",28,23,3.8401330835850107,267,15,0,0,0,28,47,14,302.1,1224,253,144,129,53,80,10,10,11,0,342,"Chad Green",15552,643338
"José Ureña","- - -",16,45,5.039533641293761,138,78,24,0,0,5,2,2,514.1,2272,561,317,288,76,208,6,17,16,0,340,"Jose Urena",11589,570632
"Jordan Hicks","- - -",14,31,4.596304098903506,202,37,5,0,0,29,31,6,342.2,1497,316,189,175,29,167,2,29,35,2,339,"Jordan Hicks",19618,663855
"Luke Jackson","- - -",21,14,3.870000664329643,297,0,0,0,0,27,52,18,300,1305,279,149,129,32,137,13,12,17,2,336,"Luke Jackson",11752,592426
"Jalen Beeks","- - -",23,17,4.140169904091769,249,20,0,0,0,16,32,15,354.1,1530,346,183,163,36,134,5,17,19,0,334,"Jalen Beeks",17192,656222
"Brent Suter","- - -",29,13,3.392190380737455,292,13,0,0,0,3,22,12,392.2,1632,367,179,148,47,107,4,13,6,1,333,"Brent Suter",13942,608718
"Gavin Williams","CLE",18,20,3.5373593735431332,63,63,21,0,0,0,0,0,325.2,1381,268,136,128,38,152,1,10,14,1,333,"Gavin Williams",30122,668909
"Austin Voth","- - -",16,18,4.629310792021931,203,37,6,1,0,0,27,8,348,1497,343,192,179,58,123,10,17,7,0,332,"Austin Voth",15047,608723
"Chris Martin","- - -",17,17,2.836013192205954,332,0,0,0,0,15,97,16,311,1241,294,112,98,33,38,10,9,12,1,331,"Chris Martin",11847,455119
"John Means","BAL",23,26,3.5984912950250814,77,73,30,1,1,0,0,0,397.2,1605,336,170,159,71,79,0,15,10,0,330,"John Means",16269,607644
"Tyler Kinley","- - -",19,14,4.495318145032203,329,0,0,0,0,21,53,12,320.1,1381,271,167,160,39,152,9,13,26,1,329,"Tyler Kinley",18297,641755
"José Urquidy","- - -",27,16,3.999181728694289,81,70,33,0,0,1,1,0,407.1,1676,370,183,181,67,100,0,12,11,1,329,"Jose Urquidy",18413,664353
"Rafael Montero","- - -",17,14,4.277497975378542,322,0,0,0,0,30,62,18,330.1,1395,292,176,157,38,136,5,16,5,1,328,"Rafael Montero",12760,606160
"Spencer Turnbull","- - -",16,28,4.2317306256532365,77,65,19,1,1,0,1,0,346.2,1499,324,177,163,30,139,2,31,13,0,327,"Spencer Turnbull",16207,605513
"Bryse Wilson","- - -",19,23,4.797357231287787,160,56,12,0,0,4,5,1,454,1977,490,262,242,82,145,5,19,14,2,327,"Bryse Wilson",19990,669060
"Chase Anderson","- - -",14,22,5.363013459979481,113,68,7,0,0,4,0,0,389.1,1691,384,244,232,76,149,4,26,6,1,326,"Chase Anderson",6895,502624
"Luis García","- - -",16,16,4.039370842743319,352,4,0,0,0,12,72,11,338.2,1471,328,173,152,35,132,11,20,37,0,324,"Luis Garcia",6984,472610
"Paul Blackburn","- - -",17,27,5.078740364058515,85,70,17,0,0,1,0,1,381,1668,426,224,215,55,122,3,15,6,1,322,"Paul Blackburn",14739,621112
"Johan Oviedo","- - -",15,26,4.238227348349015,81,67,18,1,1,0,0,0,361,1593,321,186,170,41,176,3,30,16,5,321,"Johan Oviedo",22487,670912
"Andre Pallante","STL",24,29,4.323913419981342,169,61,19,0,0,0,23,6,460,1983,472,240,221,44,180,2,11,34,5,321,"Andre Pallante",26108,669467
"Braxton Garrett","MIA",16,19,4.026557892381147,65,63,18,1,1,0,0,0,326.1,1386,330,156,146,40,82,1,28,12,0,320,"Braxton Garrett",21844,666129
"Logan Allen","CLE",23,24,4.484183017304755,74,73,19,0,0,0,0,0,379.1,1645,397,202,189,56,151,1,11,9,0,320,"Logan Allen",27589,671106
"Buck Farmer","- - -",16,15,3.9989505092201294,308,2,0,0,0,6,39,13,317.1,1355,272,148,141,40,133,9,22,13,0,318,"Buck Farmer",14814,571656
"Johnny Cueto","- - -",19,28,4.370192367803946,78,73,27,1,0,0,0,0,416,1753,425,218,202,63,116,4,16,4,3,314,"Johnny Cueto",6893,456501
"Chad Kuhl","- - -",13,27,5.521576197400349,113,56,14,1,1,2,5,5,355.1,1590,366,238,218,59,181,4,25,25,0,314,"Chad Kuhl",14975,641771
"Dallas Keuchel","- - -",27,29,5.026490182626889,90,84,29,0,0,0,0,0,453,2018,518,274,253,60,172,4,18,16,0,309,"Dallas Keuchel",9434,572971
"Tyler Rogers","- - -",26,23,2.7594342229416626,420,0,0,0,0,19,154,22,424,1736,389,146,130,28,77,4,26,3,1,306,"Tyler Rogers",15541,643511
"José Soriano","LAA",17,21,3.8888889346757223,91,51,24,0,0,0,16,1,324,1377,282,161,140,24,146,3,21,17,1,305,"Jose Soriano",22100,667755
"J.A. Happ","- - -",24,18,5.082645055399498,70,69,18,0,0,0,0,0,363,1545,374,207,205,72,112,1,9,7,0,304,"J.A. Happ",7410,457918
"Taylor Clarke","- - -",16,16,4.73306776505024,234,22,3,0,0,8,34,10,334.2,1421,332,193,176,61,106,5,11,16,0,304,"Taylor Clarke",17611,664199
"Génesis Cabrera","- - -",17,15,4.240838678843886,312,2,0,0,0,6,70,11,318.1,1382,282,171,150,46,154,13,21,20,4,303,"Genesis Cabrera",17490,650893
"Graham Ashcraft","CIN",25,25,4.759322464703799,122,60,27,0,0,0,23,6,393.1,1722,424,226,208,47,134,1,24,21,1,303,"Graham Ashcraft",27552,668933
"Corey Kluber","- - -",20,22,4.799404138987607,70,64,22,1,1,1,0,0,335.2,1458,365,192,179,49,91,0,22,7,0,302,"Corey Kluber",2429,446372
"Jon Lester","- - -",23,19,4.668449197860962,71,71,25,0,0,0,0,0,374,1656,428,220,194,62,124,5,11,5,0,298,"Jon Lester",4930,452657
"Jesse Chavez","- - -",13,13,3.789474076511498,242,15,2,0,0,2,36,13,304,1290,296,149,128,42,96,2,11,6,2,297,"Jesse Chavez",5448,445926
"Dustin May","- - -",19,20,3.861111236125521,71,57,20,0,0,0,4,1,324,1356,276,152,139,40,113,3,25,4,0,297,"Dustin May",19716,669160
"Daniel Lynch IV","KCR",19,25,4.561983926514001,124,56,10,0,0,2,7,0,363,1597,380,195,184,53,139,3,20,13,4,295,"Daniel Lynch IV",21537,663738
"Hoby Milner","- - -",13,9,3.925111253492907,316,1,0,0,0,1,52,8,302.2,1260,288,148,132,34,73,5,17,2,0,291,"Hoby Milner",13346,571948
"Ryan Feltner","COL",9,26,5.193327106897227,68,67,20,0,0,0,0,0,339.2,1489,354,213,196,45,132,0,15,8,2,291,"Ryan Feltner",21446,663372
"Shota Imanaga","CHC",24,11,3.283019025455644,54,54,31,0,0,0,0,0,318,1261,266,128,116,58,54,0,4,4,0,291,"Shota Imanaga",33829,684007
"Joey Wentz","- - -",11,24,5.571899583699449,117,39,5,0,0,1,2,1,303.2,1373,330,203,188,46,136,4,6,12,4,290,"Joey Wentz",19962,666214
"Tyler Wells","BAL",18,19,3.983140319642361,99,50,16,0,0,5,1,3,316.1,1266,248,144,140,57,79,0,7,4,3,289,"Tyler Wells",20000,669330
"Daniel Norris","- - -",10,21,4.884573056973998,150,33,4,0,0,1,9,3,300.1,1287,289,176,163,50,116,1,14,12,1,288,"Daniel Norris",13475,596057
"Wandy Peralta","- - -",23,15,3.4581291055621044,364,2,0,0,0,13,51,13,338.1,1430,288,148,130,40,138,8,19,10,7,283,"Wandy Peralta",14295,593974
"James Kaprielian","OAK",15,20,4.613207616344302,66,58,18,0,0,0,0,1,318,1376,296,171,163,46,133,1,15,6,0,282,"James Kaprielian",18331,621076
"Michael Pineda","- - -",24,20,4.080121759102944,64,63,22,0,0,0,0,0,328.2,1369,338,158,149,53,64,2,8,9,0,279,"Michael Pineda",5372,501381
"Luis Ortiz","- - -",16,22,4.0458717012273,75,50,15,0,0,1,1,2,327,1407,296,159,147,42,142,3,12,5,1,279,"Luis Ortiz",27646,682847
"Dylan Floro","- - -",26,22,3.6114656482103378,327,0,0,0,0,32,46,17,314,1316,305,145,126,19,92,15,6,6,0,277,"Dylan Floro",13394,571670
"Joey Lucchesi","- - -",15,18,4.069307116807865,93,51,15,0,0,0,6,0,303,1281,278,143,137,36,106,1,9,13,2,274,"Joey Lucchesi",19320,664192
"Matthew Liberatore","STL",16,24,4.6347310417991325,120,53,14,0,0,0,9,2,334,1442,347,188,172,40,111,4,12,18,0,272,"Matthew Liberatore",22294,669461
"Javier Assad","CHC",18,12,3.4259820211754257,78,54,13,0,0,0,2,1,331,1406,304,131,126,40,136,1,12,10,1,271,"Javier Assad",21741,665871
"Kolby Allard","- - -",12,25,5.170213110656801,106,43,9,0,0,1,4,0,329,1420,346,198,189,57,102,4,9,7,0,266,"Kolby Allard",18694,663465
"Jaime Barria","LAA",12,23,4.752000371612578,108,36,5,0,0,0,7,5,333.1,1425,343,195,176,66,104,7,10,8,1,253,"Jaime Barria",18356,642545
"Mitchell Parker","WSN",16,26,5.017951526620728,62,59,22,0,0,1,0,0,315.2,1371,332,198,176,43,101,0,6,10,0,236,"Mitchell Parker",27636,680730
"Tim Hill","- - -",23,14,3.7449087363157254,382,0,0,0,0,2,66,9,343.2,1456,338,175,143,34,105,14,24,4,1,234,"Tim Hill",16814,657612
"Brett Anderson","- - -",21,22,4.034483048094009,65,65,24,0,0,0,0,0,319,1354,333,156,143,37,87,2,10,4,2,180,"Brett Anderson",8223,474463